[Header],,,,,,,,,,,
IEMFileVersion,5,,,,,,,,,,
Date,8/30/2021,,,,,,,,,,
Workflow,GenerateFASTQ,,,,,,,,,,
Application,NovaSeqFASTQOnly,,,,,,,,,,
Instrument Type,NovaSeq,,,,,,,,,,
Assay,TruSeq DNA PCR-Free,,,,,,,,,,
Index Adapters,IDT-ILMN TruSeq DNA UD Indexes (24 Indexes),,,,,,,,,,
Chemistry,Amplicon,,,,,,,,,,
,,,,,,,,,,,
[Reads],,,,,,,,,,,
151,,,,,,,,,,,
151,,,,,,,,,,,
[Settings],,,,,,,,,,,
Adapter,AGATCGGAAGAGCACACGTCTGAACTCCAGTCA,,,,,,,,,,
AdapterRead2,AGATCGGAAGAGCGTCGTGTAGGGAAAGAGTGT,,,,,,,,,,
,,,,,,,,,,,
[Data],,,,,,,,,,,
Lane,Sample_ID,Sample_Name,Sample_Plate,Sample_Well,Index_Plate_Well,I7_Index_ID,index,I5_Index_ID,index2,Sample_Project,Description
1,186-BL,186-BL,,,,UMI-9mer-1,TCCGGACCGNNNNNNNN,,,NovaSeq10-DGerber,NovaSeq10
1,186-6W,186-6W,,,,UMI-9mer-3,AGGTAGCTTNNNNNNNN,,,NovaSeq10-DGerber,NovaSeq10
1,186-3M,186-3M,,,,UMI-9mer-4,CGGACCAAGNNNNNNNN,,,NovaSeq10-DGerber,NovaSeq10
1,186-9M,186-9M,,,,UMI-9mer-6,TAGGATGAANNNNNNNN,,,NovaSeq10-DGerber,NovaSeq10
1,230-BL,230-BL,,,,UMI-9mer-7,GTTCCATCGNNNNNNNN,,,NovaSeq10-DGerber,NovaSeq10
1,230-6W,230-6W,,,,UMI-9mer-8,CACGTTATANNNNNNNN,,,NovaSeq10-DGerber,NovaSeq10
1,192-BL,192-BL,,,,UMI-9mer-9,CTTGGCAACNNNNNNNN,,,NovaSeq10-DGerber,NovaSeq10
1,192-6W,192-6W,,,,UMI-9mer-10,ACGTTAGCCNNNNNNNN,,,NovaSeq10-DGerber,NovaSeq10
1,358-BL,358-BL,,,,UMI-9mer-11,GCATTTAAGNNNNNNNN,,,NovaSeq10-DGerber,NovaSeq10
1,358-2W,358-2W,,,,UMI-9mer-12,CCTTACTATNNNNNNNN,,,NovaSeq10-DGerber,NovaSeq10
1,284-BL,284-BL,,,,UMI-9mer-13,TGGCCTCTGNNNNNNNN,,,NovaSeq10-DGerber,NovaSeq10
1,284-3W,284-3W,,,,UMI-9mer-14,CCTACGGCGNNNNNNNN,,,NovaSeq10-DGerber,NovaSeq10
1,223-BL,223-BL,,,,UMI-9mer-15,CAAGAGTGCNNNNNNNN,,,NovaSeq10-DGerber,NovaSeq10
1,223-2W,223-2W,,,,UMI-9mer-16,CGTGTTAAANNNNNNNN,,,NovaSeq10-DGerber,NovaSeq10
1,223-TOX,223-TOX,,,,UMI-9mer-17,GCACGCTTGNNNNNNNN,,,NovaSeq10-DGerber,NovaSeq10
1,323-BL,323-BL,,,,UMI-9mer-18,TAGCCCACGNNNNNNNN,,,NovaSeq10-DGerber,NovaSeq10
1,323-8W,323-8W,,,,UMI-9mer-20,TGGGCTTAANNNNNNNN,,,NovaSeq10-DGerber,NovaSeq10
1,323-3M,323-3M,,,,UMI-9mer-21,ACCGGCCGGNNNNNNNN,,,NovaSeq10-DGerber,NovaSeq10
1,386-BL,386-BL,,,,UMI-9mer-22,TGAGCGAGCNNNNNNNN,,,NovaSeq10-DGerber,NovaSeq10
1,386-6W,386-6W,,,,UMI-9mer-24,AATGCGATTNNNNNNNN,,,NovaSeq10-DGerber,NovaSeq10
1,254-BL,254-BL,,,,UMI-9mer-25,GTTATTTCTNNNNNNNN,,,NovaSeq10-DGerber,NovaSeq10
1,254-3W,254-3W,,,,UMI-9mer-26,AAACCTATANNNNNNNN,,,NovaSeq10-DGerber,NovaSeq10
1,254-6W,254-6W,,,,UMI-9mer-27,GTAAGAACGNNNNNNNN,,,NovaSeq10-DGerber,NovaSeq10
1,254-TOX-27W,254-TOX-27W,,,,UMI-9mer-28,TTTATCTATNNNNNNNN,,,NovaSeq10-DGerber,NovaSeq10
1,254-6M,254-6M,,,,UMI-9mer-29,TGATAGTCCNNNNNNNN,,,NovaSeq10-DGerber,NovaSeq10
1,254-9M,254-9M,,,,UMI-9mer-30,TGCTCAGAANNNNNNNN,,,NovaSeq10-DGerber,NovaSeq10
1,155-BL,155-BL,,,,UMI-9mer-31,ATTCCCCAGNNNNNNNN,,,NovaSeq10-DGerber,NovaSeq10
1,155-2W,155-2W,,,,UMI-9mer-32,TGTCTTGGTNNNNNNNN,,,NovaSeq10-DGerber,NovaSeq10
1,155-6M,155-6M,,,,UMI-9mer-33,ATAAGCCAANNNNNNNN,,,NovaSeq10-DGerber,NovaSeq10
1,155-9M,155-9M,,,,UMI-9mer-34,TCGTGATGCNNNNNNNN,,,NovaSeq10-DGerber,NovaSeq10
1,155-12M,155-12M,,,,UMI-9mer-35,TATAAACGTNNNNNNNN,,,NovaSeq10-DGerber,NovaSeq10
1,302-BL,302-BL,,,,UMI-9mer-37,TCCAATCGTNNNNNNNN,,,NovaSeq10-DGerber,NovaSeq10
1,302-6W,302-6W,,,,UMI-9mer-38,ACTCAATCANNNNNNNN,,,NovaSeq10-DGerber,NovaSeq10
1,317-BL,317-BL,,,,UMI-9mer-39,CTGCTACATNNNNNNNN,,,NovaSeq10-DGerber,NovaSeq10
1,317-2W,317-2W,,,,UMI-9mer-40,CTTTTGTGGNNNNNNNN,,,NovaSeq10-DGerber,NovaSeq10
1,305-BL,305-BL,,,,UMI-9mer-41,TCTATAGAANNNNNNNN,,,NovaSeq10-DGerber,NovaSeq10
1,305-6W,305-6W,,,,UMI-9mer-43,AGTTGTTCTNNNNNNNN,,,NovaSeq10-DGerber,NovaSeq10
1,360-BL,360-BL,,,,UMI-9mer-44,GTAGTACTTNNNNNNNN,,,NovaSeq10-DGerber,NovaSeq10
1,360-6W,360-6W,,,,UMI-9mer-45,CGTGCAGATNNNNNNNN,,,NovaSeq10-DGerber,NovaSeq10
1,346-BL,346-BL,,,,UMI-9mer-46,CTCCAGCATNNNNNNNN,,,NovaSeq10-DGerber,NovaSeq10
1,346-6W,346-6W,,,,UMI-9mer-49,CTCCCCATGNNNNNNNN,,,NovaSeq10-DGerber,NovaSeq10
1,313-BL,313-BL,,,,UMI-9mer-50,GATCTGGATNNNNNNNN,,,NovaSeq10-DGerber,NovaSeq10
1,313-3W,313-3W,,,,UMI-9mer-51,TAGGCGGCCNNNNNNNN,,,NovaSeq10-DGerber,NovaSeq10
1,191-BL,191-BL,,,,UMI-9mer-52,GTAATCGGANNNNNNNN,,,NovaSeq10-DGerber,NovaSeq10
1,191-4W-TOX,191-4W-TOX,,,,UMI-9mer-53,TGACTAAATNNNNNNNN,,,NovaSeq10-DGerber,NovaSeq10
1,290-BL,290-BL,,,,UMI-9mer-54,CTGAACTAGNNNNNNNN,,,NovaSeq10-DGerber,NovaSeq10
1,290-6W,290-6W,,,,UMI-9mer-55,TTCGGGGCTNNNNNNNN,,,NovaSeq10-DGerber,NovaSeq10
1,290-3M,290-3M,,,,UMI-9mer-56,CCCTCCTTCNNNNNNNN,,,NovaSeq10-DGerber,NovaSeq10
1,193-8W,193-8W,,,,UMI-9mer-57,CCGGATTATNNNNNNNN,,,NovaSeq10-DGerber,NovaSeq10
1,193-BL,193-BL,,,,UMI-9mer-58,CCCAGGTCANNNNNNNN,,,NovaSeq10-DGerber,NovaSeq10
1,237-BL,237-BL,,,,UMI-9mer-59,TGAACTATCNNNNNNNN,,,NovaSeq10-DGerber,NovaSeq10
1,237-6W,237-6W,,,,UMI-9mer-60,ATGATGTCGNNNNNNNN,,,NovaSeq10-DGerber,NovaSeq10
1,304-BL,304-BL,,,,UMI-9mer-61,GTGCTTGTGNNNNNNNN,,,NovaSeq10-DGerber,NovaSeq10
1,304-8W,304-8W,,,,UMI-9mer-63,CCACGGCGANNNNNNNN,,,NovaSeq10-DGerber,NovaSeq10
1,304-3M,304-3M,,,,UMI-9mer-64,ATAGGGTCGNNNNNNNN,,,NovaSeq10-DGerber,NovaSeq10
1,304-6M,304-6M,,,,UMI-9mer-65,GCTCCGTATNNNNNNNN,,,NovaSeq10-DGerber,NovaSeq10
1,60-BL,60-BL,,,,UMI-9mer-66,TCGCTTTGCNNNNNNNN,,,NovaSeq10-DGerber,NovaSeq10
1,60-2W,60-2W,,,,UMI-9mer-67,GCCGAAACGNNNNNNNN,,,NovaSeq10-DGerber,NovaSeq10
1,90-BL,90-BL,,,,UMI-9mer-68,CTTTTCGAGNNNNNNNN,,,NovaSeq10-DGerber,NovaSeq10
1,90-3W,90-3W,,,,UMI-9mer-69,GATGACCAGNNNNNNNN,,,NovaSeq10-DGerber,NovaSeq10
1,0230-BL-old,0230-BL-old,,,,UMI-9mer-x1,GGCTTAAGANNNNNNNN,,,NovaSeq10-DGerber,NovaSeq10
1,0237-BL-old,0237-BL-old,,,,UMI-9mer-x2,CGGCGTGAANNNNNNNN,,,NovaSeq10-DGerber,NovaSeq10
1,0284-BL-old,0284-BL-old,,,,UMI-9mer-x3,AGCCTCATANNNNNNNN,,,NovaSeq10-DGerber,NovaSeq10
1,0290-BL-old,0290-BL-old,,,,UMI-9mer-x4,GATTCTGCANNNNNNNN,,,NovaSeq10-DGerber,NovaSeq10
2,DTG-OmniC-88,DTG-OmniC-88,,,,,ATTCCAG,,,Castoe_Perry_08122021,
2,DTG-OmniC-100,DTG-OmniC-100,,,,,TAAGTAA,,,Castoe_Perry_08122021,
3,P08232021,P08232021,,,,,,,,Nie_P08232021,
4,NOV4_11173,NOV4_11173,,,,,,,,Schmid_NOV4_11173,
