[Header],,,,,,,,,,
IEMFileVersion,5,,,,,,,,,
Date,7/16/2021,,,,,,,,,
Workflow,GenerateFASTQ,,,,,,,,,
Application,NovaSeq FASTQ Only,,,,,,,,,
Instrument Type,NovaSeq,,,,,,,,,
Assay,Illumina DNA Prep,,,,,,,,,
Index Adapters,Nextera DNA CD Indexes (24 Indexes tubed),,,,,,,,,
Chemistry,Amplicon,,,,,,,,,
,,,,,,,,,,
[Reads],,,,,,,,,,
151,,,,,,,,,,
151,,,,,,,,,,
,,,,,,,,,,
[Settings],,,,,,,,,,
Adapter,CTGTCTCTTATACACATCT,,,,,,,,,
,,,,,,,,,,
[Data],,,,,,,,,,
Lane,Sample_ID,Sample_Name,Sample_Plate,Sample_Well,I7_Index_ID,index,I5_Index_ID,index2,Sample_Project,Description
1,P0624211_MUSI,P0624211_MUSI,,,,,,,P0624211_MUSI,
2,P070720211_MUSI,P070720211_MUSI,,,,,,,P070720211_MUSI,
3,P0708211_Vargas,P0708211_Vargas,,,,,,,P0708211_Vargas,
4,Khan_Run5,Khan_Run5,,,,,,,Khan_Run5_07162021,
