"Counts_List","sample_id_ori","Estimated Number of Cells","Mean Reads per Cell","Median Genes per Cell","Number of Reads","Valid Barcodes","Sequencing Saturation","Q30 Bases in Barcode","Q30 Bases in RNA Read","Q30 Bases in Sample Index","Q30 Bases in UMI","Reads Mapped to Genome","Reads Mapped Confidently to Genome","Reads Mapped Confidently to Intergenic Regions","Reads Mapped Confidently to Intronic Regions","Reads Mapped Confidently to Exonic Regions","Reads Mapped Confidently to Transcriptome","Reads Mapped Antisense to Gene","Fraction Reads in Cells","Total Genes Detected","Median UMI Counts per Cell","Date","Project","sample_id","Done","Agg","Status","molecule_h5","root","Disk","CountsFolder","Final_Folder","FileNameAggr","FileNameMetrics","Metrics"
1,"P16-ND",7034,5245,929,36898072,98.2,7.8,95,84.7,93.9,93.9,95.4,93.6,2.9,19.2,71.5,69.9,0.6,93.2,17232,2788,NA,"ALCAT_Mouse","P16_ND","Sean",NA,NA,"/media/jianie/Seagate_SequencingFiles_1/20190613_NextSeq_fastq_Counts/P16-ND/outs/molecule_info.h5","/media/jianie/","Seagate_SequencingFiles_1","20190613_NextSeq_fastq_Counts","/outs/","molecule_info.h5","metrics_summary.csv","/media/jianie/Seagate_SequencingFiles_1/20190613_NextSeq_fastq_Counts/P16-ND/outs/metrics_summary.csv"
2,"Buttons_Marmoset",8792,3133,300,27547862,97.8,3.2,93.5,82.9,90.4,92.2,92.8,84.6,33.9,18.5,32.2,25.6,0.8,91.9,14834,475,NA,"Marmoset","Buttons","Sean",NA,NA,"/media/jianie/Seagate_SequencingFiles_1/20190717_NextSeq_fastq_Counts/Buttons_Marmoset/outs/molecule_info.h5","/media/jianie/","Seagate_SequencingFiles_1","20190717_NextSeq_fastq_Counts","/outs/","molecule_info.h5","metrics_summary.csv","/media/jianie/Seagate_SequencingFiles_1/20190717_NextSeq_fastq_Counts/Buttons_Marmoset/outs/metrics_summary.csv"
3,"76632_V5",8083,22637,3049,182971487,97.1,26.8,94.7,92.3,NA,94,94.9,87.9,8.3,60.4,19.2,68.7,8.9,80.7,27922,7788,20211117,"SGLT2","76632_V5","Jia","no",NA,"/media/jianie/SequencingFiles_3/20211105_L3_L4_Counts/76632_V5/outs/molecule_info.h5","/media/jianie/","SequencingFiles_3","20211105_L3_L4_Counts","/outs/","molecule_info.h5","metrics_summary.csv","/media/jianie/SequencingFiles_3/20211105_L3_L4_Counts/76632_V5/outs/metrics_summary.csv"
4,"STARR_049",8068,27918,2748,225241675,97.5,39.3,94.5,93.3,NA,93.8,96.5,89.7,7.9,61.7,20.2,73.2,6.5,77.7,27314,6466,20211117,"STARR","STARR_049","Jia","no",NA,"/media/jianie/SequencingFiles_3/20211105_L3_L4_Counts/STARR_049/outs/molecule_info.h5","/media/jianie/","SequencingFiles_3","20211105_L3_L4_Counts","/outs/","molecule_info.h5","metrics_summary.csv","/media/jianie/SequencingFiles_3/20211105_L3_L4_Counts/STARR_049/outs/metrics_summary.csv"
5,"76632_V11",5695,35331,1836,201208589,97.8,46.3,94.8,92.7,NA,94.3,94.7,87.2,8.6,57.8,20.7,68.2,8.4,69.3,27178,3147,20211117,"SGLT2","76632_V11","Jia","no",NA,"/media/jianie/SequencingFiles_3/20211105_L3_L4_Counts/76632_V11/outs/molecule_info.h5","/media/jianie/","SequencingFiles_3","20211105_L3_L4_Counts","/outs/","molecule_info.h5","metrics_summary.csv","/media/jianie/SequencingFiles_3/20211105_L3_L4_Counts/76632_V11/outs/metrics_summary.csv"
8,"76643_V5",1950,13096,1234,25537895,97.9,17.7,94.8,91.2,NA,94.3,92.4,84.5,8.5,56.8,19.3,66.5,7.6,70,23478,1858,20211117,"SGLT2","76643_V5","Jia","no",NA,"/media/jianie/SequencingFiles_3/20211105_L3_L4_Counts/76643_V5/outs/molecule_info.h5","/media/jianie/","SequencingFiles_3","20211105_L3_L4_Counts","/outs/","molecule_info.h5","metrics_summary.csv","/media/jianie/SequencingFiles_3/20211105_L3_L4_Counts/76643_V5/outs/metrics_summary.csv"
9,"76647_V5",12284,52159,3086,640719935,97.1,36.9,94.5,90.1,NA,93.9,84.5,75.2,8.2,51.2,15.8,56,9.4,66.4,29363,7499,20211117,"SGLT2","76647_V5","Jia","no",NA,"/media/jianie/SequencingFiles_3/20211105_L3_L4_Counts/76647_V5/outs/molecule_info.h5","/media/jianie/","SequencingFiles_3","20211105_L3_L4_Counts","/outs/","molecule_info.h5","metrics_summary.csv","/media/jianie/SequencingFiles_3/20211105_L3_L4_Counts/76647_V5/outs/metrics_summary.csv"
10,"STARR_051",9335,36848,2688,343972393,97.6,42.3,94.4,93,NA,93.6,94.5,88.4,8.1,59.7,20.6,68.5,9.8,65.3,27862,6055,20211117,"STARR","STARR_051","Jia","no",NA,"/media/jianie/SequencingFiles_3/20211105_L3_L4_Counts/STARR_051/outs/molecule_info.h5","/media/jianie/","SequencingFiles_3","20211105_L3_L4_Counts","/outs/","molecule_info.h5","metrics_summary.csv","/media/jianie/SequencingFiles_3/20211105_L3_L4_Counts/STARR_051/outs/metrics_summary.csv"
11,"76649_V5",17856,54384,2072,971077397,96.7,66.5,94.7,92.6,NA,94,95.6,90.4,7.4,60.8,22.2,53.7,27.9,83,29916,3844,20211117,"SGLT2","76649_V5","Jia","no",NA,"/media/jianie/SequencingFiles_3/20211105_L3_L4_Counts/76649_V5/outs/molecule_info.h5","/media/jianie/","SequencingFiles_3","20211105_L3_L4_Counts","/outs/","molecule_info.h5","metrics_summary.csv","/media/jianie/SequencingFiles_3/20211105_L3_L4_Counts/76649_V5/outs/metrics_summary.csv"
12,"76638_V5_Muscle",15564,31676,1305,492998128,96.7,65.5,95.3,91.8,NA,94.7,88.7,68.3,5.1,43.4,19.8,57.5,4.2,55.5,26332,2310,20211117,"SGLT2","76638_V5_Muscle","Jia","no",NA,"/media/jianie/SequencingFiles_3/20211105_L3_L4_Counts/76638_V5_Muscle/outs/molecule_info.h5","/media/jianie/","SequencingFiles_3","20211105_L3_L4_Counts","/outs/","molecule_info.h5","metrics_summary.csv","/media/jianie/SequencingFiles_3/20211105_L3_L4_Counts/76638_V5_Muscle/outs/metrics_summary.csv"
13,"76638_V5",7807,48808,2724,381040696,97.6,53,95.8,93.3,NA,95.2,96.2,90.1,8.1,60.5,21.5,68.3,11.7,88.3,28446,6554,20211117,"SGLT2","76638_V5","Jia","no",NA,"/media/jianie/SequencingFiles_3/20211105_L3_L4_Counts/76638_V5/outs/molecule_info.h5","/media/jianie/","SequencingFiles_3","20211105_L3_L4_Counts","/outs/","molecule_info.h5","metrics_summary.csv","/media/jianie/SequencingFiles_3/20211105_L3_L4_Counts/76638_V5/outs/metrics_summary.csv"
14,"76656_V5",7892,88054,1951,694920731,97.8,72.8,95.8,93.8,NA,95.1,96.5,87.4,8.1,56.6,22.7,65.5,12,46.2,27757,3454,20211117,"SGLT2","76656_V5","Jia",NA,NA,"/media/jianie/SequencingFiles_3/20211105_L3_L4_Counts/76656_V5/outs/molecule_info.h5","/media/jianie/","SequencingFiles_3","20211105_L3_L4_Counts","/outs/","molecule_info.h5","metrics_summary.csv","/media/jianie/SequencingFiles_3/20211105_L3_L4_Counts/76656_V5/outs/metrics_summary.csv"
15,"ND_Young",3157,9613,1290,30349134,97.7,7.5,93.2,81.4,92.2,91.9,90.5,87.4,3.3,13.3,70.9,69.4,0.6,85.4,16894,4208,NA,"Aging_Mouse","ND_Young","Sean",NA,NA,"/media/jianie/Seagate_SequencingFiles_1/20190717_NextSeq_fastq_Counts/ND_Young/outs/molecule_info.h5","/media/jianie/","Seagate_SequencingFiles_1","20190717_NextSeq_fastq_Counts","/outs/","molecule_info.h5","metrics_summary.csv","/media/jianie/Seagate_SequencingFiles_1/20190717_NextSeq_fastq_Counts/ND_Young/outs/metrics_summary.csv"
16,"76658_V5",18608,35774,2151,665689450,97.5,54.2,95.8,94,NA,95.1,95.7,90.9,9,52.5,29.4,56.9,23.6,83.3,29571,4352,20211117,"SGLT2","76658_V5","Jia",NA,NA,"/media/jianie/SequencingFiles_3/20211105_L3_L4_Counts/76658_V5/outs/molecule_info.h5","/media/jianie/","SequencingFiles_3","20211105_L3_L4_Counts","/outs/","molecule_info.h5","metrics_summary.csv","/media/jianie/SequencingFiles_3/20211105_L3_L4_Counts/76658_V5/outs/metrics_summary.csv"
17,"76638_V11",22333,27312,2006,609968498,97.6,56,95.7,94,NA,95.1,95.7,90.9,8,52.2,30.6,59.1,22.3,75.9,29520,3722,20211117,"SGLT2","76638_V11","Jia",NA,NA,"/media/jianie/SequencingFiles_3/20211105_L3_L4_Counts/76638_V11/outs/molecule_info.h5","/media/jianie/","SequencingFiles_3","20211105_L3_L4_Counts","/outs/","molecule_info.h5","metrics_summary.csv","/media/jianie/SequencingFiles_3/20211105_L3_L4_Counts/76638_V11/outs/metrics_summary.csv"
18,"STARR_051_combine",10180,65165,3150,663376635,97.6,56.9,94.8,93.5,NA,94,94.6,88.6,8.1,59.7,20.7,68.7,9.8,66.6,28487,7778,20211117,"STARR","STARR_051","Jia","yes",NA,"/media/jianie/SequencingFiles_3/20211105_L3_L4_Counts/STARR_051_combine/outs/molecule_info.h5","/media/jianie/","SequencingFiles_3","20211105_L3_L4_Counts","/outs/","molecule_info.h5","metrics_summary.csv","/media/jianie/SequencingFiles_3/20211105_L3_L4_Counts/STARR_051_combine/outs/metrics_summary.csv"
19,"STARR_049_combine",8403,65190,3410,547787375,97.4,59.8,94.7,93.4,NA,94.2,96.3,89.6,7.9,61.6,20.2,73.1,6.5,78.1,28206,9443,20211117,"STARR","STARR_049","Jia","yes",NA,"/media/jianie/SequencingFiles_3/20211105_L3_L4_Counts/STARR_049_combine/outs/molecule_info.h5","/media/jianie/","SequencingFiles_3","20211105_L3_L4_Counts","/outs/","molecule_info.h5","metrics_summary.csv","/media/jianie/SequencingFiles_3/20211105_L3_L4_Counts/STARR_049_combine/outs/metrics_summary.csv"
20,"76632_V11_combine",6671,84128,2131,561219836,97.8,68.9,95.2,93.2,NA,94.6,94.8,87.3,8.6,57.9,20.8,68.4,8.3,70.3,28154,3880,20211117,"SGLT2","76632_V11","Jia","Yes",NA,"/media/jianie/SequencingFiles_3/20211105_L3_L4_Counts/76632_V11_combine/outs/molecule_info.h5","/media/jianie/","SequencingFiles_3","20211105_L3_L4_Counts","/outs/","molecule_info.h5","metrics_summary.csv","/media/jianie/SequencingFiles_3/20211105_L3_L4_Counts/76632_V11_combine/outs/metrics_summary.csv"
21,"76632_V5_combine",8385,71572,4306,600134782,97,52.6,94.9,92.4,NA,94.4,94.6,87.7,8.3,60.2,19.2,68.5,8.9,81.2,29116,15172,20211117,"SGLT2","76632_V5","Jia","Yes",NA,"/media/jianie/SequencingFiles_3/20211105_L3_L4_Counts/76632_V5_combine/outs/molecule_info.h5","/media/jianie/","SequencingFiles_3","20211105_L3_L4_Counts","/outs/","molecule_info.h5","metrics_summary.csv","/media/jianie/SequencingFiles_3/20211105_L3_L4_Counts/76632_V5_combine/outs/metrics_summary.csv"
22,"76638_V5_combine",8661,81616,3013,706875717,97.6,65.6,95.6,93.2,NA,95,96,90,8.1,60.3,21.5,68.2,11.7,88.6,28992,7875,20211117,"SGLT2","76638_V5","Jia","Yes",NA,"/media/jianie/SequencingFiles_3/20211105_L3_L4_Counts/76638_V5_combine/outs/molecule_info.h5","/media/jianie/","SequencingFiles_3","20211105_L3_L4_Counts","/outs/","molecule_info.h5","metrics_summary.csv","/media/jianie/SequencingFiles_3/20211105_L3_L4_Counts/76638_V5_combine/outs/metrics_summary.csv"
23,"76638_V5_Muscle_combine",17819,46525,1478,829021637,96.8,73.4,95.2,91.8,NA,94.5,88,68.1,5.2,43.1,19.9,57.3,4.2,58,27001,2675,20211117,"SGLT2","76638_V5_Muscle","Jia","no",NA,"/media/jianie/SequencingFiles_3/20211105_L3_L4_Counts/76638_V5_Muscle_combine/outs/molecule_info.h5","/media/jianie/","SequencingFiles_3","20211105_L3_L4_Counts","/outs/","molecule_info.h5","metrics_summary.csv","/media/jianie/SequencingFiles_3/20211105_L3_L4_Counts/76638_V5_Muscle_combine/outs/metrics_summary.csv"
24,"76643_V5_combine",3970,95753,1888,380140590,97.9,71.6,95.3,91.4,NA,94.7,92.5,84.8,8.5,56.9,19.5,66.8,7.6,74,27459,3098,20211117,"SGLT2","76643_V5","Jia","Yes",NA,"/media/jianie/SequencingFiles_3/20211105_L3_L4_Counts/76643_V5_combine/outs/molecule_info.h5","/media/jianie/","SequencingFiles_3","20211105_L3_L4_Counts","/outs/","molecule_info.h5","metrics_summary.csv","/media/jianie/SequencingFiles_3/20211105_L3_L4_Counts/76643_V5_combine/outs/metrics_summary.csv"
26,"76647_V5_combine",14671,76420,3137,1121158581,97.1,49.6,94.9,90.6,NA,94.2,85,75.7,8.2,51.5,15.9,56.4,9.5,67.8,29865,7462,20211117,"SGLT2","76647_V5","Jia","Yes",NA,"/media/jianie/SequencingFiles_3/20211105_L3_L4_Counts/76647_V5_combine/outs/molecule_info.h5","/media/jianie/","SequencingFiles_3","20211105_L3_L4_Counts","/outs/","molecule_info.h5","metrics_summary.csv","/media/jianie/SequencingFiles_3/20211105_L3_L4_Counts/76647_V5_combine/outs/metrics_summary.csv"
27,"ND_Old",5237,6347,830,33242211,97.7,6.3,93.4,82.5,91.7,92.1,88.6,86,4.6,22.2,59.2,57.4,0.9,73.8,16755,2029,NA,"Aging_Mouse","ND_Old","Sean",NA,NA,"/media/jianie/Seagate_SequencingFiles_1/20190717_NextSeq_fastq_Counts/ND_Old/outs/molecule_info.h5","/media/jianie/","Seagate_SequencingFiles_1","20190717_NextSeq_fastq_Counts","/outs/","molecule_info.h5","metrics_summary.csv","/media/jianie/Seagate_SequencingFiles_1/20190717_NextSeq_fastq_Counts/ND_Old/outs/metrics_summary.csv"
28,"76649_V5_combine",19785,74181,2016,1467668630,96.7,74.3,95.1,92.9,NA,94.3,95.7,90.5,7.4,60.8,22.3,53.8,27.9,83.4,30135,3644,20211117,"SGLT2","76649_V5","Jia","Yes",NA,"/media/jianie/SequencingFiles_3/20211105_L3_L4_Counts/76649_V5_combine/outs/molecule_info.h5","/media/jianie/","SequencingFiles_3","20211105_L3_L4_Counts","/outs/","molecule_info.h5","metrics_summary.csv","/media/jianie/SequencingFiles_3/20211105_L3_L4_Counts/76649_V5_combine/outs/metrics_summary.csv"
29,"HFD_Young",6243,4668,662,29144480,97.6,6.8,93.4,79.7,91.9,92,87.5,84.4,5.2,19.2,60,58.3,0.8,76.4,17017,1559,NA,"Aging_Mouse","HFD_Young","Sean",NA,NA,"/media/jianie/Seagate_SequencingFiles_1/20190717_NextSeq_fastq_Counts/HFD_Young/outs/molecule_info.h5","/media/jianie/","Seagate_SequencingFiles_1","20190717_NextSeq_fastq_Counts","/outs/","molecule_info.h5","metrics_summary.csv","/media/jianie/Seagate_SequencingFiles_1/20190717_NextSeq_fastq_Counts/HFD_Young/outs/metrics_summary.csv"
30,"HFD_Old",4007,7849,1071,31454205,97.7,9,93.5,82.9,90.7,92.2,86.9,83.7,5.5,20.1,58.1,56.5,0.7,74.7,16834,2523,NA,"Aging_Mouse","HFD_Old","Sean",NA,NA,"/media/jianie/Seagate_SequencingFiles_1/20190717_NextSeq_fastq_Counts/HFD_Old/outs/molecule_info.h5","/media/jianie/","Seagate_SequencingFiles_1","20190717_NextSeq_fastq_Counts","/outs/","molecule_info.h5","metrics_summary.csv","/media/jianie/Seagate_SequencingFiles_1/20190717_NextSeq_fastq_Counts/HFD_Old/outs/metrics_summary.csv"
32,"NG_P16_ND",8843,70358,3434,622182632,98.1,58.4,95.2,92.8,94.2,95.1,95.4,93.8,3.2,19,71.6,69.6,0.6,95.3,19797,17385,NA,"ALCAT_Mouse","P16_ND","Sean",NA,NA,"/media/jianie/Seagate_SequencingFiles_1/20190816_NovaSeq_fastq_Counts/NG_P16_ND/outs/molecule_info.h5","/media/jianie/","Seagate_SequencingFiles_1","20190816_NovaSeq_fastq_Counts","/outs/","molecule_info.h5","metrics_summary.csv","/media/jianie/Seagate_SequencingFiles_1/20190816_NovaSeq_fastq_Counts/NG_P16_ND/outs/metrics_summary.csv"
33,"NG_P16_HFD",7695,68208,3597,524865392,98.1,55.2,95.3,92.9,89.7,95.1,95.4,93.7,3.8,20.3,69.7,67.7,0.5,91.9,19932,16377,NA,"ALCAT_Mouse","P16_HFD","Sean",NA,NA,"/media/jianie/Seagate_SequencingFiles_1/20190816_NovaSeq_fastq_Counts/NG_P16_HFD/outs/molecule_info.h5","/media/jianie/","Seagate_SequencingFiles_1","20190816_NovaSeq_fastq_Counts","/outs/","molecule_info.h5","metrics_summary.csv","/media/jianie/Seagate_SequencingFiles_1/20190816_NovaSeq_fastq_Counts/NG_P16_HFD/outs/metrics_summary.csv"
34,"NG_KO_ND",7102,76498,3819,543290237,98,56.9,95.3,92.9,92.1,95.1,95.7,94.1,3.3,19.1,71.7,69.7,0.6,94.8,19995,19021,NA,"ALCAT_Mouse","KO_ND","Sean",NA,NA,"/media/jianie/Seagate_SequencingFiles_1/20190816_NovaSeq_fastq_Counts/NG_KO_ND/outs/molecule_info.h5","/media/jianie/","Seagate_SequencingFiles_1","20190816_NovaSeq_fastq_Counts","/outs/","molecule_info.h5","metrics_summary.csv","/media/jianie/Seagate_SequencingFiles_1/20190816_NovaSeq_fastq_Counts/NG_KO_ND/outs/metrics_summary.csv"
35,"NG_KO_HFD",9756,72479,3778,707112448,98,53.8,95.3,92.7,93.4,95.1,95.3,93.6,2.9,15.4,75.2,73.2,0.6,95.4,20403,19895,NA,"ALCAT_Mouse","KO_HFD","Sean",NA,NA,"/media/jianie/Seagate_SequencingFiles_1/20190816_NovaSeq_fastq_Counts/NG_KO_HFD/outs/molecule_info.h5","/media/jianie/","Seagate_SequencingFiles_1","20190816_NovaSeq_fastq_Counts","/outs/","molecule_info.h5","metrics_summary.csv","/media/jianie/Seagate_SequencingFiles_1/20190816_NovaSeq_fastq_Counts/NG_KO_HFD/outs/metrics_summary.csv"
36,"NG_Rapa_Mar",4824,85504,2066,412472163,97.4,53.2,95.3,93.1,94.2,95.1,93.7,89.6,32.6,21.3,35.7,27.3,0.6,94.2,17748,8894,NA,"Marmoset","Rapa","Sean",NA,NA,"/media/jianie/Seagate_SequencingFiles_1/20190816_NovaSeq_fastq_Counts/NG_Rapa_Mar/outs/molecule_info.h5","/media/jianie/","Seagate_SequencingFiles_1","20190816_NovaSeq_fastq_Counts","/outs/","molecule_info.h5","metrics_summary.csv","/media/jianie/Seagate_SequencingFiles_1/20190816_NovaSeq_fastq_Counts/NG_Rapa_Mar/outs/metrics_summary.csv"
37,"P16-HFD",5622,6728,1114,37827317,98.1,7.8,94.9,84.8,92.9,93.8,94.5,92.7,3.4,20.2,69,67.4,0.6,89.6,17446,3339,NA,"ALCAT_Mouse","P16_HFD","Sean",NA,NA,"/media/jianie/Seagate_SequencingFiles_1/20190613_NextSeq_fastq_Counts/P16-HFD/outs/molecule_info.h5","/media/jianie/","Seagate_SequencingFiles_1","20190613_NextSeq_fastq_Counts","/outs/","molecule_info.h5","metrics_summary.csv","/media/jianie/Seagate_SequencingFiles_1/20190613_NextSeq_fastq_Counts/P16-HFD/outs/metrics_summary.csv"
38,"NG_STARR_015",7576,167660,3333,1270199026,97.6,79.5,96.7,92.3,96.4,96.4,90.3,82.9,9.5,0,73.3,65.4,4.5,71.2,26288,8667,NA,"STARR","STARR_015","Sean","no",NA,"/media/jianie/Seagate_SequencingFiles_1/20190912_NovaSeq_fastq_Counts/NG_STARR_015/outs/molecule_info.h5","/media/jianie/","Seagate_SequencingFiles_1","20190912_NovaSeq_fastq_Counts","/outs/","molecule_info.h5","metrics_summary.csv","/media/jianie/Seagate_SequencingFiles_1/20190912_NovaSeq_fastq_Counts/NG_STARR_015/outs/metrics_summary.csv"
39,"Forced_STARR_016",10000,58920,1395,589206059,97.5,76.1,96.8,93,94.7,96.6,95.6,92.5,9.5,0,83,75,4.4,86.9,25098,2326,NA,"STARR","STARR_016","Sean","no",NA,"/media/jianie/Seagate_SequencingFiles_1/20190912_NovaSeq_fastq_Counts/Forced_STARR_016/outs/molecule_info.h5","/media/jianie/","Seagate_SequencingFiles_1","20190912_NovaSeq_fastq_Counts","/outs/","molecule_info.h5","metrics_summary.csv","/media/jianie/Seagate_SequencingFiles_1/20190912_NovaSeq_fastq_Counts/Forced_STARR_016/outs/metrics_summary.csv"
40,"NG_STARR_016",5659,104118,3510,589206059,97.5,76.1,96.8,93,94.7,96.6,95.6,92.5,9.5,0,83,75,4.4,84.2,24972,11632,NA,"STARR","STARR_016","Sean","no",NA,"/media/jianie/Seagate_SequencingFiles_1/20190912_NovaSeq_fastq_Counts/NG_STARR_016/outs/molecule_info.h5","/media/jianie/","Seagate_SequencingFiles_1","20190912_NovaSeq_fastq_Counts","/outs/","molecule_info.h5","metrics_summary.csv","/media/jianie/Seagate_SequencingFiles_1/20190912_NovaSeq_fastq_Counts/NG_STARR_016/outs/metrics_summary.csv"
41,"NG_Buttons",10162,127712,2068,1297815258,98,57.9,96.7,93.4,96.1,96.5,92.5,87.7,38.7,18.5,30.5,21.3,0.7,95.3,18039,7090,NA,"Marmoset","Buttons","Sean",NA,NA,"/media/jianie/Seagate_SequencingFiles_1/20190912_NovaSeq_fastq_Counts/NG_Buttons/outs/molecule_info.h5","/media/jianie/","Seagate_SequencingFiles_1","20190912_NovaSeq_fastq_Counts","/outs/","molecule_info.h5","metrics_summary.csv","/media/jianie/Seagate_SequencingFiles_1/20190912_NovaSeq_fastq_Counts/NG_Buttons/outs/metrics_summary.csv"
42,"All_STARR_015",9310,66632,2148,620350549,97.5,73.6,96.6,92.7,94.6,96.3,94.6,91.3,9.4,0,81.9,74,4.4,83.2,25628,4328,NA,"STARR","STARR_015","Sean","no",NA,"/media/jianie/Seagate_SequencingFiles_1/20190912_NovaSeq_fastq_Counts/All_STARR_015/outs/molecule_info.h5","/media/jianie/","Seagate_SequencingFiles_1","20190912_NovaSeq_fastq_Counts","/outs/","molecule_info.h5","metrics_summary.csv","/media/jianie/Seagate_SequencingFiles_1/20190912_NovaSeq_fastq_Counts/All_STARR_015/outs/metrics_summary.csv"
43,"ALL_Buttons",10170,130320,2096,1325363120,98,58.1,96.7,93.3,95.9,96.4,92.5,87.6,38.6,18.5,30.6,21.4,0.7,95.3,18331,7232,NA,"Marmoset","Buttons","Sean",NA,NA,"/media/jianie/Seagate_SequencingFiles_1/20190912_NovaSeq_fastq_Counts/ALL_Buttons/outs/molecule_info.h5","/media/jianie/","Seagate_SequencingFiles_1","20190912_NovaSeq_fastq_Counts","/outs/","molecule_info.h5","metrics_summary.csv","/media/jianie/Seagate_SequencingFiles_1/20190912_NovaSeq_fastq_Counts/ALL_Buttons/outs/metrics_summary.csv"
44,"STARR_015_combine",7795,166946,3452,1301343516,97.6,79,96.6,94.5,NA,96.3,94.5,83.7,8.5,57.6,17.7,68.2,5,70.4,28480,8873,NA,"STARR","STARR_015","Jia","no",NA,"/media/jianie/Seagate_SequencingFiles_1/20190912_NovaSeq_fastq_Counts/STARR_015_combine/outs/molecule_info.h5","/media/jianie/","Seagate_SequencingFiles_1","20190912_NovaSeq_fastq_Counts","/outs/","molecule_info.h5","metrics_summary.csv","/media/jianie/Seagate_SequencingFiles_1/20190912_NovaSeq_fastq_Counts/STARR_015_combine/outs/metrics_summary.csv"
45,"STARR_015_combine_force",10000,130134,2733,1301343516,97.6,79,96.6,94.5,NA,96.3,94.5,83.7,8.5,57.6,17.7,68.2,5,73,28529,5604,NA,"STARR","STARR_015","Jia","Yes",NA,"/media/jianie/Seagate_SequencingFiles_1/20190912_NovaSeq_fastq_Counts/STARR_015_combine_force/outs/molecule_info.h5","/media/jianie/","Seagate_SequencingFiles_1","20190912_NovaSeq_fastq_Counts","/outs/","molecule_info.h5","metrics_summary.csv","/media/jianie/Seagate_SequencingFiles_1/20190912_NovaSeq_fastq_Counts/STARR_015_combine_force/outs/metrics_summary.csv"
46,"STARR_015_Nova",7661,165801,3487,1270199026,97.6,78.7,96.7,94.7,NA,96.4,94.5,83.8,8.5,57.6,17.7,68.3,5,70.4,28437,9080,NA,"STARR","STARR_015","Jia","no",NA,"/media/jianie/Seagate_SequencingFiles_1/20190912_NovaSeq_fastq_Counts/STARR_015_Nova/outs/molecule_info.h5","/media/jianie/","Seagate_SequencingFiles_1","20190912_NovaSeq_fastq_Counts","/outs/","molecule_info.h5","metrics_summary.csv","/media/jianie/Seagate_SequencingFiles_1/20190912_NovaSeq_fastq_Counts/STARR_015_Nova/outs/metrics_summary.csv"
47,"KO-ND",5337,6521,1091,34802709,98.1,7.5,94.9,84.8,93.2,93.9,95.1,93.4,3.1,19.2,71.2,69.5,0.6,92.7,17373,3464,NA,"ALCAT_Mouse","KO_ND","Sean",NA,NA,"/media/jianie/Seagate_SequencingFiles_1/20190613_NextSeq_fastq_Counts/KO-ND/outs/molecule_info.h5","/media/jianie/","Seagate_SequencingFiles_1","20190613_NextSeq_fastq_Counts","/outs/","molecule_info.h5","metrics_summary.csv","/media/jianie/Seagate_SequencingFiles_1/20190613_NextSeq_fastq_Counts/KO-ND/outs/metrics_summary.csv"
48,"STARR_016",5678,103770,3560,589206059,97.5,76.2,96.8,94.7,NA,96.6,96.8,91.5,8.1,62.7,20.6,76.2,4.9,84.1,27114,11730,NA,"STARR","STARR_016","Jia","Yes",NA,"/media/jianie/Seagate_SequencingFiles_1/20190912_NovaSeq_fastq_Counts/STARR_016/outs/molecule_info.h5","/media/jianie/","Seagate_SequencingFiles_1","20190912_NovaSeq_fastq_Counts","/outs/","molecule_info.h5","metrics_summary.csv","/media/jianie/Seagate_SequencingFiles_1/20190912_NovaSeq_fastq_Counts/STARR_016/outs/metrics_summary.csv"
49,"Button",10205,127174,1981,1297815258,98,62.8,96.7,95.4,NA,96.5,95.9,87.6,32.6,16.6,38.4,33.8,0.3,95.2,18120,9440,NA,"Marmoset","Buttons","Jia",NA,NA,"/media/jianie/Seagate_SequencingFiles_1/20190912_NovaSeq_fastq_Counts/Button/outs/molecule_info.h5","/media/jianie/","Seagate_SequencingFiles_1","20190912_NovaSeq_fastq_Counts","/outs/","molecule_info.h5","metrics_summary.csv","/media/jianie/Seagate_SequencingFiles_1/20190912_NovaSeq_fastq_Counts/Button/outs/metrics_summary.csv"
50,"Button_combine",10219,129696,1995,1325363120,98,63.1,96.7,95.2,NA,96.4,95.9,87.6,32.6,16.6,38.4,33.7,0.3,95.2,18163,9536,NA,"Marmoset","Buttons","Jia",NA,NA,"/media/jianie/Seagate_SequencingFiles_1/20190912_NovaSeq_fastq_Counts/Button_combine/outs/molecule_info.h5","/media/jianie/","Seagate_SequencingFiles_1","20190912_NovaSeq_fastq_Counts","/outs/","molecule_info.h5","metrics_summary.csv","/media/jianie/Seagate_SequencingFiles_1/20190912_NovaSeq_fastq_Counts/Button_combine/outs/metrics_summary.csv"
51,"Button_combine_force",10000,132536,2017,1325363120,98,63.1,96.7,95.2,NA,96.4,95.9,87.6,32.6,16.6,38.4,33.7,0.3,95.6,18134,9690,NA,"Marmoset","Buttons","Jia",NA,NA,"/media/jianie/Seagate_SequencingFiles_1/20190912_NovaSeq_fastq_Counts/Button_combine_force/outs/molecule_info.h5","/media/jianie/","Seagate_SequencingFiles_1","20190912_NovaSeq_fastq_Counts","/outs/","molecule_info.h5","metrics_summary.csv","/media/jianie/Seagate_SequencingFiles_1/20190912_NovaSeq_fastq_Counts/Button_combine_force/outs/metrics_summary.csv"
52,"Nova_STARR026h",5344,11232,1176,60024527,96.9,24.3,95.7,90.4,94.2,95.7,91.1,83.6,9.3,0,74.3,67.4,3.6,49.6,21724,1871,NA,"STARR","STARR_026","Sean","no",NA,"/media/jianie/Seagate_SequencingFiles_1/20191121_NovaSeq_Counts/Nova_STARR026h/outs/molecule_info.h5","/media/jianie/","Seagate_SequencingFiles_1","20191121_NovaSeq_Counts","/outs/","molecule_info.h5","metrics_summary.csv","/media/jianie/Seagate_SequencingFiles_1/20191121_NovaSeq_Counts/Nova_STARR026h/outs/metrics_summary.csv"
53,"Nova_STARR024",8714,59921,2440,522154488,97.3,69.5,95.5,91.6,90,95.2,95.8,90.9,11.6,0,79.3,71.5,4.7,67.3,25482,5628,NA,"STARR","STARR_024","Sean","no",NA,"/media/jianie/Seagate_SequencingFiles_1/20191121_NovaSeq_Counts/Nova_STARR024/outs/molecule_info.h5","/media/jianie/","Seagate_SequencingFiles_1","20191121_NovaSeq_Counts","/outs/","molecule_info.h5","metrics_summary.csv","/media/jianie/Seagate_SequencingFiles_1/20191121_NovaSeq_Counts/Nova_STARR024/outs/metrics_summary.csv"
54,"Nova_STARR031",4342,99511,1157,432080145,97.3,77.8,95.4,90.7,93,95,92,78,8.8,0,69.2,62.9,3,42.5,23222,1727,NA,"STARR","STARR_031","Sean","no",NA,"/media/jianie/Seagate_SequencingFiles_1/20191121_NovaSeq_Counts/Nova_STARR031/outs/molecule_info.h5","/media/jianie/","Seagate_SequencingFiles_1","20191121_NovaSeq_Counts","/outs/","molecule_info.h5","metrics_summary.csv","/media/jianie/Seagate_SequencingFiles_1/20191121_NovaSeq_Counts/Nova_STARR031/outs/metrics_summary.csv"
55,"Nova_STARR028",2280,246221,1690,561385615,97.9,95.1,95.6,90.6,92.8,95.2,92.1,87.1,9.9,0,77.2,69.9,3.2,74.3,22352,3292,NA,"STARR","STARR_028","Sean","no",NA,"/media/jianie/Seagate_SequencingFiles_1/20191121_NovaSeq_Counts/Nova_STARR028/outs/molecule_info.h5","/media/jianie/","Seagate_SequencingFiles_1","20191121_NovaSeq_Counts","/outs/","molecule_info.h5","metrics_summary.csv","/media/jianie/Seagate_SequencingFiles_1/20191121_NovaSeq_Counts/Nova_STARR028/outs/metrics_summary.csv"
56,"Nova_STARR026",6444,88368,2007,569447003,97.4,83.5,95.5,91.2,91.1,95.2,95,91.4,9.8,0,81.6,74.4,3.7,66.5,23995,4049,NA,"STARR","STARR_026","Sean","no",NA,"/media/jianie/Seagate_SequencingFiles_1/20191121_NovaSeq_Counts/Nova_STARR026/outs/molecule_info.h5","/media/jianie/","Seagate_SequencingFiles_1","20191121_NovaSeq_Counts","/outs/","molecule_info.h5","metrics_summary.csv","/media/jianie/Seagate_SequencingFiles_1/20191121_NovaSeq_Counts/Nova_STARR026/outs/metrics_summary.csv"
57,"KO-HFD",7274,4972,889,36169803,98.1,5.7,95,84.9,93.5,93.9,95.2,93.4,2.6,15.5,75.3,73.6,0.7,93.4,17358,2840,NA,"ALCAT_Mouse","KO_HFD","Sean",NA,NA,"/media/jianie/Seagate_SequencingFiles_1/20190613_NextSeq_fastq_Counts/KO-HFD/outs/molecule_info.h5","/media/jianie/","Seagate_SequencingFiles_1","20190613_NextSeq_fastq_Counts","/outs/","molecule_info.h5","metrics_summary.csv","/media/jianie/Seagate_SequencingFiles_1/20190613_NextSeq_fastq_Counts/KO-HFD/outs/metrics_summary.csv"
58,"Nova_STARR032",3674,120982,1313,444489382,97.9,91.7,95.4,90.1,92,95.1,86.3,79.3,8.8,0,70.5,64.1,2.7,63.6,21466,2278,NA,"STARR","STARR_032","Sean","no",NA,"/media/jianie/Seagate_SequencingFiles_1/20191121_NovaSeq_Counts/Nova_STARR032/outs/molecule_info.h5","/media/jianie/","Seagate_SequencingFiles_1","20191121_NovaSeq_Counts","/outs/","molecule_info.h5","metrics_summary.csv","/media/jianie/Seagate_SequencingFiles_1/20191121_NovaSeq_Counts/Nova_STARR032/outs/metrics_summary.csv"
59,"STARR_026",6512,87446,2052,569447003,97.4,83.2,95.5,93,NA,95.2,96.7,90.8,8.5,63.8,18.4,75.7,4.2,66.6,26347,4136,NA,"STARR","STARR_026","Jia","Yes",NA,"/media/jianie/Seagate_SequencingFiles_1/20191121_NovaSeq_Counts/STARR_026/outs/molecule_info.h5","/media/jianie/","Seagate_SequencingFiles_1","20191121_NovaSeq_Counts","/outs/","molecule_info.h5","metrics_summary.csv","/media/jianie/Seagate_SequencingFiles_1/20191121_NovaSeq_Counts/STARR_026/outs/metrics_summary.csv"
60,"STARR_024",8624,60547,2488,522154488,97.3,69.3,95.5,93.3,NA,95.2,96.8,89.1,9.8,62.6,16.7,72,5.1,67.3,27517,5768,NA,"STARR","STARR_024","Jia","no",NA,"/media/jianie/Seagate_SequencingFiles_1/20191121_NovaSeq_Counts/STARR_024/outs/molecule_info.h5","/media/jianie/","Seagate_SequencingFiles_1","20191121_NovaSeq_Counts","/outs/","molecule_info.h5","metrics_summary.csv","/media/jianie/Seagate_SequencingFiles_1/20191121_NovaSeq_Counts/STARR_024/outs/metrics_summary.csv"
61,"STARR_031",4357,99169,1189,432080145,97.3,76.9,95.4,92.7,NA,95,94.6,77.6,7.4,50.9,19.3,64.6,3.7,42.2,25366,1757,NA,"STARR","STARR_031","Jia","no",NA,"/media/jianie/Seagate_SequencingFiles_1/20191121_NovaSeq_Counts/STARR_031/outs/molecule_info.h5","/media/jianie/","Seagate_SequencingFiles_1","20191121_NovaSeq_Counts","/outs/","molecule_info.h5","metrics_summary.csv","/media/jianie/Seagate_SequencingFiles_1/20191121_NovaSeq_Counts/STARR_031/outs/metrics_summary.csv"
62,"STARR_028",2288,245361,1876,561385615,97.9,94.5,95.6,92.7,NA,95.2,94.7,86.1,9,50.9,26.2,71.4,3.8,73.5,25014,3777,NA,"STARR","STARR_028","Jia","no",NA,"/media/jianie/Seagate_SequencingFiles_1/20191121_NovaSeq_Counts/STARR_028/outs/molecule_info.h5","/media/jianie/","Seagate_SequencingFiles_1","20191121_NovaSeq_Counts","/outs/","molecule_info.h5","metrics_summary.csv","/media/jianie/Seagate_SequencingFiles_1/20191121_NovaSeq_Counts/STARR_028/outs/metrics_summary.csv"
63,"STARR_032",4052,109696,1462,444489382,97.9,90.2,95.4,92.9,NA,95.1,90.8,80.5,7.7,56.3,16.4,67.1,3.5,64.8,24569,2560,NA,"STARR","STARR_032","Jia","no",NA,"/media/jianie/Seagate_SequencingFiles_1/20191121_NovaSeq_Counts/STARR_032/outs/molecule_info.h5","/media/jianie/","Seagate_SequencingFiles_1","20191121_NovaSeq_Counts","/outs/","molecule_info.h5","metrics_summary.csv","/media/jianie/Seagate_SequencingFiles_1/20191121_NovaSeq_Counts/STARR_032/outs/metrics_summary.csv"
64,"Rapa_Mar_combine",5377,128728,2201,692172951,97.4,69.2,95.5,93.6,NA,95.3,95.6,88.4,31.9,21.1,35.4,31.3,0.3,95.2,18191,8489,NA,"Marmoset","Rapa","Jia",NA,NA,"/media/jianie/Seagate_SequencingFiles_1/20191121_NovaSeq_Counts/Rapa_Mar_combine/outs/molecule_info.h5","/media/jianie/","Seagate_SequencingFiles_1","20191121_NovaSeq_Counts","/outs/","molecule_info.h5","metrics_summary.csv","/media/jianie/Seagate_SequencingFiles_1/20191121_NovaSeq_Counts/Rapa_Mar_combine/outs/metrics_summary.csv"
65,"Rapa_Mar",4928,53337,1667,262846271,97.4,49,95.7,93,NA,95.6,95.6,88.4,31.7,21,35.7,31.6,0.3,94.8,17600,5507,NA,"Marmoset","Rapa","Jia",NA,NA,"/media/jianie/Seagate_SequencingFiles_1/20191121_NovaSeq_Counts/Rapa_Mar/outs/molecule_info.h5","/media/jianie/","Seagate_SequencingFiles_1","20191121_NovaSeq_Counts","/outs/","molecule_info.h5","metrics_summary.csv","/media/jianie/Seagate_SequencingFiles_1/20191121_NovaSeq_Counts/Rapa_Mar/outs/metrics_summary.csv"
66,"Nova_NDYoung",21960,27201,212,597355485,97.8,62.1,95.6,90.3,93.6,95.5,90.9,88.6,4.1,14,70.5,67.9,0.5,93.8,19780,664,NA,"Aging_Mouse","ND_Young","Sean",NA,NA,"/media/jianie/Seagate_SequencingFiles_1/20191121_NovaSeq_Counts/Nova_NDYoung/outs/molecule_info.h5","/media/jianie/","Seagate_SequencingFiles_1","20191121_NovaSeq_Counts","/outs/","molecule_info.h5","metrics_summary.csv","/media/jianie/Seagate_SequencingFiles_1/20191121_NovaSeq_Counts/Nova_NDYoung/outs/metrics_summary.csv"
67,"Nova_NDOld",21254,35736,736,759539580,97.9,60.5,95.7,90.2,93.7,95.6,89.5,87.4,5.3,22.7,59.4,56.7,0.8,89,20427,1771,NA,"Aging_Mouse","ND_Old","Sean",NA,NA,"/media/jianie/Seagate_SequencingFiles_1/20191121_NovaSeq_Counts/Nova_NDOld/outs/molecule_info.h5","/media/jianie/","Seagate_SequencingFiles_1","20191121_NovaSeq_Counts","/outs/","molecule_info.h5","metrics_summary.csv","/media/jianie/Seagate_SequencingFiles_1/20191121_NovaSeq_Counts/Nova_NDOld/outs/metrics_summary.csv"
68,"Rapa_Marmoset",4245,3970,386,16854517,97.6,4.7,95.1,84.2,93,94.1,93.8,87.2,29.1,21.2,36.9,30.8,0.6,92.5,14773,897,NA,"Marmoset","Rapa","Sean",NA,NA,"/media/jianie/Seagate_SequencingFiles_1/20190613_NextSeq_fastq_Counts/Rapa_Marmoset/outs/molecule_info.h5","/media/jianie/","Seagate_SequencingFiles_1","20190613_NextSeq_fastq_Counts","/outs/","molecule_info.h5","metrics_summary.csv","/media/jianie/Seagate_SequencingFiles_1/20190613_NextSeq_fastq_Counts/Rapa_Marmoset/outs/metrics_summary.csv"
69,"Nova_HFDYoung",11218,36546,1746,409976535,97.8,51.6,95.6,90,93.9,95.5,88.7,86.4,5.9,20,60.5,57.5,0.8,82.5,19815,4898,NA,"Aging_Mouse","HFD_Young","Sean",NA,NA,"/media/jianie/Seagate_SequencingFiles_1/20191121_NovaSeq_Counts/Nova_HFDYoung/outs/molecule_info.h5","/media/jianie/","Seagate_SequencingFiles_1","20191121_NovaSeq_Counts","/outs/","molecule_info.h5","metrics_summary.csv","/media/jianie/Seagate_SequencingFiles_1/20191121_NovaSeq_Counts/Nova_HFDYoung/outs/metrics_summary.csv"
70,"Nova_HFDOld",5998,53067,2216,318300128,97.9,51.5,95.7,89.8,93.9,95.5,86.7,84.2,6.4,20.6,57.2,54.4,0.7,77.6,19223,6270,NA,"Aging_Mouse","HFD_Old","Sean",NA,NA,"/media/jianie/Seagate_SequencingFiles_1/20191121_NovaSeq_Counts/Nova_HFDOld/outs/molecule_info.h5","/media/jianie/","Seagate_SequencingFiles_1","20191121_NovaSeq_Counts","/outs/","molecule_info.h5","metrics_summary.csv","/media/jianie/Seagate_SequencingFiles_1/20191121_NovaSeq_Counts/Nova_HFDOld/outs/metrics_summary.csv"
71,"ND_Young_combine_force_5000",5000,125541,2107,627704619,97.8,63.5,95.5,92.1,NA,95.4,94.8,92,3.2,13.8,75,73.7,0.6,88.3,21319,9233,NA,"Aging_Mouse","ND_Young","Jia",NA,NA,"/media/jianie/Seagate_SequencingFiles_1/20191121_NovaSeq_Counts/ND_Young_combine_force_5000/outs/molecule_info.h5","/media/jianie/","Seagate_SequencingFiles_1","20191121_NovaSeq_Counts","/outs/","molecule_info.h5","metrics_summary.csv","/media/jianie/Seagate_SequencingFiles_1/20191121_NovaSeq_Counts/ND_Young_combine_force_5000/outs/metrics_summary.csv"
72,"ND_Young_combine_force",10000,62770,468,627704619,97.8,63.5,95.5,92.1,NA,95.4,94.8,92,3.2,13.8,75,73.7,0.6,90.4,21382,1526,NA,"Aging_Mouse","ND_Young","Jia",NA,NA,"/media/jianie/Seagate_SequencingFiles_1/20191121_NovaSeq_Counts/ND_Young_combine_force/outs/molecule_info.h5","/media/jianie/","Seagate_SequencingFiles_1","20191121_NovaSeq_Counts","/outs/","molecule_info.h5","metrics_summary.csv","/media/jianie/Seagate_SequencingFiles_1/20191121_NovaSeq_Counts/ND_Young_combine_force/outs/metrics_summary.csv"
73,"ND_Old_force",10000,75954,1805,759539580,97.9,60.8,95.7,92.9,NA,95.6,93.7,91.3,4.5,23.2,63.6,62,0.9,80.7,21971,5626,NA,"Aging_Mouse","ND_Old","Jia",NA,NA,"/media/jianie/Seagate_SequencingFiles_1/20191121_NovaSeq_Counts/ND_Old_force/outs/molecule_info.h5","/media/jianie/","Seagate_SequencingFiles_1","20191121_NovaSeq_Counts","/outs/","molecule_info.h5","metrics_summary.csv","/media/jianie/Seagate_SequencingFiles_1/20191121_NovaSeq_Counts/ND_Old_force/outs/metrics_summary.csv"
74,"ND_Old_combine_force",10000,79278,1838,792781791,97.9,61.5,95.6,92.4,NA,95.4,93.7,91.2,4.5,23.2,63.5,61.9,0.9,80.7,22037,5758,NA,"Aging_Mouse","ND_Old","Jia",NA,NA,"/media/jianie/Seagate_SequencingFiles_1/20191121_NovaSeq_Counts/ND_Old_combine_force/outs/molecule_info.h5","/media/jianie/","Seagate_SequencingFiles_1","20191121_NovaSeq_Counts","/outs/","molecule_info.h5","metrics_summary.csv","/media/jianie/Seagate_SequencingFiles_1/20191121_NovaSeq_Counts/ND_Old_combine_force/outs/metrics_summary.csv"
75,"ND_Old",21448,35413,806,759539580,97.9,60.8,95.7,92.9,NA,95.6,93.7,91.3,4.5,23.2,63.6,62,0.9,88.8,22213,1928,NA,"Aging_Mouse","ND_Old","Jia",NA,NA,"/media/jianie/Seagate_SequencingFiles_1/20191121_NovaSeq_Counts/ND_Old/outs/molecule_info.h5","/media/jianie/","Seagate_SequencingFiles_1","20191121_NovaSeq_Counts","/outs/","molecule_info.h5","metrics_summary.csv","/media/jianie/Seagate_SequencingFiles_1/20191121_NovaSeq_Counts/ND_Old/outs/metrics_summary.csv"
76,"HFD_Young_combine_force",10000,43912,2237,439121015,97.8,53.4,95.5,91.9,NA,95.2,93.2,90.2,5.3,20.5,64.5,62.9,0.9,81.8,21453,7128,NA,"Aging_Mouse","HFD_Young","Jia",NA,NA,"/media/jianie/Seagate_SequencingFiles_1/20191121_NovaSeq_Counts/HFD_Young_combine_force/outs/molecule_info.h5","/media/jianie/","Seagate_SequencingFiles_1","20191121_NovaSeq_Counts","/outs/","molecule_info.h5","metrics_summary.csv","/media/jianie/Seagate_SequencingFiles_1/20191121_NovaSeq_Counts/HFD_Young_combine_force/outs/metrics_summary.csv"
77,"HFD_Young_combine",11666,37641,1788,439121015,97.8,53.4,95.5,91.9,NA,95.2,93.2,90.2,5.3,20.5,64.5,62.9,0.9,82.6,21493,5046,NA,"Aging_Mouse","HFD_Young","Jia",NA,NA,"/media/jianie/Seagate_SequencingFiles_1/20191121_NovaSeq_Counts/HFD_Young_combine/outs/molecule_info.h5","/media/jianie/","Seagate_SequencingFiles_1","20191121_NovaSeq_Counts","/outs/","molecule_info.h5","metrics_summary.csv","/media/jianie/Seagate_SequencingFiles_1/20191121_NovaSeq_Counts/HFD_Young_combine/outs/metrics_summary.csv"
78,"HFD_Old_combine",6128,57075,2338,349754333,97.9,53.7,95.5,92.1,NA,95.2,92.3,89.2,5.6,21.3,62.3,60.9,0.7,77.6,20953,6884,NA,"Aging_Mouse","HFD_Old","Jia",NA,NA,"/media/jianie/Seagate_SequencingFiles_1/20191121_NovaSeq_Counts/HFD_Old_combine/outs/molecule_info.h5","/media/jianie/","Seagate_SequencingFiles_1","20191121_NovaSeq_Counts","/outs/","molecule_info.h5","metrics_summary.csv","/media/jianie/Seagate_SequencingFiles_1/20191121_NovaSeq_Counts/HFD_Old_combine/outs/metrics_summary.csv"
79,"Evie",5243,191421,2320,1003620500,97.9,70.3,95.4,93,NA,94.8,95.6,89.6,27,15.5,47.1,43.3,0.3,95,18399,10562,NA,"Marmoset","Evie","Sean",NA,NA,"/media/jianie/Seagate_SequencingFiles_1/20210114_UTA_NovaSeq_L3_Counts/Evie/outs/molecule_info.h5","/media/jianie/","Seagate_SequencingFiles_1","20210114_UTA_NovaSeq_L3_Counts","/outs/","molecule_info.h5","metrics_summary.csv","/media/jianie/Seagate_SequencingFiles_1/20210114_UTA_NovaSeq_L3_Counts/Evie/outs/metrics_summary.csv"
80,"Marmoset_Olaf",5698,170450,1981,971228873,98.2,71.4,95.4,92.2,NA,94.8,94.8,88.2,28.7,20.9,38.5,34.8,0.3,95.4,18746,6376,NA,"Marmoset","Marmoset_Olaf","Sean",NA,NA,"/media/jianie/Seagate_SequencingFiles_1/20210114_UTA_NovaSeq_L3_Counts/Marmoset_Olaf/outs/molecule_info.h5","/media/jianie/","Seagate_SequencingFiles_1","20210114_UTA_NovaSeq_L3_Counts","/outs/","molecule_info.h5","metrics_summary.csv","/media/jianie/Seagate_SequencingFiles_1/20210114_UTA_NovaSeq_L3_Counts/Marmoset_Olaf/outs/metrics_summary.csv"
81,"Norton",17925,54120,1390,970117188,97.7,40,95.3,93.1,NA,94.8,94.8,87.5,30.4,22.7,34.4,30.3,0.3,94.3,18972,4179,NA,"Marmoset","Norton","Sean",NA,NA,"/media/jianie/Seagate_SequencingFiles_1/20210114_UTA_NovaSeq_L3_Counts/Norton/outs/molecule_info.h5","/media/jianie/","Seagate_SequencingFiles_1","20210114_UTA_NovaSeq_L3_Counts","/outs/","molecule_info.h5","metrics_summary.csv","/media/jianie/Seagate_SequencingFiles_1/20210114_UTA_NovaSeq_L3_Counts/Norton/outs/metrics_summary.csv"
82,"76615_V5",9174,91267,2531,837283164,97.6,80.7,95.5,93.1,NA,95,97.1,91.5,8,60.2,23.3,69.6,12,78.7,28243,6020,NA,"SGLT2","76615_V5","Jia","Yes",NA,"/media/jianie/Seagate_SequencingFiles_2/20210126_UTA_NovaSeq_L3_Counts/76615_V5/outs/molecule_info.h5","/media/jianie/","Seagate_SequencingFiles_2","20210126_UTA_NovaSeq_L3_Counts","/outs/","molecule_info.h5","metrics_summary.csv","/media/jianie/Seagate_SequencingFiles_2/20210126_UTA_NovaSeq_L3_Counts/76615_V5/outs/metrics_summary.csv"
83,"STARR_039",2694,266876,1280,718965036,97.9,93.1,95.6,92.5,NA,94.9,89.3,78.7,7.2,48.9,22.6,64.7,4.8,54.8,24939,1996,NA,"STARR","STARR_039","Jia","no",NA,"/media/jianie/Seagate_SequencingFiles_2/20210126_UTA_NovaSeq_L3_Counts/STARR_039/outs/molecule_info.h5","/media/jianie/","Seagate_SequencingFiles_2","20210126_UTA_NovaSeq_L3_Counts","/outs/","molecule_info.h5","metrics_summary.csv","/media/jianie/Seagate_SequencingFiles_2/20210126_UTA_NovaSeq_L3_Counts/STARR_039/outs/metrics_summary.csv"
84,"STARR_041",11064,57724,2827,638662180,98,66.4,95.6,93.8,NA,95.1,94.6,82.5,7.3,54.1,21,68.3,4.9,77.1,28553,6356,NA,"STARR","STARR_041","Jia","no",NA,"/media/jianie/Seagate_SequencingFiles_2/20210126_UTA_NovaSeq_L3_Counts/STARR_041/outs/molecule_info.h5","/media/jianie/","Seagate_SequencingFiles_2","20210126_UTA_NovaSeq_L3_Counts","/outs/","molecule_info.h5","metrics_summary.csv","/media/jianie/Seagate_SequencingFiles_2/20210126_UTA_NovaSeq_L3_Counts/STARR_041/outs/metrics_summary.csv"
85,"STARR_043",9886,84295,2207,833343742,97.3,82.5,95.6,93.8,NA,95,92.3,81,7.9,55.8,17.3,67.5,3.6,79.4,27972,4432,NA,"STARR","STARR_043","Jia","Yes",NA,"/media/jianie/Seagate_SequencingFiles_2/20210126_UTA_NovaSeq_L3_Counts/STARR_043/outs/molecule_info.h5","/media/jianie/","Seagate_SequencingFiles_2","20210126_UTA_NovaSeq_L3_Counts","/outs/","molecule_info.h5","metrics_summary.csv","/media/jianie/Seagate_SequencingFiles_2/20210126_UTA_NovaSeq_L3_Counts/STARR_043/outs/metrics_summary.csv"
86,"Amei-R1",6862,71908,3463,493429890,96.7,62,94,91.8,NA,93.6,91.1,87.7,6.7,58.4,22.6,57.9,22.7,66.7,26468,7090,NA,"Masternak","Amei-R1","Jia",NA,NA,"/media/jianie/Seagate_SequencingFiles_2/20210716_L1_count_dual/Amei-R1/outs/molecule_info.h5","/media/jianie/","Seagate_SequencingFiles_2","20210716_L1_count_dual","/outs/","molecule_info.h5","metrics_summary.csv","/media/jianie/Seagate_SequencingFiles_2/20210716_L1_count_dual/Amei-R1/outs/metrics_summary.csv"
87,"Amei-R2",9351,70022,2786,654776202,96.8,66.2,94.3,92.4,NA,93.8,90.4,87,7.1,54.9,25,67,12.6,67,26675,6502,NA,"Masternak","Amei-R2","Jia",NA,NA,"/media/jianie/Seagate_SequencingFiles_2/20210716_L1_count_dual/Amei-R2/outs/molecule_info.h5","/media/jianie/","Seagate_SequencingFiles_2","20210716_L1_count_dual","/outs/","molecule_info.h5","metrics_summary.csv","/media/jianie/Seagate_SequencingFiles_2/20210716_L1_count_dual/Amei-R2/outs/metrics_summary.csv"
88,"Con-R1",6792,82906,2218,563100027,96.6,71.8,93.9,91.5,NA,93.5,88.6,84.3,8.9,52.1,23.3,68.6,6.4,56.9,25849,4556,NA,"Masternak","Con-R1","Jia",NA,NA,"/media/jianie/Seagate_SequencingFiles_2/20210716_L1_count_dual/Con-R1/outs/molecule_info.h5","/media/jianie/","Seagate_SequencingFiles_2","20210716_L1_count_dual","/outs/","molecule_info.h5","metrics_summary.csv","/media/jianie/Seagate_SequencingFiles_2/20210716_L1_count_dual/Con-R1/outs/metrics_summary.csv"
89,"Con-R2",6326,73440,1832,464580195,97,72,94.1,92,NA,93.7,90.5,87.2,7.2,53.8,26.2,70.7,8.9,38.1,25110,2748,NA,"Masternak","Con-R2","Jia",NA,NA,"/media/jianie/Seagate_SequencingFiles_2/20210716_L1_count_dual/Con-R2/outs/molecule_info.h5","/media/jianie/","Seagate_SequencingFiles_2","20210716_L1_count_dual","/outs/","molecule_info.h5","metrics_summary.csv","/media/jianie/Seagate_SequencingFiles_2/20210716_L1_count_dual/Con-R2/outs/metrics_summary.csv"
92,"76632_V5",8410,71360,4330,600134782,97,52,94.9,92.4,NA,94.4,94.5,87.7,8.3,60.2,19.2,68.6,8.9,81.5,29146,15376,NA,"SGLT2","76632_V5","Jia","no",NA,"/media/jianie/Seagate_SequencingFiles_2/20210716_L2_counts_single/76632_V5/outs/molecule_info.h5","/media/jianie/","Seagate_SequencingFiles_2","20210716_L2_counts_single","/outs/","molecule_info.h5","metrics_summary.csv","/media/jianie/Seagate_SequencingFiles_2/20210716_L2_counts_single/76632_V5/outs/metrics_summary.csv"
95,"Norton",17737,49734,1342,882130321,97.5,37.2,94.6,94,NA,94.1,94.8,87.5,30.3,22.7,34.5,30.4,0.3,94.5,18879,4017,NA,"Marmoset","Norton","Jia",NA,NA,"/media/jianie/Seagate_SequencingFiles_2/20210716_L2_counts_single/Norton/outs/molecule_info.h5","/media/jianie/","Seagate_SequencingFiles_2","20210716_L2_counts_single","/outs/","molecule_info.h5","metrics_summary.csv","/media/jianie/Seagate_SequencingFiles_2/20210716_L2_counts_single/Norton/outs/metrics_summary.csv"
96,"Norton_combine",19191,96516,1682,1852247509,97.6,54.5,95,93.5,NA,94.4,94.8,87.5,30.4,22.7,34.5,30.4,0.3,94.9,19428,5362,NA,"Marmoset","Norton","Jia",NA,NA,"/media/jianie/Seagate_SequencingFiles_2/20210716_L2_counts_single/Norton_combine/outs/molecule_info.h5","/media/jianie/","Seagate_SequencingFiles_2","20210716_L2_counts_single","/outs/","molecule_info.h5","metrics_summary.csv","/media/jianie/Seagate_SequencingFiles_2/20210716_L2_counts_single/Norton_combine/outs/metrics_summary.csv"
97,"Norton_combine_force",10000,185225,2833,1852247509,97.6,54.5,95,93.5,NA,94.4,94.8,87.5,30.4,22.7,34.5,30.4,0.3,86.7,19202,14028,NA,"Marmoset","Norton","Jia",NA,NA,"/media/jianie/Seagate_SequencingFiles_2/20210716_L2_counts_single/Norton_combine_force/outs/molecule_info.h5","/media/jianie/","Seagate_SequencingFiles_2","20210716_L2_counts_single","/outs/","molecule_info.h5","metrics_summary.csv","/media/jianie/Seagate_SequencingFiles_2/20210716_L2_counts_single/Norton_combine_force/outs/metrics_summary.csv"
98,"STARR_024",8554,60817,2572,520229840,97.2,67,94.5,93.9,NA,94.1,96.5,88.6,9.8,62.3,16.6,71.5,5.1,67,27732,6115,NA,"STARR","STARR_024","Jia","no",NA,"/media/jianie/Seagate_SequencingFiles_2/20210716_L2_counts_single/STARR_024/outs/molecule_info.h5","/media/jianie/","Seagate_SequencingFiles_2","20210716_L2_counts_single","/outs/","molecule_info.h5","metrics_summary.csv","/media/jianie/Seagate_SequencingFiles_2/20210716_L2_counts_single/STARR_024/outs/metrics_summary.csv"
99,"STARR_024_combine",8877,117425,2767,1042384328,97.3,80.7,95,93.6,NA,94.6,96.7,88.9,9.8,62.4,16.6,71.8,5.1,67.5,28119,6768,NA,"STARR","STARR_024","Jia","Yes",NA,"/media/jianie/Seagate_SequencingFiles_2/20210716_L2_counts_single/STARR_024_combine/outs/molecule_info.h5","/media/jianie/","Seagate_SequencingFiles_2","20210716_L2_counts_single","/outs/","molecule_info.h5","metrics_summary.csv","/media/jianie/Seagate_SequencingFiles_2/20210716_L2_counts_single/STARR_024_combine/outs/metrics_summary.csv"
100,"STARR_041",8566,31433,2590,269257932,97.8,45.3,94.7,93.1,NA,94.3,93.9,81.8,7.3,53.7,20.8,67.6,4.9,75.4,27799,5840,NA,"STARR","STARR_041","Jia","no",NA,"/media/jianie/Seagate_SequencingFiles_2/20210716_L2_counts_single/STARR_041/outs/molecule_info.h5","/media/jianie/","Seagate_SequencingFiles_2","20210716_L2_counts_single","/outs/","molecule_info.h5","metrics_summary.csv","/media/jianie/Seagate_SequencingFiles_2/20210716_L2_counts_single/STARR_041/outs/metrics_summary.csv"
101,"STARR_041_combine",12710,71434,2701,907920112,98,72.9,95.3,93.6,NA,94.8,94.4,82.3,7.3,54,21,68.1,4.9,77.8,28832,5548,NA,"STARR","STARR_041","Jia","Yes",NA,"/media/jianie/Seagate_SequencingFiles_2/20210716_L2_counts_single/STARR_041_combine/outs/molecule_info.h5","/media/jianie/","Seagate_SequencingFiles_2","20210716_L2_counts_single","/outs/","molecule_info.h5","metrics_summary.csv","/media/jianie/Seagate_SequencingFiles_2/20210716_L2_counts_single/STARR_041_combine/outs/metrics_summary.csv"
102,"STARR_041_combine_force",10000,90792,3224,907920112,98,72.9,95.3,93.6,NA,94.8,94.4,82.3,7.3,54,21,68.1,4.9,77.6,28775,8116,NA,"STARR","STARR_041","Jia","no",NA,"/media/jianie/Seagate_SequencingFiles_2/20210716_L2_counts_single/STARR_041_combine_force/outs/molecule_info.h5","/media/jianie/","Seagate_SequencingFiles_2","20210716_L2_counts_single","/outs/","molecule_info.h5","metrics_summary.csv","/media/jianie/Seagate_SequencingFiles_2/20210716_L2_counts_single/STARR_041_combine_force/outs/metrics_summary.csv"
103,"STARR_15_premrna",4506,6911,1082,31144490,97.3,7.4,93.1,83.2,92,91.8,75.9,69.2,7.7,0,61.5,55.5,3.8,65.9,22910,1628,NA,"STARR","STARR_015","Sean","no",NA,"/media/jianie/Seagate_SequencingFiles_1/20190717_NextSeq_fastq_Counts/STARR_15_premrna/outs/molecule_info.h5","/media/jianie/","Seagate_SequencingFiles_1","20190717_NextSeq_fastq_Counts","/outs/","molecule_info.h5","metrics_summary.csv","/media/jianie/Seagate_SequencingFiles_1/20190717_NextSeq_fastq_Counts/STARR_15_premrna/outs/metrics_summary.csv"
104,"STARR_049",8464,64720,3402,547787375,97.4,59.2,94.7,93.4,NA,94.2,96.3,89.7,7.9,61.6,20.2,73.2,6.5,78.4,28242,9468,NA,"STARR","STARR_049","Jia","no",NA,"/media/jianie/Seagate_SequencingFiles_2/20210716_L2_counts_single/STARR_049/outs/molecule_info.h5","/media/jianie/","Seagate_SequencingFiles_2","20210716_L2_counts_single","/outs/","molecule_info.h5","metrics_summary.csv","/media/jianie/Seagate_SequencingFiles_2/20210716_L2_counts_single/STARR_049/outs/metrics_summary.csv"
105,"76632_V11",6367,56543,1997,360011247,97.8,58.5,95.4,93.4,NA,94.6,94.7,87.5,8.7,58,20.8,68.5,8.3,71,27892,3575,NA,"SGLT2","76632_V11","Jia","no",NA,"/media/jianie/Seagate_SequencingFiles_2/20210830_L3_counts_dual/76632_V11/outs/molecule_info.h5","/media/jianie/","Seagate_SequencingFiles_2","20210830_L3_counts_dual","/outs/","molecule_info.h5","metrics_summary.csv","/media/jianie/Seagate_SequencingFiles_2/20210830_L3_counts_dual/76632_V11/outs/metrics_summary.csv"
106,"76638_V5",7769,41940,2664,325835021,97.5,46.6,95.4,93.1,NA,94.5,95.7,89.8,8.1,60.2,21.5,68.2,11.6,88.4,28402,6338,NA,"SGLT2","76638_V5","Jia","no",NA,"/media/jianie/Seagate_SequencingFiles_2/20210830_L3_counts_dual/76638_V5/outs/molecule_info.h5","/media/jianie/","Seagate_SequencingFiles_2","20210830_L3_counts_dual","/outs/","molecule_info.h5","metrics_summary.csv","/media/jianie/Seagate_SequencingFiles_2/20210830_L3_counts_dual/76638_V5/outs/metrics_summary.csv"
107,"76638_V5_Muscle",14491,23188,1227,336023509,96.8,55.6,95,91.8,NA,94,86.7,67.7,5.1,42.7,19.9,57,4.1,54,25901,2145,NA,"SGLT2","76638_V5_Muscle","Jia","no",NA,"/media/jianie/Seagate_SequencingFiles_2/20210830_L3_counts_dual/76638_V5_Muscle/outs/molecule_info.h5","/media/jianie/","Seagate_SequencingFiles_2","20210830_L3_counts_dual","/outs/","molecule_info.h5","metrics_summary.csv","/media/jianie/Seagate_SequencingFiles_2/20210830_L3_counts_dual/76638_V5_Muscle/outs/metrics_summary.csv"
108,"76638_V5_Muscle_force",10000,33602,1484,336023509,96.8,55.6,95,91.8,NA,94,86.7,67.7,5.1,42.7,19.9,57,4.1,46.8,25507,2822,NA,"SGLT2","76638_V5_Muscle","Jia","no",NA,"/media/jianie/Seagate_SequencingFiles_2/20210830_L3_counts_dual/76638_V5_Muscle_force/outs/molecule_info.h5","/media/jianie/","Seagate_SequencingFiles_2","20210830_L3_counts_dual","/outs/","molecule_info.h5","metrics_summary.csv","/media/jianie/Seagate_SequencingFiles_2/20210830_L3_counts_dual/76638_V5_Muscle_force/outs/metrics_summary.csv"
109,"76643_V5",3870,91629,1890,354602695,97.9,69.3,95.3,91.3,NA,94.6,92.4,84.9,8.5,57,19.5,66.9,7.6,74.9,27584,3160,NA,"SGLT2","76643_V5","Jia","no",NA,"/media/jianie/Seagate_SequencingFiles_2/20210830_L3_counts_dual/76643_V5/outs/molecule_info.h5","/media/jianie/","Seagate_SequencingFiles_2","20210830_L3_counts_dual","/outs/","molecule_info.h5","metrics_summary.csv","/media/jianie/Seagate_SequencingFiles_2/20210830_L3_counts_dual/76643_V5/outs/metrics_summary.csv"
110,"76647_V5",11600,41417,2918,480438646,97.1,30.7,95.4,91.1,NA,94.5,84.9,76.1,8.1,51.9,16.1,56.9,9.5,66.5,29092,6946,NA,"SGLT2","76647_V5","Jia","no",NA,"/media/jianie/Seagate_SequencingFiles_2/20210830_L3_counts_dual/76647_V5/outs/molecule_info.h5","/media/jianie/","Seagate_SequencingFiles_2","20210830_L3_counts_dual","/outs/","molecule_info.h5","metrics_summary.csv","/media/jianie/Seagate_SequencingFiles_2/20210830_L3_counts_dual/76647_V5/outs/metrics_summary.csv"
111,"76649_V5",14332,34649,2139,496591233,96.8,50.1,95.7,93.5,NA,94.8,95.9,90.8,7.4,61,22.3,53.9,28,82.1,29429,4192,NA,"SGLT2","76649_V5","Jia","no",NA,"/media/jianie/Seagate_SequencingFiles_2/20210830_L3_counts_dual/76649_V5/outs/molecule_info.h5","/media/jianie/","Seagate_SequencingFiles_2","20210830_L3_counts_dual","/outs/","molecule_info.h5","metrics_summary.csv","/media/jianie/Seagate_SequencingFiles_2/20210830_L3_counts_dual/76649_V5/outs/metrics_summary.csv"
112,"STARR_051",9287,34393,2645,319404242,97.6,40,95.3,93.9,NA,94.3,94.7,88.8,8.1,59.9,20.8,68.9,9.8,65.7,27771,5931,NA,"STARR","STARR_051","Jia","no",NA,"/media/jianie/Seagate_SequencingFiles_2/20210830_L3_counts_dual/STARR_051/outs/molecule_info.h5","/media/jianie/","Seagate_SequencingFiles_2","20210830_L3_counts_dual","/outs/","molecule_info.h5","metrics_summary.csv","/media/jianie/Seagate_SequencingFiles_2/20210830_L3_counts_dual/STARR_051/outs/metrics_summary.csv"
113,"STARR_028_force2000",2000,280693,2074,561385615,97.9,94.5,95.6,92.7,NA,95.2,94.7,86.1,9,50.9,26.2,71.4,3.8,72.8,24945,4306,20211103,"STARR","STARR_028","Sean","Yes",NA,"/media/jianie/Seagate_SequencingFiles_1/20191121_NovaSeq_Counts/STARR_028_force2000/outs/molecule_info.h5","/media/jianie/","Seagate_SequencingFiles_1","20191121_NovaSeq_Counts","/outs/","molecule_info.h5","metrics_summary.csv","/media/jianie/Seagate_SequencingFiles_1/20191121_NovaSeq_Counts/STARR_028_force2000/outs/metrics_summary.csv"
114,"STARR_015_Next",4756,6548,1178,31144490,97.3,7.9,93.1,83.2,NA,91.8,92.3,82,8.5,56.3,17.2,66.6,4.9,65.4,24126,1809,NA,"STARR","STARR_015","Jia","no",NA,"/media/jianie/Seagate_SequencingFiles_1/20190717_NextSeq_fastq_Counts/STARR_015_Next/outs/molecule_info.h5","/media/jianie/","Seagate_SequencingFiles_1","20190717_NextSeq_fastq_Counts","/outs/","molecule_info.h5","metrics_summary.csv","/media/jianie/Seagate_SequencingFiles_1/20190717_NextSeq_fastq_Counts/STARR_015_Next/outs/metrics_summary.csv"
115,"STARR_039_force2000",2000,359483,1551,718965036,97.9,93.1,95.6,92.5,NA,94.9,89.3,78.7,7.2,48.9,22.6,64.7,4.8,52.9,24674,2616,20211103,"STARR","STARR_039","Jia","Yes",NA,"/media/jianie/Seagate_SequencingFiles_2/20210126_UTA_NovaSeq_L3_Counts/STARR_039_force2000/outs/molecule_info.h5","/media/jianie/","Seagate_SequencingFiles_2","20210126_UTA_NovaSeq_L3_Counts","/outs/","molecule_info.h5","metrics_summary.csv","/media/jianie/Seagate_SequencingFiles_2/20210126_UTA_NovaSeq_L3_Counts/STARR_039_force2000/outs/metrics_summary.csv"
116,"STARR_032_force2500",2500,177796,1830,444489382,97.9,90.2,95.4,92.9,NA,95.1,90.8,80.5,7.7,56.3,16.4,67.1,3.5,56.1,24041,3509,20211106,"STARR","STARR_032","Jia","no",NA,"/media/jianie/Seagate_SequencingFiles_1/20191121_NovaSeq_Counts/STARR_032_force2500/outs/molecule_info.h5","/media/jianie/","Seagate_SequencingFiles_1","20191121_NovaSeq_Counts","/outs/","molecule_info.h5","metrics_summary.csv","/media/jianie/Seagate_SequencingFiles_1/20191121_NovaSeq_Counts/STARR_032_force2500/outs/metrics_summary.csv"
117,"STARR_031_force2600",2600,166185,2006,432080145,97.3,76.9,95.4,92.7,NA,95,94.6,77.6,7.4,50.9,19.3,64.6,3.7,40.4,25038,3828,20211103,"STARR","STARR_031","Jia","Yes",NA,"/media/jianie/Seagate_SequencingFiles_1/20191121_NovaSeq_Counts/STARR_031_force2600/outs/molecule_info.h5","/media/jianie/","Seagate_SequencingFiles_1","20191121_NovaSeq_Counts","/outs/","molecule_info.h5","metrics_summary.csv","/media/jianie/Seagate_SequencingFiles_1/20191121_NovaSeq_Counts/STARR_031_force2600/outs/metrics_summary.csv"
118,"STARR_032_force2000",2000,222245,2010,444489382,97.9,90.2,95.4,92.9,NA,95.1,90.8,80.5,7.7,56.3,16.4,67.1,3.5,51.3,23813,4002,20211108,"STARR","STARR_032","Jia","Yes",NA,"/media/jianie/Seagate_SequencingFiles_1/20191121_NovaSeq_Counts/STARR_032_force2000/outs/molecule_info.h5","/media/jianie/","Seagate_SequencingFiles_1","20191121_NovaSeq_Counts","/outs/","molecule_info.h5","metrics_summary.csv","/media/jianie/Seagate_SequencingFiles_1/20191121_NovaSeq_Counts/STARR_032_force2000/outs/metrics_summary.csv"
119,"STARR_031_force2000",2000,216040,2356,432080145,97.3,76.9,95.4,92.7,NA,95,94.6,77.6,7.4,50.9,19.3,64.6,3.7,38.1,24859,4890,20211108,"STARR","STARR_031","Jia","no",NA,"/media/jianie/Seagate_SequencingFiles_1/20191121_NovaSeq_Counts/STARR_031_force2000/outs/molecule_info.h5","/media/jianie/","Seagate_SequencingFiles_1","20191121_NovaSeq_Counts","/outs/","molecule_info.h5","metrics_summary.csv","/media/jianie/Seagate_SequencingFiles_1/20191121_NovaSeq_Counts/STARR_031_force2000/outs/metrics_summary.csv"
120,"STARR_039_force1500",1500,479310,1818,718965036,97.9,93.1,95.6,92.5,NA,94.9,89.3,78.7,7.2,48.9,22.6,64.7,4.8,49.8,24419,3237,20211103,"STARR","STARR_039","Jia","Yes",NA,"/media/jianie/Seagate_SequencingFiles_2/20210126_UTA_NovaSeq_L3_Counts/STARR_039_force1500/outs/molecule_info.h5","/media/jianie/","Seagate_SequencingFiles_2","20210126_UTA_NovaSeq_L3_Counts","/outs/","molecule_info.h5","metrics_summary.csv","/media/jianie/Seagate_SequencingFiles_2/20210126_UTA_NovaSeq_L3_Counts/STARR_039_force1500/outs/metrics_summary.csv"
