"Counts_List","sample_id_ori","SQ_List","Sequencing_Date","Lane","sample_id","Project","Disk","CountsFolder","Estimated Number of Cells","Mean Reads per Cell","Median Genes per Cell","Number of Reads","Cell Numbers","Reads/Cell","Reads/Sample","Target %","Sum","Agg","Status","molecule_h5","Sample_Date","Library_ID","I7_Index ID","I7_Index_Sequence","I5_Index ID","I5_Index_Sequence"
1,"P16-ND",1,20190613,"All","P16_ND","ALCAT_Mouse","Seagate_SequencingFiles_1","20190613_NextSeq_fastq_Counts",7034,5245,929,36898072,10000,4000,4e+07,0.222222222222222,1.8e+08,NA,"Original","/media/jianie/Seagate_SequencingFiles_1/20190613_NextSeq_fastq_Counts/P16-ND/outs/molecule_info.h5",20190409,"20190613_JN","SI-GA-F2","TTTACATG, CGCGATAC, ACGCGGGT, GAATTCCA","N/A","N/A"
2,"P16-HFD",2,20190613,"All","P16_HFD","ALCAT_Mouse","Seagate_SequencingFiles_1","20190613_NextSeq_fastq_Counts",5622,6728,1114,37827317,10000,4000,4e+07,0.222222222222222,1.8e+08,NA,"Original","/media/jianie/Seagate_SequencingFiles_1/20190613_NextSeq_fastq_Counts/P16-HFD/outs/molecule_info.h5",20190409,"20190613_JN","SI-GA-G2","TGATTCTA, ACTAGGAG, CAGCCACT, GTCGATGC","N/A","N/A"
3,"KO-ND",3,20190613,"All","KO_ND","ALCAT_Mouse","Seagate_SequencingFiles_1","20190613_NextSeq_fastq_Counts",5337,6521,1091,34802709,10000,4000,4e+07,0.222222222222222,1.8e+08,NA,"Original","/media/jianie/Seagate_SequencingFiles_1/20190613_NextSeq_fastq_Counts/KO-ND/outs/molecule_info.h5",20190409,"20190613_JN","SI-GA-H2","TAATGACC, ATGCCTTA, GCCGAGAT, CGTATCGG","N/A","N/A"
4,"KO-HFD",4,20190613,"All","KO_HFD","ALCAT_Mouse","Seagate_SequencingFiles_1","20190613_NextSeq_fastq_Counts",7274,4972,889,36169803,10000,4000,4e+07,0.222222222222222,1.8e+08,NA,"Original","/media/jianie/Seagate_SequencingFiles_1/20190613_NextSeq_fastq_Counts/KO-HFD/outs/molecule_info.h5",20190409,"20190613_JN","SI-GA-A3","CAGTACTG, AGTAGTCT, GCAGTAGA, TTCCCGAC","N/A","N/A"
5,"Rapa_Marmoset",5,20190613,"All","Rapa","Marmoset","Seagate_SequencingFiles_1","20190613_NextSeq_fastq_Counts",4245,3970,386,16854517,5000,4000,2e+07,0.111111111111111,1.8e+08,NA,"Original","/media/jianie/Seagate_SequencingFiles_1/20190613_NextSeq_fastq_Counts/Rapa_Marmoset/outs/molecule_info.h5",20190404,"20190613_JN","SI-GA-B3","GTGTATTA, TGTGCGGG, ACCATAAC, CAACGCCT","N/A","N/A"
8,"STARR_15_premrna",6,20190717,"All","STARR_015","STARR","Seagate_SequencingFiles_1","20190717_NextSeq_fastq_Counts",4506,6911,1082,31144490,10000,3000,3e+07,0.166666666666667,1.8e+08,"no",NA,"/media/jianie/Seagate_SequencingFiles_1/20190717_NextSeq_fastq_Counts/STARR_15_premrna/outs/molecule_info.h5",20190603,"10X3063-5P","SI-GA-E4","TTCGCCCT, GGATGGGC, AATCAATG, CCGATTAA","N/A","N/A"
9,"STARR_015_Next",6,20190717,"All","STARR_015","STARR","Seagate_SequencingFiles_1","20190717_NextSeq_fastq_Counts",4756,6548,1178,31144490,10000,3000,3e+07,0.166666666666667,1.8e+08,"no","Original","/media/jianie/Seagate_SequencingFiles_1/20190717_NextSeq_fastq_Counts/STARR_015_Next/outs/molecule_info.h5",20190603,"10X3063-5P","SI-GA-E4","TTCGCCCT, GGATGGGC, AATCAATG, CCGATTAA","N/A","N/A"
10,"Buttons_Marmoset",7,20190717,"All","Buttons","Marmoset","Seagate_SequencingFiles_1","20190717_NextSeq_fastq_Counts",8792,3133,300,27547862,10000,3000,3e+07,0.166666666666667,1.8e+08,NA,"Original","/media/jianie/Seagate_SequencingFiles_1/20190717_NextSeq_fastq_Counts/Buttons_Marmoset/outs/molecule_info.h5",20190711,"10X3063-5P","SI-GA-D5","CTCGTCAC, GATCAGCA, ACAACAGG, TGGTGTTT","N/A","N/A"
11,"ND_Young",8,20190717,"All","ND_Young","Aging_Mouse","Seagate_SequencingFiles_1","20190717_NextSeq_fastq_Counts",3157,9613,1290,30349134,10000,3000,3e+07,0.166666666666667,1.8e+08,NA,"Original","/media/jianie/Seagate_SequencingFiles_1/20190717_NextSeq_fastq_Counts/ND_Young/outs/molecule_info.h5",20190329,"10X3063-5P","SI-GA-H4","GCCATTCC, CAAGAATT, TTGCCGGA, AGTTGCAG","N/A","N/A"
12,"ND_Old",9,20190717,"All","ND_Old","Aging_Mouse","Seagate_SequencingFiles_1","20190717_NextSeq_fastq_Counts",5237,6347,830,33242211,10000,3000,3e+07,0.166666666666667,1.8e+08,NA,"Original","/media/jianie/Seagate_SequencingFiles_1/20190717_NextSeq_fastq_Counts/ND_Old/outs/molecule_info.h5",20190329,"10X3063-5P","SI-GA-B5","AATAATGG, CCAGGGCA, TGCCTCAT, GTGTCATC","N/A","N/A"
13,"HFD_Young",10,20190717,"All","HFD_Young","Aging_Mouse","Seagate_SequencingFiles_1","20190717_NextSeq_fastq_Counts",6243,4668,662,29144480,10000,3000,3e+07,0.166666666666667,1.8e+08,NA,"Original","/media/jianie/Seagate_SequencingFiles_1/20190717_NextSeq_fastq_Counts/HFD_Young/outs/molecule_info.h5",20190329,"10X3063-5P","SI-GA-A5","CTAGGTGA, TCGTTCAG, AGCCAATT, GATACGCC","N/A","N/A"
14,"HFD_Old",11,20190717,"All","HFD_Old","Aging_Mouse","Seagate_SequencingFiles_1","20190717_NextSeq_fastq_Counts",4007,7849,1071,31454205,10000,3000,3e+07,0.166666666666667,1.8e+08,NA,"Original","/media/jianie/Seagate_SequencingFiles_1/20190717_NextSeq_fastq_Counts/HFD_Old/outs/molecule_info.h5",20190329,"10X3063-5P","SI-GA-C5","CGACTTGA, TACAGACT, ATTGCGTG, GCGTACAC","N/A","N/A"
15,"NG_P16_ND",12,20190816,"1","P16_ND","ALCAT_Mouse","Seagate_SequencingFiles_1","20190816_NovaSeq_fastq_Counts",8843,70358,3434,622182632,10000,50000,5e+08,0.222221728396159,2250005000,NA,"Original","/media/jianie/Seagate_SequencingFiles_1/20190816_NovaSeq_fastq_Counts/NG_P16_ND/outs/molecule_info.h5",20190409,NA,"SI-GA-F2","TTTACATG, CGCGATAC, ACGCGGGT, GAATTCCA","N/A","N/A"
16,"NG_P16_HFD",13,20190816,"1","P16_HFD","ALCAT_Mouse","Seagate_SequencingFiles_1","20190816_NovaSeq_fastq_Counts",7695,68208,3597,524865392,10000,50000,5e+08,0.222221728396159,2250005000,NA,"Original","/media/jianie/Seagate_SequencingFiles_1/20190816_NovaSeq_fastq_Counts/NG_P16_HFD/outs/molecule_info.h5",20190409,NA,"SI-GA-G2","TGATTCTA, ACTAGGAG, CAGCCACT, GTCGATGC","N/A","N/A"
17,"NG_KO_ND",14,20190816,"1","KO_ND","ALCAT_Mouse","Seagate_SequencingFiles_1","20190816_NovaSeq_fastq_Counts",7102,76498,3819,543290237,10000,50000,5e+08,0.222221728396159,2250005000,NA,"Original","/media/jianie/Seagate_SequencingFiles_1/20190816_NovaSeq_fastq_Counts/NG_KO_ND/outs/molecule_info.h5",20190409,NA,"SI-GA-H2","TAATGACC, ATGCCTTA, GCCGAGAT, CGTATCGG","N/A","N/A"
18,"NG_KO_HFD",15,20190816,"1","KO_HFD","ALCAT_Mouse","Seagate_SequencingFiles_1","20190816_NovaSeq_fastq_Counts",9756,72479,3778,707112448,10000,50000,5e+08,0.222221728396159,2250005000,NA,"Original","/media/jianie/Seagate_SequencingFiles_1/20190816_NovaSeq_fastq_Counts/NG_KO_HFD/outs/molecule_info.h5",20190409,NA,"SI-GA-A3","CAGTACTG, AGTAGTCT, GCAGTAGA, TTCCCGAC","N/A","N/A"
19,"NG_Rapa_Mar",16,20190816,"1","Rapa","Marmoset","Seagate_SequencingFiles_1","20190816_NovaSeq_fastq_Counts",4824,85504,2066,412472163,5000,50001,250005000,0.111113086415364,2250005000,NA,"Original","/media/jianie/Seagate_SequencingFiles_1/20190816_NovaSeq_fastq_Counts/NG_Rapa_Mar/outs/molecule_info.h5",20190404,NA,"SI-GA-B3","GTGTATTA, TGTGCGGG, ACCATAAC, CAACGCCT","N/A","N/A"
29,"STARR_015_Nova",17,20190912,"1","STARR_015","STARR","Seagate_SequencingFiles_1","20190912_NovaSeq_fastq_Counts",7661,165801,3487,1270199026,10000,1e+05,1e+09,0.377358490566038,2.65e+09,"no","Original","/media/jianie/Seagate_SequencingFiles_1/20190912_NovaSeq_fastq_Counts/STARR_015_Nova/outs/molecule_info.h5",20190603,NA,"SI-GA-E4","TTCGCCCT, GGATGGGC, AATCAATG, CCGATTAA","N/A","N/A"
27,"STARR_015_combine",17,20190912,"1","STARR_015","STARR","Seagate_SequencingFiles_1","20190912_NovaSeq_fastq_Counts",7795,166946,3452,1301343516,10000,1e+05,1e+09,0.377358490566038,2.65e+09,"no",NA,"/media/jianie/Seagate_SequencingFiles_1/20190912_NovaSeq_fastq_Counts/STARR_015_combine/outs/molecule_info.h5",20190603,NA,"SI-GA-E4","TTCGCCCT, GGATGGGC, AATCAATG, CCGATTAA","N/A","N/A"
24,"All_STARR_015",17,20190912,"1","STARR_015","STARR","Seagate_SequencingFiles_1","20190912_NovaSeq_fastq_Counts",9310,66632,2148,620350549,10000,1e+05,1e+09,0.377358490566038,2.65e+09,"no",NA,"/media/jianie/Seagate_SequencingFiles_1/20190912_NovaSeq_fastq_Counts/All_STARR_015/outs/molecule_info.h5",20190603,NA,"SI-GA-E4","TTCGCCCT, GGATGGGC, AATCAATG, CCGATTAA","N/A","N/A"
20,"NG_STARR_015",17,20190912,"1","STARR_015","STARR","Seagate_SequencingFiles_1","20190912_NovaSeq_fastq_Counts",7576,167660,3333,1270199026,10000,1e+05,1e+09,0.377358490566038,2.65e+09,"no",NA,"/media/jianie/Seagate_SequencingFiles_1/20190912_NovaSeq_fastq_Counts/NG_STARR_015/outs/molecule_info.h5",20190603,NA,"SI-GA-E4","TTCGCCCT, GGATGGGC, AATCAATG, CCGATTAA","N/A","N/A"
28,"STARR_015_combine_force",17,20190912,"1","STARR_015","STARR","Seagate_SequencingFiles_1","20190912_NovaSeq_fastq_Counts",10000,130134,2733,1301343516,10000,1e+05,1e+09,0.377358490566038,2.65e+09,NA,NA,"/media/jianie/Seagate_SequencingFiles_1/20190912_NovaSeq_fastq_Counts/STARR_015_combine_force/outs/molecule_info.h5",20190603,NA,"SI-GA-E4","TTCGCCCT, GGATGGGC, AATCAATG, CCGATTAA","N/A","N/A"
230,"STARR_015_combine_force12660",17,20190912,"1","STARR_015","STARR","Seagate_SequencingFiles_1","20190912_NovaSeq_fastq_Counts",12660,102792,1904,1301343516,10000,1e+05,1e+09,0.377358490566038,2.65e+09,"Yes",NA,"/media/jianie/Seagate_SequencingFiles_1/20190912_NovaSeq_fastq_Counts/STARR_015_combine_force12660/outs/molecule_info.h5",20190603,NA,"SI-GA-E4","TTCGCCCT, GGATGGGC, AATCAATG, CCGATTAA","N/A","N/A"
31,"STARR_016_force7000",18,20190912,"1","STARR_016","STARR","Seagate_SequencingFiles_1","20190912_NovaSeq_fastq_Counts",7000,84172,2904,589206059,10000,50000,5e+08,0.188679245283019,2.65e+09,"no",NA,"/media/jianie/Seagate_SequencingFiles_1/20190912_NovaSeq_fastq_Counts/STARR_016_force7000/outs/molecule_info.h5",20190624,NA,"SI-GA-G5","GAGCAAGA, TCTGTGAT, CGCAGTTC, ATATCCCG","N/A","N/A"
21,"Forced_STARR_016",18,20190912,"1","STARR_016","STARR","Seagate_SequencingFiles_1","20190912_NovaSeq_fastq_Counts",10000,58920,1395,589206059,10000,50000,5e+08,0.188679245283019,2.65e+09,"no",NA,"/media/jianie/Seagate_SequencingFiles_1/20190912_NovaSeq_fastq_Counts/Forced_STARR_016/outs/molecule_info.h5",20190624,NA,"SI-GA-G5","GAGCAAGA, TCTGTGAT, CGCAGTTC, ATATCCCG","N/A","N/A"
267,"STARR_016_force7398",18,20190912,"1","STARR_016","STARR","Seagate_SequencingFiles_1","20190912_NovaSeq_fastq_Counts",7398,79644,2670,589206059,10000,50000,5e+08,0.188679245283019,2.65e+09,"Yes",NA,"/media/jianie/Seagate_SequencingFiles_1/20190912_NovaSeq_fastq_Counts/STARR_016_force7398/outs/molecule_info.h5",20190624,NA,"SI-GA-G5","GAGCAAGA, TCTGTGAT, CGCAGTTC, ATATCCCG","N/A","N/A"
22,"NG_STARR_016",18,20190912,"1","STARR_016","STARR","Seagate_SequencingFiles_1","20190912_NovaSeq_fastq_Counts",5659,104118,3510,589206059,10000,50000,5e+08,0.188679245283019,2.65e+09,"no",NA,"/media/jianie/Seagate_SequencingFiles_1/20190912_NovaSeq_fastq_Counts/NG_STARR_016/outs/molecule_info.h5",20190624,NA,"SI-GA-G5","GAGCAAGA, TCTGTGAT, CGCAGTTC, ATATCCCG","N/A","N/A"
249,"STARR_016_force7364",18,20190912,"1","STARR_016","STARR","Seagate_SequencingFiles_1","20190912_NovaSeq_fastq_Counts",7364,80012,2686,589206059,10000,50000,5e+08,0.188679245283019,2.65e+09,NA,NA,"/media/jianie/Seagate_SequencingFiles_1/20190912_NovaSeq_fastq_Counts/STARR_016_force7364/outs/molecule_info.h5",20190624,NA,"SI-GA-G5","GAGCAAGA, TCTGTGAT, CGCAGTTC, ATATCCCG","N/A","N/A"
30,"STARR_016",18,20190912,"1","STARR_016","STARR","Seagate_SequencingFiles_1","20190912_NovaSeq_fastq_Counts",5678,103770,3560,589206059,10000,50000,5e+08,0.188679245283019,2.65e+09,NA,"Original","/media/jianie/Seagate_SequencingFiles_1/20190912_NovaSeq_fastq_Counts/STARR_016/outs/molecule_info.h5",20190624,NA,"SI-GA-G5","GAGCAAGA, TCTGTGAT, CGCAGTTC, ATATCCCG","N/A","N/A"
33,"Button_combine",19,20190912,"1","Buttons","Marmoset","Seagate_SequencingFiles_1","20190912_NovaSeq_fastq_Counts",10219,129696,1995,1325363120,10000,115000,1.15e+09,0.433962264150943,2.65e+09,NA,NA,"/media/jianie/Seagate_SequencingFiles_1/20190912_NovaSeq_fastq_Counts/Button_combine/outs/molecule_info.h5",20190711,NA,"SI-GA-D5","CTCGTCAC, GATCAGCA, ACAACAGG, TGGTGTTT","N/A","N/A"
32,"Button",19,20190912,"1","Buttons","Marmoset","Seagate_SequencingFiles_1","20190912_NovaSeq_fastq_Counts",10205,127174,1981,1297815258,10000,115000,1.15e+09,0.433962264150943,2.65e+09,NA,"Original","/media/jianie/Seagate_SequencingFiles_1/20190912_NovaSeq_fastq_Counts/Button/outs/molecule_info.h5",20190711,NA,"SI-GA-D5","CTCGTCAC, GATCAGCA, ACAACAGG, TGGTGTTT","N/A","N/A"
34,"Button_combine_force",19,20190912,"1","Buttons","Marmoset","Seagate_SequencingFiles_1","20190912_NovaSeq_fastq_Counts",10000,132536,2017,1325363120,10000,115000,1.15e+09,0.433962264150943,2.65e+09,NA,NA,"/media/jianie/Seagate_SequencingFiles_1/20190912_NovaSeq_fastq_Counts/Button_combine_force/outs/molecule_info.h5",20190711,NA,"SI-GA-D5","CTCGTCAC, GATCAGCA, ACAACAGG, TGGTGTTT","N/A","N/A"
26,"ALL_Buttons",19,20190912,"1","Buttons","Marmoset","Seagate_SequencingFiles_1","20190912_NovaSeq_fastq_Counts",10170,130320,2096,1325363120,10000,115000,1.15e+09,0.433962264150943,2.65e+09,NA,NA,"/media/jianie/Seagate_SequencingFiles_1/20190912_NovaSeq_fastq_Counts/ALL_Buttons/outs/molecule_info.h5",20190711,NA,"SI-GA-D5","CTCGTCAC, GATCAGCA, ACAACAGG, TGGTGTTT","N/A","N/A"
23,"NG_Buttons",19,20190912,"1","Buttons","Marmoset","Seagate_SequencingFiles_1","20190912_NovaSeq_fastq_Counts",10162,127712,2068,1297815258,10000,115000,1.15e+09,0.433962264150943,2.65e+09,NA,NA,"/media/jianie/Seagate_SequencingFiles_1/20190912_NovaSeq_fastq_Counts/NG_Buttons/outs/molecule_info.h5",20190711,NA,"SI-GA-D5","CTCGTCAC, GATCAGCA, ACAACAGG, TGGTGTTT","N/A","N/A"
50,"Nova_HFDYoung",20,20191121,"1","HFD_Young","Aging_Mouse","Seagate_SequencingFiles_1","20191121_NovaSeq_Counts",11218,36546,1746,409976535,10000,50000,5e+08,0.213565692807107,2341200000,NA,"Original","/media/jianie/Seagate_SequencingFiles_1/20191121_NovaSeq_Counts/Nova_HFDYoung/outs/molecule_info.h5",20190329,"P1111191","SI-GA-A5","CTAGGTGA, TCGTTCAG, AGCCAATT, GATACGCC","N/A","N/A"
57,"HFD_Young_combine_force",20,20191121,"1","HFD_Young","Aging_Mouse","Seagate_SequencingFiles_1","20191121_NovaSeq_Counts",10000,43912,2237,439121015,10000,50000,5e+08,0.213565692807107,2341200000,NA,NA,"/media/jianie/Seagate_SequencingFiles_1/20191121_NovaSeq_Counts/HFD_Young_combine_force/outs/molecule_info.h5",20190329,"P1111191","SI-GA-A5","CTAGGTGA, TCGTTCAG, AGCCAATT, GATACGCC","N/A","N/A"
58,"HFD_Young_combine",20,20191121,"1","HFD_Young","Aging_Mouse","Seagate_SequencingFiles_1","20191121_NovaSeq_Counts",11666,37641,1788,439121015,10000,50000,5e+08,0.213565692807107,2341200000,NA,NA,"/media/jianie/Seagate_SequencingFiles_1/20191121_NovaSeq_Counts/HFD_Young_combine/outs/molecule_info.h5",20190329,"P1111191","SI-GA-A5","CTAGGTGA, TCGTTCAG, AGCCAATT, GATACGCC","N/A","N/A"
54,"ND_Old_force",21,20191121,"1","ND_Old","Aging_Mouse","Seagate_SequencingFiles_1","20191121_NovaSeq_Counts",10000,75954,1805,759539580,10000,50000,5e+08,0.213565692807107,2341200000,NA,NA,"/media/jianie/Seagate_SequencingFiles_1/20191121_NovaSeq_Counts/ND_Old_force/outs/molecule_info.h5",20190329,"P1111191","SI-GA-B5","AATAATGG, CCAGGGCA, TGCCTCAT, GTGTCATC","N/A","N/A"
55,"ND_Old_combine_force",21,20191121,"1","ND_Old","Aging_Mouse","Seagate_SequencingFiles_1","20191121_NovaSeq_Counts",10000,79278,1838,792781791,10000,50000,5e+08,0.213565692807107,2341200000,NA,NA,"/media/jianie/Seagate_SequencingFiles_1/20191121_NovaSeq_Counts/ND_Old_combine_force/outs/molecule_info.h5",20190329,"P1111191","SI-GA-B5","AATAATGG, CCAGGGCA, TGCCTCAT, GTGTCATC","N/A","N/A"
49,"Nova_NDOld",21,20191121,"1","ND_Old","Aging_Mouse","Seagate_SequencingFiles_1","20191121_NovaSeq_Counts",21254,35736,736,759539580,10000,50000,5e+08,0.213565692807107,2341200000,NA,"Original","/media/jianie/Seagate_SequencingFiles_1/20191121_NovaSeq_Counts/Nova_NDOld/outs/molecule_info.h5",20190329,"P1111191","SI-GA-B5","AATAATGG, CCAGGGCA, TGCCTCAT, GTGTCATC","N/A","N/A"
56,"ND_Old_2nd",21,20191121,"1","ND_Old","Aging_Mouse","Seagate_SequencingFiles_1","20191121_NovaSeq_Counts",21448,35413,806,759539580,10000,50000,5e+08,0.213565692807107,2341200000,NA,NA,"/media/jianie/Seagate_SequencingFiles_1/20191121_NovaSeq_Counts/ND_Old_2nd/outs/molecule_info.h5",20190329,"P1111191","SI-GA-B5","AATAATGG, CCAGGGCA, TGCCTCAT, GTGTCATC","N/A","N/A"
51,"Nova_HFDOld",22,20191121,"1","HFD_Old","Aging_Mouse","Seagate_SequencingFiles_1","20191121_NovaSeq_Counts",5998,53067,2216,318300128,10000,50000,5e+08,0.213565692807107,2341200000,NA,"Original","/media/jianie/Seagate_SequencingFiles_1/20191121_NovaSeq_Counts/Nova_HFDOld/outs/molecule_info.h5",20190329,"P1111191","SI-GA-C5","CGACTTGA, TACAGACT, ATTGCGTG, GCGTACAC","N/A","N/A"
59,"HFD_Old_combine",22,20191121,"1","HFD_Old","Aging_Mouse","Seagate_SequencingFiles_1","20191121_NovaSeq_Counts",6128,57075,2338,349754333,10000,50000,5e+08,0.213565692807107,2341200000,NA,NA,"/media/jianie/Seagate_SequencingFiles_1/20191121_NovaSeq_Counts/HFD_Old_combine/outs/molecule_info.h5",20190329,"P1111191","SI-GA-C5","CGACTTGA, TACAGACT, ATTGCGTG, GCGTACAC","N/A","N/A"
53,"ND_Young_combine_force",23,20191121,"1","ND_Young","Aging_Mouse","Seagate_SequencingFiles_1","20191121_NovaSeq_Counts",10000,62770,468,627704619,10000,50000,5e+08,0.213565692807107,2341200000,NA,NA,"/media/jianie/Seagate_SequencingFiles_1/20191121_NovaSeq_Counts/ND_Young_combine_force/outs/molecule_info.h5",20190329,"P1111191","SI-GA-H4","GCCATTCC, CAAGAATT, TTGCCGGA, AGTTGCAG","N/A","N/A"
52,"ND_Young_combine_force_5000",23,20191121,"1","ND_Young","Aging_Mouse","Seagate_SequencingFiles_1","20191121_NovaSeq_Counts",5000,125541,2107,627704619,10000,50000,5e+08,0.213565692807107,2341200000,NA,NA,"/media/jianie/Seagate_SequencingFiles_1/20191121_NovaSeq_Counts/ND_Young_combine_force_5000/outs/molecule_info.h5",20190329,"P1111191","SI-GA-H4","GCCATTCC, CAAGAATT, TTGCCGGA, AGTTGCAG","N/A","N/A"
48,"Nova_NDYoung",23,20191121,"1","ND_Young","Aging_Mouse","Seagate_SequencingFiles_1","20191121_NovaSeq_Counts",21960,27201,212,597355485,10000,50000,5e+08,0.213565692807107,2341200000,NA,"Original","/media/jianie/Seagate_SequencingFiles_1/20191121_NovaSeq_Counts/Nova_NDYoung/outs/molecule_info.h5",20190329,"P1111191","SI-GA-H4","GCCATTCC, CAAGAATT, TTGCCGGA, AGTTGCAG","N/A","N/A"
47,"Rapa_Mar",24,20191121,"1","Rapa","Marmoset","Seagate_SequencingFiles_1","20191121_NovaSeq_Counts",4928,53337,1667,262846271,4824,50000,241200000,0.103024090210149,2341200000,NA,"Original","/media/jianie/Seagate_SequencingFiles_1/20191121_NovaSeq_Counts/Rapa_Mar/outs/molecule_info.h5",20190404,"P1111191","SI-GA-B3","GTGTATTA, TGTGCGGG, ACCATAAC, CAACGCCT","N/A","N/A"
46,"Rapa_Mar_combine",24,20191121,"1","Rapa","Marmoset","Seagate_SequencingFiles_1","20191121_NovaSeq_Counts",5377,128728,2201,692172951,4824,50000,241200000,0.103024090210149,2341200000,NA,NA,"/media/jianie/Seagate_SequencingFiles_1/20191121_NovaSeq_Counts/Rapa_Mar_combine/outs/molecule_info.h5",20190404,"P1111191","SI-GA-B3","GTGTATTA, TGTGCGGG, ACCATAAC, CAACGCCT","N/A","N/A"
35,"Nova_STARR026h",25,20191121,"1","STARR_026h","STARR","Seagate_SequencingFiles_1","20191121_NovaSeq_Counts",5344,11232,1176,60024527,10000,10000,1e+08,0.0427131385614215,2341200000,"Hf test","Original","/media/jianie/Seagate_SequencingFiles_1/20191121_NovaSeq_Counts/Nova_STARR026h/outs/molecule_info.h5",20190909,"P1111191","SI-GA-H7","GGTATGCA, CTCGAAAT, ACACCTTC, TAGTGCGG","N/A","N/A"
36,"Nova_STARR024",26,20191121,"2","STARR_024","STARR","Seagate_SequencingFiles_1","20191121_NovaSeq_Counts",8714,59921,2440,522154488,10000,50000,5e+08,0.1999992000032,2500010000,"no",NA,"/media/jianie/Seagate_SequencingFiles_1/20191121_NovaSeq_Counts/Nova_STARR024/outs/molecule_info.h5",20190829,"P1111192","SI-GA-B7","AAACCTCA, GCCTTGGT, CTGGACTC, TGTAGAAG","N/A","N/A"
42,"STARR_024_2nd",26,20191121,"2","STARR_024","STARR","Seagate_SequencingFiles_1","20191121_NovaSeq_Counts",8624,60547,2488,522154488,10000,50000,5e+08,0.1999992000032,2500010000,"no","Original","/media/jianie/Seagate_SequencingFiles_1/20191121_NovaSeq_Counts/STARR_024_2nd/outs/molecule_info.h5",20190829,"P1111192","SI-GA-B7","AAACCTCA, GCCTTGGT, CTGGACTC, TGTAGAAG","N/A","N/A"
98,"STARR_031_force2000",27,20191121,"2","STARR_031","STARR","Seagate_SequencingFiles_1","20191121_NovaSeq_Counts",2000,216040,2356,432080145,10000,50000,5e+08,0.1999992000032,2500010000,NA,NA,"/media/jianie/Seagate_SequencingFiles_1/20191121_NovaSeq_Counts/STARR_031_force2000/outs/molecule_info.h5",20190905,"P1111192","SI-GA-C8","GTTGAGAA, AGATCTGG, TCGATACT, CACCGCTC","N/A","N/A"
96,"STARR_031_force2600",27,20191121,"2","STARR_031","STARR","Seagate_SequencingFiles_1","20191121_NovaSeq_Counts",2600,166185,2006,432080145,10000,50000,5e+08,0.1999992000032,2500010000,"no",NA,"/media/jianie/Seagate_SequencingFiles_1/20191121_NovaSeq_Counts/STARR_031_force2600/outs/molecule_info.h5",20190905,"P1111192","SI-GA-C8","GTTGAGAA, AGATCTGG, TCGATACT, CACCGCTC","N/A","N/A"
267,"STARR_031_force2072",27,20191121,"2","STARR_031","STARR","Seagate_SequencingFiles_1","20191121_NovaSeq_Counts",2072,208533,2300,432080145,10000,50000,5e+08,0.1999992000032,2500010000,"Yes",NA,"/media/jianie/Seagate_SequencingFiles_1/20191121_NovaSeq_Counts/STARR_031_force2072/outs/molecule_info.h5",20190905,"P1111192","SI-GA-C8","GTTGAGAA, AGATCTGG, TCGATACT, CACCGCTC","N/A","N/A"
37,"Nova_STARR031",27,20191121,"2","STARR_031","STARR","Seagate_SequencingFiles_1","20191121_NovaSeq_Counts",4342,99511,1157,432080145,10000,50000,5e+08,0.1999992000032,2500010000,"no",NA,"/media/jianie/Seagate_SequencingFiles_1/20191121_NovaSeq_Counts/Nova_STARR031/outs/molecule_info.h5",20190905,"P1111192","SI-GA-C8","GTTGAGAA, AGATCTGG, TCGATACT, CACCGCTC","N/A","N/A"
43,"STARR_031",27,20191121,"2","STARR_031","STARR","Seagate_SequencingFiles_1","20191121_NovaSeq_Counts",4357,99169,1189,432080145,10000,50000,5e+08,0.1999992000032,2500010000,"no","Original","/media/jianie/Seagate_SequencingFiles_1/20191121_NovaSeq_Counts/STARR_031/outs/molecule_info.h5",20190905,"P1111192","SI-GA-C8","GTTGAGAA, AGATCTGG, TCGATACT, CACCGCTC","N/A","N/A"
38,"Nova_STARR028",28,20191121,"2","STARR_028","STARR","Seagate_SequencingFiles_1","20191121_NovaSeq_Counts",2280,246221,1690,561385615,10000,50000,5e+08,0.1999992000032,2500010000,"no",NA,"/media/jianie/Seagate_SequencingFiles_1/20191121_NovaSeq_Counts/Nova_STARR028/outs/molecule_info.h5",20190909,"P1111192","SI-GA-E7","CACGCCTT, GTATATAG, TCTCGGGC, AGGATACA","N/A","N/A"
250,"STARR_028_force5789",28,20191121,"2","STARR_028","STARR","Seagate_SequencingFiles_1","20191121_NovaSeq_Counts",5789,96975,546,561385615,10000,50000,5e+08,0.1999992000032,2500010000,NA,NA,"/media/jianie/Seagate_SequencingFiles_1/20191121_NovaSeq_Counts/STARR_028_force5789/outs/molecule_info.h5",20190909,"P1111192","SI-GA-E7","CACGCCTT, GTATATAG, TCTCGGGC, AGGATACA","N/A","N/A"
89,"STARR_028_force2000",28,20191121,"2","STARR_028","STARR","Seagate_SequencingFiles_1","20191121_NovaSeq_Counts",2000,280693,2074,561385615,10000,50000,5e+08,0.1999992000032,2500010000,NA,NA,"/media/jianie/Seagate_SequencingFiles_1/20191121_NovaSeq_Counts/STARR_028_force2000/outs/molecule_info.h5",20190909,"P1111192","SI-GA-E7","CACGCCTT, GTATATAG, TCTCGGGC, AGGATACA","N/A","N/A"
44,"STARR_028",28,20191121,"2","STARR_028","STARR","Seagate_SequencingFiles_1","20191121_NovaSeq_Counts",2288,245361,1876,561385615,10000,50000,5e+08,0.1999992000032,2500010000,"Yes","Original","/media/jianie/Seagate_SequencingFiles_1/20191121_NovaSeq_Counts/STARR_028/outs/molecule_info.h5",20190909,"P1111192","SI-GA-E7","CACGCCTT, GTATATAG, TCTCGGGC, AGGATACA","N/A","N/A"
41,"STARR_026",29,20191121,"2","STARR_026","STARR","Seagate_SequencingFiles_1","20191121_NovaSeq_Counts",6512,87446,2052,569447003,10000,50000,5e+08,0.1999992000032,2500010000,"no","Original","/media/jianie/Seagate_SequencingFiles_1/20191121_NovaSeq_Counts/STARR_026/outs/molecule_info.h5",20190923,"P1111192","SI-GA-F7","CGTGCAGA, AACAAGAT, TCGCTTCG, GTATGCTC","N/A","N/A"
39,"Nova_STARR026",29,20191121,"2","STARR_026","STARR","Seagate_SequencingFiles_1","20191121_NovaSeq_Counts",6444,88368,2007,569447003,10000,50000,5e+08,0.1999992000032,2500010000,"no",NA,"/media/jianie/Seagate_SequencingFiles_1/20191121_NovaSeq_Counts/Nova_STARR026/outs/molecule_info.h5",20190923,"P1111192","SI-GA-F7","CGTGCAGA, AACAAGAT, TCGCTTCG, GTATGCTC","N/A","N/A"
268,"STARR_032_force3767",30,20191121,"2","STARR_032","STARR","Seagate_SequencingFiles_1","20191121_NovaSeq_Counts",3767,117996,1515,444489382,10000,50001,500010000,0.2000031999872,2500010000,"Yes",NA,"/media/jianie/Seagate_SequencingFiles_1/20191121_NovaSeq_Counts/STARR_032_force3767/outs/molecule_info.h5",20191018,"P1111192","SI-GA-G8","TATGAGCT, CCGATAGC, ATACCCAA, GGCTGTTG","N/A","N/A"
97,"STARR_032_force2000",30,20191121,"2","STARR_032","STARR","Seagate_SequencingFiles_1","20191121_NovaSeq_Counts",2000,222245,2010,444489382,10000,50001,500010000,0.2000031999872,2500010000,"no",NA,"/media/jianie/Seagate_SequencingFiles_1/20191121_NovaSeq_Counts/STARR_032_force2000/outs/molecule_info.h5",20191018,"P1111192","SI-GA-G8","TATGAGCT, CCGATAGC, ATACCCAA, GGCTGTTG","N/A","N/A"
248,"STARR_032_force3797",30,20191121,"2","STARR_032","STARR","Seagate_SequencingFiles_1","20191121_NovaSeq_Counts",3797,117063,1509,444489382,10000,50001,500010000,0.2000031999872,2500010000,NA,NA,"/media/jianie/Seagate_SequencingFiles_1/20191121_NovaSeq_Counts/STARR_032_force3797/outs/molecule_info.h5",20191018,"P1111192","SI-GA-G8","TATGAGCT, CCGATAGC, ATACCCAA, GGCTGTTG","N/A","N/A"
40,"Nova_STARR032",30,20191121,"2","STARR_032","STARR","Seagate_SequencingFiles_1","20191121_NovaSeq_Counts",3674,120982,1313,444489382,10000,50001,500010000,0.2000031999872,2500010000,"no",NA,"/media/jianie/Seagate_SequencingFiles_1/20191121_NovaSeq_Counts/Nova_STARR032/outs/molecule_info.h5",20191018,"P1111192","SI-GA-G8","TATGAGCT, CCGATAGC, ATACCCAA, GGCTGTTG","N/A","N/A"
95,"STARR_032_force2500",30,20191121,"2","STARR_032","STARR","Seagate_SequencingFiles_1","20191121_NovaSeq_Counts",2500,177796,1830,444489382,10000,50001,500010000,0.2000031999872,2500010000,"no",NA,"/media/jianie/Seagate_SequencingFiles_1/20191121_NovaSeq_Counts/STARR_032_force2500/outs/molecule_info.h5",20191018,"P1111192","SI-GA-G8","TATGAGCT, CCGATAGC, ATACCCAA, GGCTGTTG","N/A","N/A"
45,"STARR_032",30,20191121,"2","STARR_032","STARR","Seagate_SequencingFiles_1","20191121_NovaSeq_Counts",4052,109696,1462,444489382,10000,50001,500010000,0.2000031999872,2500010000,"no","Original","/media/jianie/Seagate_SequencingFiles_1/20191121_NovaSeq_Counts/STARR_032/outs/molecule_info.h5",20191018,"P1111192","SI-GA-G8","TATGAGCT, CCGATAGC, ATACCCAA, GGCTGTTG","N/A","N/A"
62,"Norton",31,20210114,"L3","Norton","Marmoset","Seagate_SequencingFiles_1","20210114_UTA_NovaSeq_L3_Counts",17925,54120,1390,970117188,10000,9e+07,9e+11,0.333333333333333,2.7e+09,NA,"Original","/media/jianie/Seagate_SequencingFiles_1/20210114_UTA_NovaSeq_L3_Counts/Norton/outs/molecule_info.h5",20191205,"P0111211","SI-GA-C9","GCGCAGAA,ATCTTACC,TATGGTGT,CGAACCTG","N/A","N/A"
61,"Marmoset_Olaf",32,20210114,"L3","Olaf","Marmoset","Seagate_SequencingFiles_1","20210114_UTA_NovaSeq_L3_Counts",5698,170450,1981,971228873,10000,9e+07,9e+11,0.333333333333333,2.7e+09,NA,"Original","/media/jianie/Seagate_SequencingFiles_1/20210114_UTA_NovaSeq_L3_Counts/Marmoset_Olaf/outs/molecule_info.h5",20200219,"P0111211","SI-GA-C1","CCACTTAT,AACTGGCG,TTGGCATA,GGTAACGC","N/A","N/A"
60,"Evie",33,20210114,"L3","Evie","Marmoset","Seagate_SequencingFiles_1","20210114_UTA_NovaSeq_L3_Counts",5243,191421,2320,1003620500,10000,9e+07,9e+11,0.333333333333333,2.7e+09,NA,"Original","/media/jianie/Seagate_SequencingFiles_1/20210114_UTA_NovaSeq_L3_Counts/Evie/outs/molecule_info.h5",20200318,"P0111211","SI-GA-B2","TACTCTTC,CCTGTGCG,GGACACGT,ATGAGAAA","N/A","N/A"
64,"STARR_039",34,20210126,"L3","STARR_039","STARR","Seagate_SequencingFiles_1","20210126_UTA_NovaSeq_L3_Counts",2694,266876,1280,718965036,10000,75000,7.5e+08,0.25,3e+09,NA,"Original","/media/jianie/Seagate_SequencingFiles_1/20210126_UTA_NovaSeq_L3_Counts/STARR_039/outs/molecule_info.h5",20200211,"P0111212","SI-GA-H12","GACAGCAT,TTTGTACA,AGGCCGTG,CCATATGC","N/A","N/A"
99,"STARR_039_force1500",34,20210126,"L3","STARR_039","STARR","Seagate_SequencingFiles_1","20210126_UTA_NovaSeq_L3_Counts",1500,479310,1818,718965036,10000,75000,7.5e+08,0.25,3e+09,"no",NA,"/media/jianie/Seagate_SequencingFiles_1/20210126_UTA_NovaSeq_L3_Counts/STARR_039_force1500/outs/molecule_info.h5",20200211,"P0111212","SI-GA-H12","GACAGCAT,TTTGTACA,AGGCCGTG,CCATATGC","N/A","N/A"
92,"STARR_039_force2000",34,20210126,"L3","STARR_039","STARR","Seagate_SequencingFiles_1","20210126_UTA_NovaSeq_L3_Counts",2000,359483,1551,718965036,10000,75000,7.5e+08,0.25,3e+09,"Yes",NA,"/media/jianie/Seagate_SequencingFiles_1/20210126_UTA_NovaSeq_L3_Counts/STARR_039_force2000/outs/molecule_info.h5",20200211,"P0111212","SI-GA-H12","GACAGCAT,TTTGTACA,AGGCCGTG,CCATATGC","N/A","N/A"
251,"STARR_039_force5023",34,20210126,"L3","STARR_039","STARR","Seagate_SequencingFiles_1","20210126_UTA_NovaSeq_L3_Counts",5023,143135,705,718965036,10000,75000,7.5e+08,0.25,3e+09,NA,NA,"/media/jianie/Seagate_SequencingFiles_1/20210126_UTA_NovaSeq_L3_Counts/STARR_039_force5023/outs/molecule_info.h5",20200211,"P0111212","SI-GA-H12","GACAGCAT,TTTGTACA,AGGCCGTG,CCATATGC","N/A","N/A"
264,"76615_V5_force10447",35,20210126,"L3","76615_V5","SGLT2","Seagate_SequencingFiles_1","20210126_UTA_NovaSeq_L3_Counts",10447,80146,2185,837283164,10000,75000,7.5e+08,0.25,3e+09,"Yes",NA,"/media/jianie/Seagate_SequencingFiles_1/20210126_UTA_NovaSeq_L3_Counts/76615_V5_force10447/outs/molecule_info.h5",20200909,"P0111212","SI-TT-B3","CACGGTGAAT","SI-TT-B3","GTTCGTCACA"
63,"76615_V5",35,20210126,"L3","76615_V5","SGLT2","Seagate_SequencingFiles_1","20210126_UTA_NovaSeq_L3_Counts",9174,91267,2531,837283164,10000,75000,7.5e+08,0.25,3e+09,NA,"Original","/media/jianie/Seagate_SequencingFiles_1/20210126_UTA_NovaSeq_L3_Counts/76615_V5/outs/molecule_info.h5",20200909,"P0111212","SI-TT-B3","CACGGTGAAT","SI-TT-B3","GTTCGTCACA"
281,"76615_V5_force10739",35,20210126,"L3","76615_V5","SGLT2","Seagate_SequencingFiles_1","20210126_UTA_NovaSeq_L3_Counts",10739,77967,2116,837283164,10000,75000,7.5e+08,0.25,3e+09,NA,NA,"/media/jianie/Seagate_SequencingFiles_1/20210126_UTA_NovaSeq_L3_Counts/76615_V5_force10739/outs/molecule_info.h5",20200909,"P0111212","SI-TT-B3","CACGGTGAAT","SI-TT-B3","GTTCGTCACA"
65,"STARR_041",36,20210126,"L3","STARR_041","STARR","Seagate_SequencingFiles_1","20210126_UTA_NovaSeq_L3_Counts",11064,57724,2827,638662180,10000,7.5e+07,7.5e+11,0.25,3e+09,"no","Original","/media/jianie/Seagate_SequencingFiles_1/20210126_UTA_NovaSeq_L3_Counts/STARR_041/outs/molecule_info.h5",20201119,"P0111212","SI-GA-C7","GTCTCTCG,AATCTCTC,CGGAGGGA,TCAGAAAT","N/A","N/A"
66,"STARR_043",37,20210126,"L3","STARR_043","STARR","Seagate_SequencingFiles_1","20210126_UTA_NovaSeq_L3_Counts",9886,84295,2207,833343742,10000,7.5e+07,7.5e+11,0.25,3e+09,"no","Original","/media/jianie/Seagate_SequencingFiles_1/20210126_UTA_NovaSeq_L3_Counts/STARR_043/outs/molecule_info.h5",20201203,"P0111212","SI-GA-D7","ATTTGCTA,TAGACACC,CCACAGGG,GGCGTTAT","N/A","N/A"
129,"STARR_043_force9000",37,20210126,"L3","STARR_043","STARR","Seagate_SequencingFiles_1","20210126_UTA_NovaSeq_L3_Counts",9000,92594,2412,833343742,10000,7.5e+07,7.5e+11,0.25,3e+09,"no",NA,"/media/jianie/Seagate_SequencingFiles_1/20210126_UTA_NovaSeq_L3_Counts/STARR_043_force9000/outs/molecule_info.h5",20201203,"P0111212","SI-GA-D7","ATTTGCTA,TAGACACC,CCACAGGG,GGCGTTAT","N/A","N/A"
69,"Con-R1",38,20210716,"L1","Con-R1","Masternak","SequencingFiles_3","20210716_L1_count_dual",6792,82906,2218,563100027,10000,70000,7e+08,0.233333333333333,3e+09,"Yes","Original","/media/jianie/SequencingFiles_3/20210716_L1_count_dual/Con-R1/outs/molecule_info.h5",20210519,"P06242211","SI-TT-H5","AGCAAGAAGC","SI-TT-H5","AGAAACACAA"
70,"Con-R2",39,20210716,"L1","Con-R2","Masternak","SequencingFiles_3","20210716_L1_count_dual",6326,73440,1832,464580195,10000,70000,7e+08,0.233333333333333,3e+09,"Yes","Original","/media/jianie/SequencingFiles_3/20210716_L1_count_dual/Con-R2/outs/molecule_info.h5",20210519,"P06242211","SI-TT-A6","TAACGCGTGA","SI-TT-A6","GAAGTTAGGG"
67,"Amei-R1",40,20210716,"L1","Amei-R1","Masternak","SequencingFiles_3","20210716_L1_count_dual",6862,71908,3463,493429890,10000,70000,7e+08,0.233333333333333,3e+09,"Yes","Original","/media/jianie/SequencingFiles_3/20210716_L1_count_dual/Amei-R1/outs/molecule_info.h5",20210520,"P06242211","SI-TT-B6","AATGCCATGA","SI-TT-B6","GCATTACGTA"
68,"Amei-R2",41,20210716,"L1","Amei-R2","Masternak","SequencingFiles_3","20210716_L1_count_dual",9351,70022,2786,654776202,10000,70000,7e+08,0.233333333333333,3e+09,"Yes","Original","/media/jianie/SequencingFiles_3/20210716_L1_count_dual/Amei-R2/outs/molecule_info.h5",20210520,"P06242211","SI-TT-C6","ACGACTACCA","SI-TT-C6","TTAGGGTCGT"
74,"Norton_combine_force",46,20210716,"L2","Norton","Marmoset","SequencingFiles_3","20210716_L2_counts_single",10000,185225,2833,1852247509,17925,50000,896250000,0.299531777940424,2992170000,NA,NA,"/media/jianie/SequencingFiles_3/20210716_L2_counts_single/Norton_combine_force/outs/molecule_info.h5",20191205,"P070720211","SI-GA-C9","GCGCAGAA,ATCTTACC,TATGGTGT,CGAACCTG","N/A","N/A"
73,"Norton_combine",46,20210716,"L2","Norton","Marmoset","SequencingFiles_3","20210716_L2_counts_single",19191,96516,1682,1852247509,17925,50000,896250000,0.299531777940424,2992170000,NA,NA,"/media/jianie/SequencingFiles_3/20210716_L2_counts_single/Norton_combine/outs/molecule_info.h5",20191205,"P070720211","SI-GA-C9","GCGCAGAA,ATCTTACC,TATGGTGT,CGAACCTG","N/A","N/A"
72,"Norton_2nd",46,20210716,"L2","Norton","Marmoset","SequencingFiles_3","20210716_L2_counts_single",17737,49734,1342,882130321,17925,50000,896250000,0.299531777940424,2992170000,NA,"Original","/media/jianie/SequencingFiles_3/20210716_L2_counts_single/Norton_2nd/outs/molecule_info.h5",20191205,"P070720211","SI-GA-C9","GCGCAGAA,ATCTTACC,TATGGTGT,CGAACCTG","N/A","N/A"
79,"STARR_041_combine_force",47,20210716,"L2","STARR_041","STARR","SequencingFiles_3","20210716_L2_counts_single",10000,90792,3224,907920112,8674,30000,260220000,0.0869669838277905,2992170000,"no",NA,"/media/jianie/SequencingFiles_3/20210716_L2_counts_single/STARR_041_combine_force/outs/molecule_info.h5",20201119,"P070720211","SI-GA-C7","GTCTCTCG,AATCTCTC,CGGAGGGA,TCAGAAAT","N/A","N/A"
78,"STARR_041_combine",47,20210716,"L2","STARR_041","STARR","SequencingFiles_3","20210716_L2_counts_single",12710,71434,2701,907920112,8674,30000,260220000,0.0869669838277905,2992170000,"no",NA,"/media/jianie/SequencingFiles_3/20210716_L2_counts_single/STARR_041_combine/outs/molecule_info.h5",20201119,"P070720211","SI-GA-C7","GTCTCTCG,AATCTCTC,CGGAGGGA,TCAGAAAT","N/A","N/A"
77,"STARR_041_2nd",47,20210716,"L2","STARR_041","STARR","SequencingFiles_3","20210716_L2_counts_single",8566,31433,2590,269257932,8674,30000,260220000,0.0869669838277905,2992170000,"no","Original","/media/jianie/SequencingFiles_3/20210716_L2_counts_single/STARR_041_2nd/outs/molecule_info.h5",20201119,"P070720211","SI-GA-C7","GTCTCTCG,AATCTCTC,CGGAGGGA,TCAGAAAT","N/A","N/A"
266,"STARR_024_combine_force9907",48,20210716,"L2","STARR_024","STARR","SequencingFiles_3","20210716_L2_counts_single",9907,105217,2581,1042384328,8714,50000,435700000,0.145613384266268,2992170000,"Yes",NA,"/media/jianie/SequencingFiles_3/20210716_L2_counts_single/STARR_024_combine_force9907/outs/molecule_info.h5",20190829,"P070720211","SI-GA-B7","AAACCTCA, GCCTTGGT, CTGGACTC, TGTAGAAG","N/A","N/A"
75,"STARR_024",48,20210716,"L2","STARR_024","STARR","SequencingFiles_3","20210716_L2_counts_single",8554,60817,2572,520229840,8714,50000,435700000,0.145613384266268,2992170000,"no","Original","/media/jianie/SequencingFiles_3/20210716_L2_counts_single/STARR_024/outs/molecule_info.h5",20190829,"P070720211","SI-GA-B7","AAACCTCA, GCCTTGGT, CTGGACTC, TGTAGAAG","N/A","N/A"
76,"STARR_024_combine",48,20210716,"L2","STARR_024","STARR","SequencingFiles_3","20210716_L2_counts_single",8877,117425,2767,1042384328,8714,50000,435700000,0.145613384266268,2992170000,NA,NA,"/media/jianie/SequencingFiles_3/20210716_L2_counts_single/STARR_024_combine/outs/molecule_info.h5",20190829,"P070720211","SI-GA-B7","AAACCTCA, GCCTTGGT, CTGGACTC, TGTAGAAG","N/A","N/A"
71,"76632_V5",49,20210716,"L2","76632_V5","SGLT2","SequencingFiles_3","20210716_L2_counts_single",8410,71360,4330,600134782,10000,70000,896250000,0.233943926982758,2992170000,"no","Original","/media/jianie/SequencingFiles_3/20210716_L2_counts_single/76632_V5/outs/molecule_info.h5",20210408,"P070720211","SI-GA-E7","CACGCCTT, GTATATAG, TCTCGGGC, AGGATACA","N/A","N/A"
80,"STARR_049",50,20210716,"L2","STARR_049","STARR","SequencingFiles_3","20210716_L2_counts_single",8464,64720,3402,547787375,10000,70000,7e+08,0.233943926982758,2992170000,"no","Original","/media/jianie/SequencingFiles_3/20210716_L2_counts_single/STARR_049/outs/molecule_info.h5",20210409,"P070720211","SI-GA-F7","CGTGCAGA, AACAAGAT, TCGCTTCG, GTATGCTC","N/A","N/A"
81,"76632_V11",51,20210830,"L3","76632_V11","SGLT2","Seagate_SequencingFiles_1","20210830_L3_counts_dual",6367,56543,1997,360011247,10000,42800,4.28e+08,0.143,2.996e+09,"no","Original","/media/jianie/Seagate_SequencingFiles_1/20210830_L3_counts_dual/76632_V11/outs/molecule_info.h5",20210707,"P08232021","SI-TT-D6","CCCAGCTTCT","SI-TT-D6","GTTTGGTGTC"
85,"76643_V5",52,20210830,"L3","76643_V5","SGLT2","Seagate_SequencingFiles_1","20210830_L3_counts_dual",3870,91629,1890,354602695,10000,42800,7e+08,0.143,2.996e+09,"no","Original","/media/jianie/Seagate_SequencingFiles_1/20210830_L3_counts_dual/76643_V5/outs/molecule_info.h5",20210707,"P08232021","SI-TT-E6","TTGAGAGTCA","SI-TT-E6","CTACCAGGTT"
86,"76647_V5",53,20210830,"L3","76647_V5","SGLT2","Seagate_SequencingFiles_1","20210830_L3_counts_dual",11600,41417,2918,480438646,10000,42800,7.5e+11,0.143,2.996e+09,"no","Original","/media/jianie/Seagate_SequencingFiles_1/20210830_L3_counts_dual/76647_V5/outs/molecule_info.h5",20210713,"P08232021","SI-TT-B7","GCCTTCGGTA","SI-TT-B7","AAATCGTTGG"
88,"STARR_051",54,20210830,"L3","STARR_051","STARR","Seagate_SequencingFiles_1","20210830_L3_counts_dual",9287,34393,2645,319404242,10000,42800,4.28e+08,0.143,2.996e+09,"no","Original","/media/jianie/Seagate_SequencingFiles_1/20210830_L3_counts_dual/STARR_051/outs/molecule_info.h5",20210713,"P08232021","SI-TT-C7","CGCGCACTTA","SI-TT-C7","AGAATACAGG"
82,"76638_V5",55,20210830,"L3","76638_V5","SGLT2","Seagate_SequencingFiles_1","20210830_L3_counts_dual",7769,41940,2664,325835021,10000,42800,4.28e+08,0.143,2.996e+09,"no","Original","/media/jianie/Seagate_SequencingFiles_1/20210830_L3_counts_dual/76638_V5/outs/molecule_info.h5",20210623,"P08232021","SI-TT-D7","CCTGTCAGGG","SI-TT-D7","GTTACGGGCT"
83,"76638_V5_Muscle",56,20210830,"L3","76638_V5_Muscle","SGLT2","Seagate_SequencingFiles_1","20210830_L3_counts_dual",14491,23188,1227,336023509,10000,42800,4.28e+08,0.143,2.996e+09,"no","Original","/media/jianie/Seagate_SequencingFiles_1/20210830_L3_counts_dual/76638_V5_Muscle/outs/molecule_info.h5",20210623,"P08232021","SI-TT-E7","GTCCTTCGGC","SI-TT-E7","CTGTGCATGA"
84,"76638_V5_Muscle_force",56,20210830,"L3","76638_V5_Muscle","SGLT2","Seagate_SequencingFiles_1","20210830_L3_counts_dual",10000,33602,1484,336023509,10000,42800,4.28e+08,0.143,2.996e+09,"no",NA,"/media/jianie/Seagate_SequencingFiles_1/20210830_L3_counts_dual/76638_V5_Muscle_force/outs/molecule_info.h5",20210623,"P08232021","SI-TT-E7","GTCCTTCGGC","SI-TT-E7","CTGTGCATGA"
87,"76649_V5",57,20210830,"L3","76649_V5","SGLT2","Seagate_SequencingFiles_1","20210830_L3_counts_dual",14332,34649,2139,496591233,10000,42800,7.5e+08,0.143,2.996e+09,"no","Original","/media/jianie/Seagate_SequencingFiles_1/20210830_L3_counts_dual/76649_V5/outs/molecule_info.h5",20210723,"P08232021","SI-TT-F7","AATGTATCCA","SI-TT-F7","TAAGCTCATT"
283,"76632_V5_combine_force9545",58,20211105,"L3","76632_V5","SGLT2","SequencingFiles_3","20211105_L3_L4_Counts",9545,82044,4002,783106269,8410,28640,609292209,0.0783540963167712,3074024350,NA,NA,"/media/jianie/SequencingFiles_3/20211105_L3_L4_Counts/76632_V5_combine_force9545/outs/molecule_info.h5",20210408,"P101521","SI-GA-E7","CACGCCTT, GTATATAG, TCTCGGGC, AGGATACA","N/A","N/A"
115,"76632_V5_combine",58,20211105,"L3","76632_V5","SGLT2","SequencingFiles_3","20211105_L3_L4_Counts",8606,90995,4460,783106269,8410,28640,609292209,0.0783540963167712,3074024350,"Yes",NA,"/media/jianie/SequencingFiles_3/20211105_L3_L4_Counts/76632_V5_combine/outs/molecule_info.h5",20210408,"P101521","SI-GA-E7","CACGCCTT, GTATATAG, TCTCGGGC, AGGATACA","N/A","N/A"
100,"76632_V5_2nd",58,20211105,"L3","76632_V5","SGLT2","SequencingFiles_3","20211105_L3_L4_Counts",8083,22637,3049,182971487,8410,28640,609292209,0.0783540963167712,3074024350,"no","Original","/media/jianie/SequencingFiles_3/20211105_L3_L4_Counts/76632_V5_2nd/outs/molecule_info.h5",20210408,"P101521","SI-GA-E7","CACGCCTT, GTATATAG, TCTCGGGC, AGGATACA","N/A","N/A"
101,"STARR_049_2nd",59,20211105,"L3","STARR_049","STARR","SequencingFiles_3","20211105_L3_L4_Counts",8068,27918,2748,225241675,8464,35280,298609920,0.0971397380115092,3074024350,"no","Original","/media/jianie/SequencingFiles_3/20211105_L3_L4_Counts/STARR_049_2nd/outs/molecule_info.h5",20210409,"P101521","SI-GA-F7","CGTGCAGA, AACAAGAT, TCGCTTCG, GTATGCTC","N/A","N/A"
289,"STARR_049_combine_force8535",59,20211105,"L3","STARR_049","STARR","SequencingFiles_3","20211105_L3_L4_Counts",8535,90572,3594,773029050,8464,35280,298609920,0.0971397380115092,3074024350,"Yes",NA,"/media/jianie/SequencingFiles_3/20211105_L3_L4_Counts/STARR_049_combine_force8535/outs/molecule_info.h5",20210409,"P101521","SI-GA-F7","CGTGCAGA, AACAAGAT, TCGCTTCG, GTATGCTC","N/A","N/A"
113,"STARR_049_combine",59,20211105,"L3","STARR_049","STARR","SequencingFiles_3","20211105_L3_L4_Counts",8665,89213,3552,773029050,8464,35280,298609920,0.0971397380115092,3074024350,"no",NA,"/media/jianie/SequencingFiles_3/20211105_L3_L4_Counts/STARR_049_combine/outs/molecule_info.h5",20210409,"P101521","SI-GA-F7","CGTGCAGA, AACAAGAT, TCGCTTCG, GTATGCTC","N/A","N/A"
170,"76632_V11_combine_force6000",60,20211105,"L3","76632_V11","SGLT2","SequencingFiles_3","20211105_L3_L4_Counts",6000,92593,2531,555559035,6367,43457,7e+08,0.0900092801802302,3074024350,"Yes",NA,"/media/jianie/SequencingFiles_3/20211105_L3_L4_Counts/76632_V11_combine_force6000/outs/molecule_info.h5",20210707,"P101521","SI-TT-D6","CCCAGCTTCT","SI-TT-D6","GTTTGGTGTC"
114,"76632_V11_combine",60,20211105,"L3","76632_V11","SGLT2","SequencingFiles_3","20211105_L3_L4_Counts",6671,84128,2131,561219836,6367,43457,7e+08,0.0900092801802302,3074024350,"no",NA,"/media/jianie/SequencingFiles_3/20211105_L3_L4_Counts/76632_V11_combine/outs/molecule_info.h5",20210707,"P101521","SI-TT-D6","CCCAGCTTCT","SI-TT-D6","GTTTGGTGTC"
282,"76632_V11_combine_force6012",60,20211105,"L3","76632_V11","SGLT2","SequencingFiles_3","20211105_L3_L4_Counts",6012,92408,2527,555559035,6367,43457,7e+08,0.0900092801802302,3074024350,NA,NA,"/media/jianie/SequencingFiles_3/20211105_L3_L4_Counts/76632_V11_combine_force6012/outs/molecule_info.h5",20210707,"P101521","SI-TT-D6","CCCAGCTTCT","SI-TT-D6","GTTTGGTGTC"
102,"76632_V11_2nd",60,20211105,"L3","76632_V11","SGLT2","SequencingFiles_3","20211105_L3_L4_Counts",5695,35331,1836,201208589,6367,43457,7e+08,0.0900092801802302,3074024350,"no","Original","/media/jianie/SequencingFiles_3/20211105_L3_L4_Counts/76632_V11_2nd/outs/molecule_info.h5",20210707,"P101521","SI-TT-D6","CCCAGCTTCT","SI-TT-D6","GTTTGGTGTC"
103,"76643_V5_2nd",61,20211105,"L3","76643_V5","SGLT2","SequencingFiles_3","20211105_L3_L4_Counts",1950,13096,1234,25537895,3870,8371,4.28e+08,0.0105385534763249,3074024350,"no","Original","/media/jianie/SequencingFiles_3/20211105_L3_L4_Counts/76643_V5_2nd/outs/molecule_info.h5",20210707,"P101521","SI-TT-E6","TTGAGAGTCA","SI-TT-E6","CTACCAGGTT"
118,"76643_V5_combine",61,20211105,"L3","76643_V5","SGLT2","SequencingFiles_3","20211105_L3_L4_Counts",3970,95753,1888,380140590,3870,8371,4.28e+08,0.0105385534763249,3074024350,"Yes",NA,"/media/jianie/SequencingFiles_3/20211105_L3_L4_Counts/76643_V5_combine/outs/molecule_info.h5",20210707,"P101521","SI-TT-E6","TTGAGAGTCA","SI-TT-E6","CTACCAGGTT"
235,"76647_V5_combine_force9410",62,20211105,"L3","76647_V5","SGLT2","SequencingFiles_3","20211105_L3_L4_Counts",9410,118272,4340,1112943723,11600,58583,435700000,0.221066173402302,3074024350,"Yes",NA,"/media/jianie/SequencingFiles_3/20211105_L3_L4_Counts/76647_V5_combine_force9410/outs/molecule_info.h5",20210713,"P101521","SI-TT-B7","GCCTTCGGTA","SI-TT-B7","AAATCGTTGG"
104,"76647_V5_2nd",62,20211105,"L3","76647_V5","SGLT2","SequencingFiles_3","20211105_L3_L4_Counts",12284,52159,3086,640719935,11600,58583,435700000,0.221066173402302,3074024350,"no","Original","/media/jianie/SequencingFiles_3/20211105_L3_L4_Counts/76647_V5_2nd/outs/molecule_info.h5",20210713,"P101521","SI-TT-B7","GCCTTCGGTA","SI-TT-B7","AAATCGTTGG"
169,"76647_V5_combine_force12000",62,20211105,"L3","76647_V5","SGLT2","SequencingFiles_3","20211105_L3_L4_Counts",12000,92745,3762,1112943723,11600,58583,435700000,0.221066173402302,3074024350,NA,NA,"/media/jianie/SequencingFiles_3/20211105_L3_L4_Counts/76647_V5_combine_force12000/outs/molecule_info.h5",20210713,"P101521","SI-TT-B7","GCCTTCGGTA","SI-TT-B7","AAATCGTTGG"
119,"76647_V5_combine",62,20211105,"L3","76647_V5","SGLT2","SequencingFiles_3","20211105_L3_L4_Counts",14671,76420,3137,1121158581,11600,58583,435700000,0.221066173402302,3074024350,"no",NA,"/media/jianie/SequencingFiles_3/20211105_L3_L4_Counts/76647_V5_combine/outs/molecule_info.h5",20210713,"P101521","SI-TT-B7","GCCTTCGGTA","SI-TT-B7","AAATCGTTGG"
112,"STARR_051_combine",63,20211105,"L3","STARR_051","STARR","SequencingFiles_3","20211105_L3_L4_Counts",10180,65165,3150,663376635,9287,65607,609292209,0.198206695727703,3074024350,"no",NA,"/media/jianie/SequencingFiles_3/20211105_L3_L4_Counts/STARR_051_combine/outs/molecule_info.h5",20210713,"P101521","SI-TT-C7","CGCGCACTTA","SI-TT-C7","AGAATACAGG"
105,"STARR_051_2nd",63,20211105,"L3","STARR_051","STARR","SequencingFiles_3","20211105_L3_L4_Counts",9335,36848,2688,343972393,9287,65607,609292209,0.198206695727703,3074024350,"no","Original","/media/jianie/SequencingFiles_3/20211105_L3_L4_Counts/STARR_051_2nd/outs/molecule_info.h5",20210713,"P101521","SI-TT-C7","CGCGCACTTA","SI-TT-C7","AGAATACAGG"
287,"76649_V5_combine_force14435",64,20211105,"L3","76649_V5","SGLT2","SequencingFiles_3","20211105_L3_L4_Counts",14435,101141,2781,1459966283,14332,65351,435700000,0.304685462885159,3074024350,NA,NA,"/media/jianie/SequencingFiles_3/20211105_L3_L4_Counts/76649_V5_combine_force14435/outs/molecule_info.h5",20210723,"P101521","SI-TT-F7","AATGTATCCA","SI-TT-F7","TAAGCTCATT"
126,"76649_V5_combine_force15000",64,20211105,"L3","76649_V5","SGLT2","SequencingFiles_3","20211105_L3_L4_Counts",15000,97331,2698,1459966283,14332,65351,435700000,0.304685462885159,3074024350,NA,NA,"/media/jianie/SequencingFiles_3/20211105_L3_L4_Counts/76649_V5_combine_force15000/outs/molecule_info.h5",20210723,"P101521","SI-TT-F7","AATGTATCCA","SI-TT-F7","TAAGCTCATT"
236,"76649_V5_combine_force14472",64,20211105,"L3","76649_V5","SGLT2","SequencingFiles_3","20211105_L3_L4_Counts",14472,100882,2778,1459966283,14332,65351,435700000,0.304685462885159,3074024350,"Yes",NA,"/media/jianie/SequencingFiles_3/20211105_L3_L4_Counts/76649_V5_combine_force14472/outs/molecule_info.h5",20210723,"P101521","SI-TT-F7","AATGTATCCA","SI-TT-F7","TAAGCTCATT"
120,"76649_V5_combine",64,20211105,"L3","76649_V5","SGLT2","SequencingFiles_3","20211105_L3_L4_Counts",19785,74181,2016,1467668630,14332,65351,435700000,0.304685462885159,3074024350,"no",NA,"/media/jianie/SequencingFiles_3/20211105_L3_L4_Counts/76649_V5_combine/outs/molecule_info.h5",20210723,"P101521","SI-TT-F7","AATGTATCCA","SI-TT-F7","TAAGCTCATT"
106,"76649_V5_2nd",64,20211105,"L3","76649_V5","SGLT2","SequencingFiles_3","20211105_L3_L4_Counts",17856,54384,2072,971077397,14332,65351,435700000,0.304685462885159,3074024350,"no","Original","/media/jianie/SequencingFiles_3/20211105_L3_L4_Counts/76649_V5_2nd/outs/molecule_info.h5",20210723,"P101521","SI-TT-F7","AATGTATCCA","SI-TT-F7","TAAGCTCATT"
128,"76638_V5_Muscle_combine_force10000",65,20211105,"L4","76638_V5_Muscle","SGLT2","SequencingFiles_3","20211105_L3_L4_Counts",10000,82347,1928,823472174,14491,36812,7e+08,0.172942395424857,3084510832,"no",NA,"/media/jianie/SequencingFiles_3/20211105_L3_L4_Counts/76638_V5_Muscle_combine_force10000/outs/molecule_info.h5",20210623,"76638-v5_mus-fat_musi","SI-TT-E7","GTCCTTCGGC","SI-TT-E7","CTGTGCATGA"
107,"76638_V5_Muscle_2nd",65,20211105,"L4","76638_V5_Muscle","SGLT2","SequencingFiles_3","20211105_L3_L4_Counts",15564,31676,1305,492998128,14491,36812,7e+08,0.172942395424857,3084510832,"no","Original","/media/jianie/SequencingFiles_3/20211105_L3_L4_Counts/76638_V5_Muscle_2nd/outs/molecule_info.h5",20210623,"76638-v5_mus-fat_musi","SI-TT-E7","GTCCTTCGGC","SI-TT-E7","CTGTGCATGA"
117,"76638_V5_Muscle_combine",65,20211105,"L4","76638_V5_Muscle","SGLT2","SequencingFiles_3","20211105_L3_L4_Counts",17819,46525,1478,829021637,14491,36812,7e+08,0.172942395424857,3084510832,"no",NA,"/media/jianie/SequencingFiles_3/20211105_L3_L4_Counts/76638_V5_Muscle_combine/outs/molecule_info.h5",20210623,"76638-v5_mus-fat_musi","SI-TT-E7","GTCCTTCGGC","SI-TT-E7","CTGTGCATGA"
284,"76638_V5_combine_force9413",66,20211105,"L4","76638_V5","SGLT2","SequencingFiles_3","20211105_L3_L4_Counts",9413,74562,2851,701851123,7769,58060,7e+08,0.146236523250439,3084510832,NA,NA,"/media/jianie/SequencingFiles_3/20211105_L3_L4_Counts/76638_V5_combine_force9413/outs/molecule_info.h5",20210623,"76638-v5_mus-fat_musi","SI-TT-D7","CCTGTCAGGG","SI-TT-D7","GTTACGGGCT"
116,"76638_V5_combine",66,20211105,"L4","76638_V5","SGLT2","SequencingFiles_3","20211105_L3_L4_Counts",8661,81616,3013,706875717,7769,58060,7e+08,0.146236523250439,3084510832,"Yes",NA,"/media/jianie/SequencingFiles_3/20211105_L3_L4_Counts/76638_V5_combine/outs/molecule_info.h5",20210623,"76638-v5_mus-fat_musi","SI-TT-D7","CCTGTCAGGG","SI-TT-D7","GTTACGGGCT"
108,"76638_V5_2nd",66,20211105,"L4","76638_V5","SGLT2","SequencingFiles_3","20211105_L3_L4_Counts",7807,48808,2724,381040696,7769,58060,7e+08,0.146236523250439,3084510832,"no","Original","/media/jianie/SequencingFiles_3/20211105_L3_L4_Counts/76638_V5_2nd/outs/molecule_info.h5",20210623,"76638-v5_mus-fat_musi","SI-TT-D7","CCTGTCAGGG","SI-TT-D7","GTTACGGGCT"
109,"76656_V5",67,20211105,"L4","76656_V5","SGLT2","SequencingFiles_3","20211105_L3_L4_Counts",7892,88054,1951,694920731,10000,70000,4.28e+08,0.226940360441568,3084510832,NA,"Original","/media/jianie/SequencingFiles_3/20211105_L3_L4_Counts/76656_V5/outs/molecule_info.h5",20210826,"76638-v5_mus-fat_musi","SI-GA-H11","GGCGAGTA, ACTTCTAT, CAAATACG, TTGCGCGC","N/A","N/A"
168,"76656_V5_force6500",67,20211105,"L4","76656_V5","SGLT2","SequencingFiles_3","20211105_L3_L4_Counts",6500,106911,2270,694920731,10000,70000,4.28e+08,0.226940360441568,3084510832,NA,NA,"/media/jianie/SequencingFiles_3/20211105_L3_L4_Counts/76656_V5_force6500/outs/molecule_info.h5",20210826,"76638-v5_mus-fat_musi","SI-GA-H11","GGCGAGTA, ACTTCTAT, CAAATACG, TTGCGCGC","N/A","N/A"
127,"76658_V5_force10000",68,20211105,"L4","76658_V5","SGLT2","SequencingFiles_3","20211105_L3_L4_Counts",10000,66569,3218,665689450,10000,70000,7e+08,0.226940360441568,3084510832,"no",NA,"/media/jianie/SequencingFiles_3/20211105_L3_L4_Counts/76658_V5_force10000/outs/molecule_info.h5",20210924,"76638-v5_mus-fat_musi","SI-TT-B3","CACGGTGAAT","SI-TT-B3","TGTGACGAAC"
110,"76658_V5",68,20211105,"L4","76658_V5","SGLT2","SequencingFiles_3","20211105_L3_L4_Counts",18608,35774,2151,665689450,10000,70000,7e+08,0.226940360441568,3084510832,"no","Original","/media/jianie/SequencingFiles_3/20211105_L3_L4_Counts/76658_V5/outs/molecule_info.h5",20210924,"76638-v5_mus-fat_musi","SI-TT-B3","CACGGTGAAT","SI-TT-B3","TGTGACGAAC"
111,"76638_V11",69,20211105,"L4","76638_V11","SGLT2","SequencingFiles_3","20211105_L3_L4_Counts",22333,27312,2006,609968498,10000,70000,7e+08,0.226940360441568,3084510832,"no","Original","/media/jianie/SequencingFiles_3/20211105_L3_L4_Counts/76638_V11/outs/molecule_info.h5",20211001,"76638-v5_mus-fat_musi","SI-TT-B4","GTAGACGAAA","SI-TT-B4","ACCACACTAG"
125,"76638_V11_force10000",69,20211105,"L4","76638_V11","SGLT2","SequencingFiles_3","20211105_L3_L4_Counts",10000,60997,3039,609968498,10000,70000,7e+08,0.226940360441568,3084510832,"no",NA,"/media/jianie/SequencingFiles_3/20211105_L3_L4_Counts/76638_V11_force10000/outs/molecule_info.h5",20211001,"76638-v5_mus-fat_musi","SI-TT-B4","GTAGACGAAA","SI-TT-B4","ACCACACTAG"
247,"STARR_026_combine_force8966",70,20220616,"L1","STARR_026","STARR","SequencingFiles_3","20220616_L1_Counts",8966,106342,2002,953461413,6512,25000,162800000,0.055,2954800000,"Yes",NA,"/media/jianie/SequencingFiles_3/20220616_L1_Counts/STARR_026_combine_force8966/outs/molecule_info.h5",20190909,"P20220001","SI-GA-F7","CGTGCAGA, AACAAGAT, TCGCTTCG, GTATGCTC","N/A","N/A"
130,"STARR_026_2nd",70,20220616,"L1","STARR_026","STARR","SequencingFiles_3","20220616_L1_Counts",6338,51119,1922,323989883,6512,25000,162800000,0.055,2954800000,"no","Original","/media/jianie/SequencingFiles_3/20220616_L1_Counts/STARR_026_2nd/outs/molecule_info.h5",20190909,"P20220001","SI-GA-F7","CGTGCAGA, AACAAGAT, TCGCTTCG, GTATGCTC","N/A","N/A"
155,"STARR_026_combine",70,20220616,"L1","STARR_026","STARR","SequencingFiles_3","20220616_L1_Counts",11181,85275,1608,953461413,6512,25000,162800000,0.055,2954800000,"no",NA,"/media/jianie/SequencingFiles_3/20220616_L1_Counts/STARR_026_combine/outs/molecule_info.h5",20190909,"P20220001","SI-GA-F7","CGTGCAGA, AACAAGAT, TCGCTTCG, GTATGCTC","N/A","N/A"
214,"STARR_041_combine3_force13000",71,20220616,"L1","STARR_041","STARR","SequencingFiles_3","20220616_L1_Counts",13000,119305,2912,1550968370,12710,35000,444850000,0.151,2954800000,NA,NA,"/media/jianie/SequencingFiles_3/20220616_L1_Counts/STARR_041_combine3_force13000/outs/molecule_info.h5",20190923,"P20220001","SI-GA-C7","GTCTCTCG,AATCTCTC,CGGAGGGA,TCAGAAAT","N/A","N/A"
156,"STARR_041_combine3",71,20220616,"L1","STARR_041","STARR","SequencingFiles_3","20220616_L1_Counts",15847,97871,1959,1550968370,12710,35000,444850000,0.151,2954800000,"Yes",NA,"/media/jianie/SequencingFiles_3/20220616_L1_Counts/STARR_041_combine3/outs/molecule_info.h5",20190923,"P20220001","SI-GA-C7","GTCTCTCG,AATCTCTC,CGGAGGGA,TCAGAAAT","N/A","N/A"
131,"STARR_041_3rd",71,20220616,"L1","STARR_041","STARR","SequencingFiles_3","20220616_L1_Counts",10131,63473,2953,643048258,12710,35000,444850000,0.151,2954800000,"no","Original","/media/jianie/SequencingFiles_3/20220616_L1_Counts/STARR_041_3rd/outs/molecule_info.h5",20190923,"P20220001","SI-GA-C7","GTCTCTCG,AATCTCTC,CGGAGGGA,TCAGAAAT","N/A","N/A"
165,"STARR_043_combine_force9000",72,20220616,"L1","STARR_043","STARR","SequencingFiles_3","20220616_L1_Counts",9000,97522,2426,877693939,9886,25000,247150000,0.084,2954800000,NA,NA,"/media/jianie/SequencingFiles_3/20220616_L1_Counts/STARR_043_combine_force9000/outs/molecule_info.h5",20201119,"P20220001","SI-GA-D7","ATTTGCTA,TAGACACC,CCACAGGG,GGCGTTAT","N/A","N/A"
132,"STARR_043_2nd",72,20220616,"L1","STARR_043","STARR","SequencingFiles_3","20220616_L1_Counts",6692,6627,1206,44350197,9886,25000,247150000,0.084,2954800000,"no","Original","/media/jianie/SequencingFiles_3/20220616_L1_Counts/STARR_043_2nd/outs/molecule_info.h5",20201119,"P20220001","SI-GA-D7","ATTTGCTA,TAGACACC,CCACAGGG,GGCGTTAT","N/A","N/A"
158,"STARR_043_combine",72,20220616,"L1","STARR_043","STARR","SequencingFiles_3","20220616_L1_Counts",9924,88442,2206,877693939,9886,25000,247150000,0.084,2954800000,"no",NA,"/media/jianie/SequencingFiles_3/20220616_L1_Counts/STARR_043_combine/outs/molecule_info.h5",20201119,"P20220001","SI-GA-D7","ATTTGCTA,TAGACACC,CCACAGGG,GGCGTTAT","N/A","N/A"
269,"STARR_043_combine_force9146",72,20220616,"L1","STARR_043","STARR","SequencingFiles_3","20220616_L1_Counts",9146,95965,2390,877693939,9886,25000,247150000,0.084,2954800000,"Yes",NA,"/media/jianie/SequencingFiles_3/20220616_L1_Counts/STARR_043_combine_force9146/outs/molecule_info.h5",20201119,"P20220001","SI-GA-D7","ATTTGCTA,TAGACACC,CCACAGGG,GGCGTTAT","N/A","N/A"
233,"STARR_059_force5782",73,20220616,"L1","STARR_059","STARR","SequencingFiles_3","20220616_L1_Counts",5782,122118,2574,706088154,10000,70000,7e+08,0.236902666847164,2954800000,NA,NA,"/media/jianie/SequencingFiles_3/20220616_L1_Counts/STARR_059_force5782/outs/molecule_info.h5",20211028,"P20220001","SI-TT-D4","GCAGTATAGG","SI-TT-D4","GTGCACGGAA"
133,"STARR_059",73,20220616,"L1","STARR_059","STARR","SequencingFiles_3","20220616_L1_Counts",5804,121655,2567,706088154,10000,70000,7e+08,0.236902666847164,2954800000,NA,"Original","/media/jianie/SequencingFiles_3/20220616_L1_Counts/STARR_059/outs/molecule_info.h5",20211028,"P20220001","SI-TT-D4","GCAGTATAGG","SI-TT-D4","GTGCACGGAA"
271,"STARR_059_force5793",73,20220616,"L1","STARR_059","STARR","SequencingFiles_3","20220616_L1_Counts",5793,121886,2572,706088154,10000,70000,7e+08,0.236902666847164,2954800000,"Yes",NA,"/media/jianie/SequencingFiles_3/20220616_L1_Counts/STARR_059_force5793/outs/molecule_info.h5",20211028,"P20220001","SI-TT-D4","GCAGTATAGG","SI-TT-D4","GTGCACGGAA"
134,"STARR_060",74,20220616,"L1","STARR_060","STARR","SequencingFiles_3","20220616_L1_Counts",13939,47277,2069,658998404,10000,70000,7e+08,0.236902666847164,2954800000,NA,"Original","/media/jianie/SequencingFiles_3/20220616_L1_Counts/STARR_060/outs/molecule_info.h5",20211111,"P20220001","SI-TT-D7","CCTGTCAGGG","SI-TT-D7","GTTACGGGCT"
135,"STARR_063",75,20220616,"L1","STARR_063","STARR","SequencingFiles_3","20220616_L1_Counts",9511,55184,2315,524854542,10000,70000,7e+08,0.236902666847164,2954800000,NA,"Original","/media/jianie/SequencingFiles_3/20220616_L1_Counts/STARR_063/outs/molecule_info.h5",20211210,"P20220001","SI-TT-H3","CCCGTTCTCG","SI-TT-H3","CCAATCCGTC"
136,"76643_V11",76,20220620,"L1","76643_V11","SGLT2","SequencingFiles_3","20220620_Counts",18171,39121,2669,710859245,10000,70000,7e+08,0.25,2.8e+09,NA,"Original","/media/jianie/SequencingFiles_3/20220620_Counts/76643_V11/outs/molecule_info.h5",20211011,"P20220002","SI-TT-B5","TCGGCTCTAC","SI-TT-B5","AGACCATCGG"
137,"76649_V11",77,20220620,"L1","76649_V11","SGLT2","SequencingFiles_3","20220620_Counts",16834,41862,2487,704707035,10000,70000,7e+08,0.25,2.8e+09,NA,"Original","/media/jianie/SequencingFiles_3/20220620_Counts/76649_V11/outs/molecule_info.h5",20211102,"P20220002","SI-TT-D5","TGGTTCGGGT","SI-TT-D5","CTCCTGCCAC"
138,"76647_V11",78,20220620,"L1","76647_V11","SGLT2","SequencingFiles_3","20220620_Counts",13672,58984,2691,806422492,10000,70000,7e+08,0.25,2.8e+09,NA,"Original","/media/jianie/SequencingFiles_3/20220620_Counts/76647_V11/outs/molecule_info.h5",20211111,"P20220002","SI-TT-D6","CCCAGCTTCT","SI-TT-D6","GTTTGGTGTC"
139,"76656_V11",79,20220620,"L1","76656_V11","SGLT2","SequencingFiles_3","20220620_Counts",13505,52395,2519,707598641,10000,70000,7e+08,0.25,2.8e+09,NA,"Original","/media/jianie/SequencingFiles_3/20220620_Counts/76656_V11/outs/molecule_info.h5",20211209,"P20220002","SI-TT-H2","TAGCATAGTG","SI-TT-H2","GACAGAGCCG"
140,"76658_V11",80,20220620,"L2","76658_V11","SGLT2","SequencingFiles_3","20220620_Counts",19146,35520,1996,680068076,10000,70000,7e+08,0.259259259259259,2.7e+09,NA,"Original","/media/jianie/SequencingFiles_3/20220620_Counts/76658_V11/outs/molecule_info.h5",20211213,"P20220003","SI-TT-H4","AGTTTCCTGG","SI-TT-H4","CTGTGTGGCA"
172,"76638_V11_combine_force15000",81,20220620,"L2","76638_V11","SGLT2","SequencingFiles_3","20220620_Counts",15000,62358,2901,935376480,15000,20000,3e+08,0.111111111111111,2.7e+09,NA,NA,"/media/jianie/SequencingFiles_3/20220620_Counts/76638_V11_combine_force15000/outs/molecule_info.h5",20211001,"P20220003","SI-TT-B4","GTAGACGAAA","SI-TT-B4","ACCACACTAG"
154,"76638_V11_combine",81,20220620,"L2","76638_V11","SGLT2","SequencingFiles_3","20220620_Counts",23246,40238,2241,935376480,15000,20000,3e+08,0.111111111111111,2.7e+09,NA,NA,"/media/jianie/SequencingFiles_3/20220620_Counts/76638_V11_combine/outs/molecule_info.h5",20211001,"P20220003","SI-TT-B4","GTAGACGAAA","SI-TT-B4","ACCACACTAG"
173,"76638_V11_combine_force18000",81,20220620,"L2","76638_V11","SGLT2","SequencingFiles_3","20220620_Counts",18000,51965,2635,935376480,15000,20000,3e+08,0.111111111111111,2.7e+09,NA,NA,"/media/jianie/SequencingFiles_3/20220620_Counts/76638_V11_combine_force18000/outs/molecule_info.h5",20211001,"P20220003","SI-TT-B4","GTAGACGAAA","SI-TT-B4","ACCACACTAG"
141,"76638_V11_2nd",81,20220620,"L2","76638_V11","SGLT2","SequencingFiles_3","20220620_Counts",21357,15237,1609,325407982,15000,20000,3e+08,0.111111111111111,2.7e+09,NA,"Original","/media/jianie/SequencingFiles_3/20220620_Counts/76638_V11_2nd/outs/molecule_info.h5",20211001,"P20220003","SI-TT-B4","GTAGACGAAA","SI-TT-B4","ACCACACTAG"
160,"76658_V5_combine_force12000",82,20220620,"L2","76658_V5","SGLT2","SequencingFiles_3","20220620_Counts",12000,84661,3305,1015928395,15000,20000,3e+08,0.111111111111111,2.7e+09,NA,NA,"/media/jianie/SequencingFiles_3/20220620_Counts/76658_V5_combine_force12000/outs/molecule_info.h5",20210924,"P20220003","SI-TT-B3","CACGGTGAAT","SI-TT-B3","TGTGACGAAC"
159,"76658_V5_combine",82,20220620,"L2","76658_V5","SGLT2","SequencingFiles_3","20220620_Counts",19432,52281,2400,1015928395,15000,20000,3e+08,0.111111111111111,2.7e+09,"no",NA,"/media/jianie/SequencingFiles_3/20220620_Counts/76658_V5_combine/outs/molecule_info.h5",20210924,"P20220003","SI-TT-B3","CACGGTGAAT","SI-TT-B3","TGTGACGAAC"
142,"76658_V5_2nd",82,20220620,"L2","76658_V5","SGLT2","SequencingFiles_3","20220620_Counts",17689,19800,1713,350238945,15000,20000,3e+08,0.111111111111111,2.7e+09,NA,"Original","/media/jianie/SequencingFiles_3/20220620_Counts/76658_V5_2nd/outs/molecule_info.h5",20210924,"P20220003","SI-TT-B3","CACGGTGAAT","SI-TT-B3","TGTGACGAAC"
143,"76660_V5",83,20220620,"L2","76660_V5","SGLT2","SequencingFiles_3","20220620_Counts",14606,56061,2538,818820178,10000,70000,7e+08,0.259259259259259,2.7e+09,NA,"Original","/media/jianie/SequencingFiles_3/20220620_Counts/76660_V5/outs/molecule_info.h5",20220120,"P20220003","SI-TT-H5","AGCAAGAAGC","SI-TT-H5","AGAAACACAA"
144,"76661_V5",84,20220620,"L2","76661_V5","SGLT2","SequencingFiles_3","20220620_Counts",11091,68439,2470,759054298,10000,70000,7e+08,0.259259259259259,2.7e+09,NA,"Original","/media/jianie/SequencingFiles_3/20220620_Counts/76661_V5/outs/molecule_info.h5",20220211,"P20220003","SI-TT-H6","CCTATCCTCG","SI-TT-H6","GTTAGTATTC"
145,"STARR_071",85,20220616,"L2","STARR_071","STARR","SequencingFiles_3","20220620_Counts",13279,49482,2899,657075869,10000,70000,7e+08,0.25,2.8e+09,NA,"Original","/media/jianie/SequencingFiles_3/20220620_Counts/STARR_071/outs/molecule_info.h5",20220304,"P20220004","SI_TT_H12","TGATGATTCA","SI_TT_H12","CGACTCCTAC"
146,"STARR_069",86,20220616,"L2","STARR_069","STARR","SequencingFiles_3","20220620_Counts",8650,81582,2669,705685439,10000,70000,7e+08,0.25,2.8e+09,NA,"Original","/media/jianie/SequencingFiles_3/20220620_Counts/STARR_069/outs/molecule_info.h5",20220311,"P20220004","SI-TT-A1","GTAACATGCG","SI-TT-A1","AGGTAACACT"
147,"STARR_073",87,20220616,"L2","STARR_073","STARR","SequencingFiles_3","20220620_Counts",19468,37378,2119,727682598,10000,70000,7e+08,0.25,2.8e+09,NA,"Original","/media/jianie/SequencingFiles_3/20220620_Counts/STARR_073/outs/molecule_info.h5",20220318,"P20220004","SI-TT-A2","GTGGATCAAA","SI-TT-A2","CAGGGTTGGC"
148,"STARR_072",88,20220616,"L2","STARR_072","STARR","SequencingFiles_3","20220620_Counts",12639,69661,2524,880447206,10000,70000,7e+08,0.25,2.8e+09,NA,"Original","/media/jianie/SequencingFiles_3/20220620_Counts/STARR_072/outs/molecule_info.h5",20220325,"P20220004","SI-TT-A3","CACTACGAAA","SI-TT-A3","ATCAGTCTAA"
149,"STARR_075",89,20220616,"L3","STARR_075","STARR","SequencingFiles_3","20220620_Counts",17131,37853,2187,648461411,10000,60000,6e+08,0.2,3e+09,NA,"Original","/media/jianie/SequencingFiles_3/20220620_Counts/STARR_075/outs/molecule_info.h5",20220407,"P20220005","SI-TT-A4","CTCTAGCGAG","SI-TT-A4","GATGAAGATA"
150,"STARR_077",90,20220616,"L3","STARR_077","STARR","SequencingFiles_3","20220620_Counts",12248,54059,2908,662115461,10000,60000,6e+08,0.2,3e+09,NA,"Original","/media/jianie/SequencingFiles_3/20220620_Counts/STARR_077/outs/molecule_info.h5",20220428,"P20220005","SI-TT-A5","GTAGCCCTGT","SI-TT-A5","ATAGATGCTC"
171,"STARR_077_FZ_force18417",91,20220616,"L3","STARR_077","STARR","SequencingFiles_3","20220620_Counts",18417,27619,2677,508658790,10000,60000,6e+08,0.2,3e+09,NA,NA,"/media/jianie/SequencingFiles_3/20220620_Counts/STARR_077_FZ_force18417/outs/molecule_info.h5",20220428,"P20220005","SI-TT-A6","TAACGCGTGA","SI-TT-A6","GAAGTTAGGG"
166,"STARR_077_FZ_force12248",91,20220616,"L3","STARR_077","STARR","SequencingFiles_3","20220620_Counts",12248,41530,3130,508658790,10000,60000,6e+08,0.2,3e+09,NA,NA,"/media/jianie/SequencingFiles_3/20220620_Counts/STARR_077_FZ_force12248/outs/molecule_info.h5",20220428,"P20220005","SI-TT-A6","TAACGCGTGA","SI-TT-A6","GAAGTTAGGG"
151,"STARR_077_FZ",91,20220616,"L3","STARR_077","STARR","SequencingFiles_3","20220620_Counts",30618,16613,1993,508658790,10000,60000,6e+08,0.2,3e+09,"FZ test","Original","/media/jianie/SequencingFiles_3/20220620_Counts/STARR_077_FZ/outs/molecule_info.h5",20220428,"P20220005","SI-TT-A6","TAACGCGTGA","SI-TT-A6","GAAGTTAGGG"
152,"STARR_077_LS",92,20220616,"L3","STARR_077","STARR","SequencingFiles_3","20220620_Counts",18417,31623,1977,582394578,10000,60000,6e+08,0.2,3e+09,"FZ test","Original","/media/jianie/SequencingFiles_3/20220620_Counts/STARR_077_LS/outs/molecule_info.h5",20220428,"P20220005","SI-TT-A7","TCCCAAGGGT","SI-TT-A7","AAAGGTAGTA"
167,"STARR_077_LS_force12248",92,20220616,"L3","STARR_077","STARR","SequencingFiles_3","20220620_Counts",12248,47550,2805,582394578,10000,60000,6e+08,0.2,3e+09,NA,NA,"/media/jianie/SequencingFiles_3/20220620_Counts/STARR_077_LS_force12248/outs/molecule_info.h5",20220428,"P20220005","SI-TT-A7","TCCCAAGGGT","SI-TT-A7","AAAGGTAGTA"
153,"STARR_079",93,20220616,"L3","STARR_079","STARR","SequencingFiles_3","20220620_Counts",13151,44789,2460,589025112,10000,60000,6e+08,0.2,3e+09,NA,"Original","/media/jianie/SequencingFiles_3/20220620_Counts/STARR_079/outs/molecule_info.h5",20220505,"P20220005","SI-TT-A8","CGAAGTATAC","SI-TT-A8","CTCCAAGTTC"
176,"76662_V5",94,20220715,"L3","76662_V5","SGLT2","SequencingFiles_4","20220715_Counts",9266,62701,2372,580988437,10000,60000,6e+08,0.2,3e+09,NA,"Original","/media/jianie/SequencingFiles_4/20220715_Counts/76662_V5/outs/molecule_info.h5",20220216,"P20220006","SI-TT-H7","ACCTCGAGCT","SI-TT-H7","ATCGAACACA"
177,"76664_V5",95,20220715,"L3","76664_V5","SGLT2","SequencingFiles_4","20220715_Counts",11784,43884,2804,517123870,10000,60000,6e+08,0.2,3e+09,NA,"Original","/media/jianie/SequencingFiles_4/20220715_Counts/76664_V5/outs/molecule_info.h5",20220405,"P20220006","SI-TT-B4","GTAGACGAAA","SI-TT-B4","ACCACACTAG"
178,"76660_V11",96,20220715,"L3","76660_V11","SGLT2","SequencingFiles_4","20220715_Counts",12905,39494,2190,509668347,10000,60000,6e+08,0.2,3e+09,NA,"Original","/media/jianie/SequencingFiles_4/20220715_Counts/76660_V11/outs/molecule_info.h5",20220503,"P20220006","SI-TT-B5","TCGGCTCTAC","SI-TT-B5","AGACCATCGG"
179,"76661_V11",97,20220715,"L3","76661_V11","SGLT2","SequencingFiles_4","20220715_Counts",18148,30202,2189,548108581,10000,60000,6e+08,0.2,3e+09,NA,"Original","/media/jianie/SequencingFiles_4/20220715_Counts/76661_V11/outs/molecule_info.h5",20220517,"P20220006","SI-TT-B9","TATTGAGGCA","SI-TT-B9","CACTTACCTG"
180,"76662_V11",98,20220715,"L3","76662_V11","SGLT2","SequencingFiles_4","20220715_Counts",9565,62740,2391,600104724,10000,60000,6e+08,0.2,3e+09,NA,"Original","/media/jianie/SequencingFiles_4/20220715_Counts/76662_V11/outs/molecule_info.h5",20220607,"P20220006","SI-TT-C4","TTCTCGATGA","SI-TT-C4","GTGCCCGACA"
279,"STARR_080_force4270",99,20220715,"L4","STARR_080","STARR","SequencingFiles_4","20220715_Counts",4270,112157,3192,478908775,10000,60000,6e+08,0.2,3e+09,"Yes",NA,"/media/jianie/SequencingFiles_4/20220715_Counts/STARR_080_force4270/outs/molecule_info.h5",20220517,"P20220007","SI-TT-B10","GCCCGATGGA","SI-TT-B10","CTAGACGATT"
217,"STARR_080_force8000",99,20220715,"L4","STARR_080","STARR","SequencingFiles_4","20220715_Counts",8000,59864,741,478908775,10000,60000,6e+08,0.2,3e+09,NA,NA,"/media/jianie/SequencingFiles_4/20220715_Counts/STARR_080_force8000/outs/molecule_info.h5",20220517,"P20220007","SI-TT-B10","GCCCGATGGA","SI-TT-B10","CTAGACGATT"
229,"STARR_080_force5000",99,20220715,"L4","STARR_080","STARR","SequencingFiles_4","20220715_Counts",5000,95782,2823,478908775,10000,60000,6e+08,0.2,3e+09,NA,NA,"/media/jianie/SequencingFiles_4/20220715_Counts/STARR_080_force5000/outs/molecule_info.h5",20220517,"P20220007","SI-TT-B10","GCCCGATGGA","SI-TT-B10","CTAGACGATT"
244,"STARR_080_force4315",99,20220715,"L4","STARR_080","STARR","SequencingFiles_4","20220715_Counts",4315,110987,3169,478908775,10000,60000,6e+08,0.2,3e+09,NA,NA,"/media/jianie/SequencingFiles_4/20220715_Counts/STARR_080_force4315/outs/molecule_info.h5",20220517,"P20220007","SI-TT-B10","GCCCGATGGA","SI-TT-B10","CTAGACGATT"
181,"STARR_080",99,20220715,"L4","STARR_080","STARR","SequencingFiles_4","20220715_Counts",9025,53065,636,478908775,10000,60000,6e+08,0.2,3e+09,NA,"Original","/media/jianie/SequencingFiles_4/20220715_Counts/STARR_080/outs/molecule_info.h5",20220517,"P20220007","SI-TT-B10","GCCCGATGGA","SI-TT-B10","CTAGACGATT"
182,"STARR_081",100,20220715,"L4","STARR_081","STARR","SequencingFiles_4","20220715_Counts",10076,51566,2128,519581313,10000,60000,6e+08,0.2,3e+09,NA,"Original","/media/jianie/SequencingFiles_4/20220715_Counts/STARR_081/outs/molecule_info.h5",20220531,"P20220007","SI-TT-C2","CAATCCCGAC","SI-TT-C2","TACTACTCGG"
218,"STARR_082_force10000",101,20220715,"L4","STARR_082","STARR","SequencingFiles_4","20220715_Counts",10000,49529,2231,495291849,10000,60000,6e+08,0.2,3e+09,NA,NA,"/media/jianie/SequencingFiles_4/20220715_Counts/STARR_082_force10000/outs/molecule_info.h5",20220607,"P20220007","SI-TT-C3","ATGGCTTGTG","SI-TT-C3","CACAACATTC"
183,"STARR_082",101,20220715,"L4","STARR_082","STARR","SequencingFiles_4","20220715_Counts",14084,35167,1796,495291849,10000,60000,6e+08,0.2,3e+09,NA,"Original","/media/jianie/SequencingFiles_4/20220715_Counts/STARR_082/outs/molecule_info.h5",20220607,"P20220007","SI-TT-C3","ATGGCTTGTG","SI-TT-C3","CACAACATTC"
219,"STARR_083_force10000",102,20220715,"L4","STARR_083","STARR","SequencingFiles_4","20220715_Counts",10000,65544,2605,655435984,10000,60000,6e+08,0.2,3e+09,NA,NA,"/media/jianie/SequencingFiles_4/20220715_Counts/STARR_083_force10000/outs/molecule_info.h5",20220608,"P20220007","SI-TT-C5","TCCGTTGGAT","SI-TT-C5","GCGAGAACGT"
184,"STARR_083",102,20220715,"L4","STARR_083","STARR","SequencingFiles_4","20220715_Counts",16806,39000,1592,655435984,10000,60000,6e+08,0.2,3e+09,NA,"Original","/media/jianie/SequencingFiles_4/20220715_Counts/STARR_083/outs/molecule_info.h5",20220608,"P20220007","SI-TT-C5","TCCGTTGGAT","SI-TT-C5","GCGAGAACGT"
185,"STARR_085",103,20220715,"L4","STARR_085","STARR","SequencingFiles_4","20220715_Counts",10198,52721,1835,537653698,10000,60000,6e+08,0.2,3e+09,"Bar test","Original","/media/jianie/SequencingFiles_4/20220715_Counts/STARR_085/outs/molecule_info.h5",20220622,"P20220007","SI-TT-C6","ACGACTACCA","SI-TT-C6","TTAGGGTCGT"
186,"76658_V11_2nd",104,20220718,"L3","76658_V11","SGLT2","SequencingFiles_4","20220715_Counts",16442,12263,1188,201632668,19146,59480,1138804080,0.3892,2925739924,NA,"Original","/media/jianie/SequencingFiles_4/20220715_Counts/76658_V11_2nd/outs/molecule_info.h5",20211213,"P20220008","SI-TT-H4","AGTTTCCTGG","index2_workflow_b(i5)","CTGTGTGGCA"
187,"76649_V11_2nd",105,20220718,"L3","76649_V11","SGLT2","SequencingFiles_4","20220715_Counts",14520,10899,1534,158247680,16834,53138,894525092,0.3057,2925739924,NA,"Original","/media/jianie/SequencingFiles_4/20220715_Counts/76649_V11_2nd/outs/molecule_info.h5",20211102,"P20220008","SI-TT-D5","TGGTTCGGGT","index2_workflow_b(i5)","CTCCTGCCAC"
188,"76647_V11_2nd",106,20220718,"L3","76647_V11","SGLT2","SequencingFiles_4","20220715_Counts",10676,9456,1310,100952053,13672,36016,492410752,0.1683,2925739924,NA,"Original","/media/jianie/SequencingFiles_4/20220715_Counts/76647_V11_2nd/outs/molecule_info.h5",20211111,"P20220008","SI-TT-D6","CCCAGCTTCT","index2_workflow_b(i5)","GTTTGGTGTC"
280,"STARR_085_Bar_force9000",107,20220718,"L3","STARR_085","STARR","SequencingFiles_4","20220715_Counts",9000,282445,2156,2542002423,10000,40000,4e+08,0.1367,2925739924,"Yes",NA,"/media/jianie/SequencingFiles_4/20220715_Counts/STARR_085_Bar_force9000/outs/molecule_info.h5",20220622,"P20220008","SI-TT-A2","GTGGATCAAA","index2_workflow_b(i5)","CAGGGTTGGC"
220,"STARR_085_Bar_force10000",107,20220718,"L3","STARR_085","STARR","SequencingFiles_4","20220715_Counts",10000,254200,1378,2542002423,10000,40000,4e+08,0.1367,2925739924,NA,NA,"/media/jianie/SequencingFiles_4/20220715_Counts/STARR_085_Bar_force10000/outs/molecule_info.h5",20220622,"P20220008","SI-TT-A2","GTGGATCAAA","index2_workflow_b(i5)","CAGGGTTGGC"
228,"STARR_085_Bar_force8000",107,20220718,"L3","STARR_085","STARR","SequencingFiles_4","20220715_Counts",8000,317750,2633,2542002423,10000,40000,4e+08,0.1367,2925739924,NA,NA,"/media/jianie/SequencingFiles_4/20220715_Counts/STARR_085_Bar_force8000/outs/molecule_info.h5",20220622,"P20220008","SI-TT-A2","GTGGATCAAA","index2_workflow_b(i5)","CAGGGTTGGC"
189,"STARR_085_Bar",107,20220718,"L3","STARR_085","STARR","SequencingFiles_4","20220715_Counts",6094,417132,3163,2542002423,10000,40000,4e+08,0.1367,2925739924,NA,"Original","/media/jianie/SequencingFiles_4/20220715_Counts/STARR_085_Bar/outs/molecule_info.h5",20220622,"P20220008","SI-TT-A2","GTGGATCAAA","index2_workflow_b(i5)","CAGGGTTGGC"
190,"76643_V11_2nd",108,20220718,"L4","76643_V11","SGLT2","SequencingFiles_4","20220715_Counts",15908,11755,1648,186991746,18171,55879,1015377309,0.3437,2954088919,NA,"Original","/media/jianie/SequencingFiles_4/20220715_Counts/76643_V11_2nd/outs/molecule_info.h5",20211011,"P20220009","SI-TT-B5","TCGGCTCTAC","index2_workflow_b(i5)","AGACCATCGG"
191,"76660_V5_2nd",109,20220718,"L4","76660_V5","SGLT2","SequencingFiles_4","20220715_Counts",11654,9341,1271,108865707,14606,38939,568743034,0.1925,2954088919,NA,"Original","/media/jianie/SequencingFiles_4/20220715_Counts/76660_V5_2nd/outs/molecule_info.h5",20220120,"P20220009","SI-TT-H5","AGCAAGAAGC","index2_workflow_b(i5)","AGAAACACAA"
192,"76661_V5_2nd",110,20220718,"L4","76661_V5","SGLT2","SequencingFiles_4","20220715_Counts",8225,7662,1166,63023534,11091,26561,294588051,0.0997,2954088919,NA,"Original","/media/jianie/SequencingFiles_4/20220715_Counts/76661_V5_2nd/outs/molecule_info.h5",20220211,"P20220009","SI-TT-H6","CCTATCCTCG","index2_workflow_b(i5)","GTTAGTATTC"
193,"76656_V11_2nd",111,20220718,"L4","76656_V11","SGLT2","SequencingFiles_4","20220715_Counts",10719,9554,1199,102412602,13505,42605,575380525,0.1948,2954088919,NA,"Original","/media/jianie/SequencingFiles_4/20220715_Counts/76656_V11_2nd/outs/molecule_info.h5",20211209,"P20220009","SI-TT-H2","TAGCATAGTG","index2_workflow_b(i5)","GACAGAGCCG"
194,"STARR_077_10",112,20220718,"L4","STARR_077","STARR","SequencingFiles_4","20220715_Counts",15923,158163,3379,2518432258,10000,50000,5e+08,0.1693,2954088919,"FZ test","Original","/media/jianie/SequencingFiles_4/20220715_Counts/STARR_077_10/outs/molecule_info.h5",20220616,"P20220009","SI-TT-A1","GTAACATGCG","index2_workflow_b(i5)","AGGTAACACT"
234,"STARR_077_10_force12248",112,20220718,"L4","STARR_077","STARR","SequencingFiles_4","20220715_Counts",12248,205620,3900,2518432258,10000,50000,5e+08,0.1693,2954088919,NA,NA,"/media/jianie/SequencingFiles_4/20220715_Counts/STARR_077_10_force12248/outs/molecule_info.h5",20220616,"P20220009","SI-TT-A1","GTAACATGCG","index2_workflow_b(i5)","AGGTAACACT"
226,"STARR_063_combine_force9500",113,20220722,"L3","STARR_063","STARR","SequencingFiles_4","20220715_Counts",9500,90301,2677,857858458,9511,39816,378689976,0.14333477998051,2641996423,NA,NA,"/media/jianie/SequencingFiles_4/20220715_Counts/STARR_063_combine_force9500/outs/molecule_info.h5",20211210,"P20220010","SI-TT-H3","CCCGTTCTCG","index2_workflow_b(i5)","CCAATCCGTC"
204,"STARR_063_combine",113,20220722,"L3","STARR_063","STARR","SequencingFiles_4","20220715_Counts",10375,82685,2530,857858458,9511,39816,378689976,0.14333477998051,2641996423,NA,NA,"/media/jianie/SequencingFiles_4/20220715_Counts/STARR_063_combine/outs/molecule_info.h5",20211210,"P20220010","SI-TT-H3","CCCGTTCTCG","index2_workflow_b(i5)","CCAATCCGTC"
273,"STARR_063_combine_force7508",113,20220722,"L3","STARR_063","STARR","SequencingFiles_4","20220715_Counts",7508,114259,3071,857858458,9511,39816,378689976,0.14333477998051,2641996423,"Yes",NA,"/media/jianie/SequencingFiles_4/20220715_Counts/STARR_063_combine_force7508/outs/molecule_info.h5",20211210,"P20220010","SI-TT-H3","CCCGTTCTCG","index2_workflow_b(i5)","CCAATCCGTC"
256,"STARR_063_combine_force7705",113,20220722,"L3","STARR_063","STARR","SequencingFiles_4","20220715_Counts",7705,111338,3027,857858458,9511,39816,378689976,0.14333477998051,2641996423,NA,NA,"/media/jianie/SequencingFiles_4/20220715_Counts/STARR_063_combine_force7705/outs/molecule_info.h5",20211210,"P20220010","SI-TT-H3","CCCGTTCTCG","index2_workflow_b(i5)","CCAATCCGTC"
195,"STARR_063_2nd",113,20220722,"L3","STARR_063","STARR","SequencingFiles_4","20220715_Counts",8966,37141,2094,333003916,9511,39816,378689976,0.14333477998051,2641996423,NA,"Original","/media/jianie/SequencingFiles_4/20220715_Counts/STARR_063_2nd/outs/molecule_info.h5",20211210,"P20220010","SI-TT-H3","CCCGTTCTCG","index2_workflow_b(i5)","CCAATCCGTC"
274,"STARR_069_combine_force8196",114,20220722,"L3","STARR_069","STARR","SequencingFiles_4","20220715_Counts",8196,97650,2773,800342375,8650,13418,116065700,0.0439310587211949,2641996423,"Yes",NA,"/media/jianie/SequencingFiles_4/20220715_Counts/STARR_069_combine_force8196/outs/molecule_info.h5",20220311,"P20220010","SI-TT-A1","GTAACATGCG","index2_workflow_b(i5)","AGGTAACACT"
196,"STARR_069_2nd",114,20220722,"L3","STARR_069","STARR","SequencingFiles_4","20220715_Counts",7631,12404,1562,94656936,8650,13418,116065700,0.0439310587211949,2641996423,NA,"Original","/media/jianie/SequencingFiles_4/20220715_Counts/STARR_069_2nd/outs/molecule_info.h5",20220311,"P20220010","SI-TT-A1","GTAACATGCG","index2_workflow_b(i5)","AGGTAACACT"
252,"STARR_069_combine_force8231",114,20220722,"L3","STARR_069","STARR","SequencingFiles_4","20220715_Counts",8231,97235,2767,800342375,8650,13418,116065700,0.0439310587211949,2641996423,NA,NA,"/media/jianie/SequencingFiles_4/20220715_Counts/STARR_069_combine_force8231/outs/molecule_info.h5",20220311,"P20220010","SI-TT-A1","GTAACATGCG","index2_workflow_b(i5)","AGGTAACACT"
225,"STARR_069_combine_force8500",114,20220722,"L3","STARR_069","STARR","SequencingFiles_4","20220715_Counts",8500,94158,2735,800342375,8650,13418,116065700,0.0439310587211949,2641996423,NA,NA,"/media/jianie/SequencingFiles_4/20220715_Counts/STARR_069_combine_force8500/outs/molecule_info.h5",20220311,"P20220010","SI-TT-A1","GTAACATGCG","index2_workflow_b(i5)","AGGTAACACT"
205,"STARR_069_combine",114,20220722,"L3","STARR_069","STARR","SequencingFiles_4","20220715_Counts",8699,92004,2706,800342375,8650,13418,116065700,0.0439310587211949,2641996423,NA,NA,"/media/jianie/SequencingFiles_4/20220715_Counts/STARR_069_combine/outs/molecule_info.h5",20220311,"P20220010","SI-TT-A1","GTAACATGCG","index2_workflow_b(i5)","AGGTAACACT"
272,"STARR_060_combine_force9464",115,20220722,"L3","STARR_060","STARR","SequencingFiles_4","20220715_Counts",9464,148705,3131,1407347538,13939,47723,665210897,0.251783420752951,2641996423,"Yes",NA,"/media/jianie/SequencingFiles_4/20220715_Counts/STARR_060_combine_force9464/outs/molecule_info.h5",20211111,"P20220010","SI-TT-D7","CCTGTCAGGG","index2_workflow_b(i5)","GTTACGGGCT"
206,"STARR_060_combine",115,20220722,"L3","STARR_060","STARR","SequencingFiles_4","20220715_Counts",14743,95459,2359,1407347538,13939,47723,665210897,0.251783420752951,2641996423,NA,NA,"/media/jianie/SequencingFiles_4/20220715_Counts/STARR_060_combine/outs/molecule_info.h5",20211111,"P20220010","SI-TT-D7","CCTGTCAGGG","index2_workflow_b(i5)","GTTACGGGCT"
216,"STARR_060_combine_force12000",115,20220722,"L3","STARR_060","STARR","SequencingFiles_4","20220715_Counts",12000,117279,2724,1407347538,13939,47723,665210897,0.251783420752951,2641996423,NA,NA,"/media/jianie/SequencingFiles_4/20220715_Counts/STARR_060_combine_force12000/outs/molecule_info.h5",20211111,"P20220010","SI-TT-D7","CCTGTCAGGG","index2_workflow_b(i5)","GTTACGGGCT"
245,"STARR_060_combine_force9963",115,20220722,"L3","STARR_060","STARR","SequencingFiles_4","20220715_Counts",9963,141257,3050,1407347538,13939,47723,665210897,0.251783420752951,2641996423,NA,NA,"/media/jianie/SequencingFiles_4/20220715_Counts/STARR_060_combine_force9963/outs/molecule_info.h5",20211111,"P20220010","SI-TT-D7","CCTGTCAGGG","index2_workflow_b(i5)","GTTACGGGCT"
197,"STARR_060_2nd",115,20220722,"L3","STARR_060","STARR","SequencingFiles_4","20220715_Counts",14085,53131,2139,748349134,13939,47723,665210897,0.251783420752951,2641996423,NA,"Original","/media/jianie/SequencingFiles_4/20220715_Counts/STARR_060_2nd/outs/molecule_info.h5",20211111,"P20220010","SI-TT-D7","CCTGTCAGGG","index2_workflow_b(i5)","GTTACGGGCT"
207,"STARR_072_combine",116,20220722,"L3","STARR_072","STARR","SequencingFiles_4","20220715_Counts",14682,89474,2402,1313660155,12639,25339,320259621,0.121218794322342,2641996423,NA,NA,"/media/jianie/SequencingFiles_4/20220715_Counts/STARR_072_combine/outs/molecule_info.h5",20220325,"P20220010","SI-TT-A3","CACTACGAAA","index2_workflow_b(i5)","ATCAGTCTAA"
223,"STARR_072_combine_force12000",116,20220722,"L3","STARR_072","STARR","SequencingFiles_4","20220715_Counts",12000,109472,2790,1313660155,12639,25339,320259621,0.121218794322342,2641996423,NA,NA,"/media/jianie/SequencingFiles_4/20220715_Counts/STARR_072_combine_force12000/outs/molecule_info.h5",20220325,"P20220010","SI-TT-A3","CACTACGAAA","index2_workflow_b(i5)","ATCAGTCTAA"
198,"STARR_072_2nd",116,20220722,"L3","STARR_072","STARR","SequencingFiles_4","20220715_Counts",10930,39635,2314,433212949,12639,25339,320259621,0.121218794322342,2641996423,NA,"Original","/media/jianie/SequencingFiles_4/20220715_Counts/STARR_072_2nd/outs/molecule_info.h5",20220325,"P20220010","SI-TT-A3","CACTACGAAA","index2_workflow_b(i5)","ATCAGTCTAA"
254,"STARR_072_combine_force13147",116,20220722,"L3","STARR_072","STARR","SequencingFiles_4","20220715_Counts",13147,99921,2630,1313660155,12639,25339,320259621,0.121218794322342,2641996423,"Yes",NA,"/media/jianie/SequencingFiles_4/20220715_Counts/STARR_072_combine_force13147/outs/molecule_info.h5",20220325,"P20220010","SI-TT-A3","CACTACGAAA","index2_workflow_b(i5)","ATCAGTCTAA"
199,"STARR_077_2nd",117,20220722,"L3","STARR_077","STARR","SequencingFiles_4","20220715_Counts",12306,54098,2886,665731770,12248,40941,501445368,0.189797898148025,2641996423,NA,"Original","/media/jianie/SequencingFiles_4/20220715_Counts/STARR_077_2nd/outs/molecule_info.h5",20220428,"P20220010","SI-TT-A5","GTAGCCCTGT","index2_workflow_b(i5)","ATAGATGCTC"
290,"STARR_077_combine_force13134",117,20220722,"L3","STARR_077","STARR","SequencingFiles_4","20220715_Counts",13134,101100,3168,1327847231,12248,40941,501445368,0.189797898148025,2641996423,"Yes",NA,"/media/jianie/SequencingFiles_4/20220715_Counts/STARR_077_combine_force13134/outs/molecule_info.h5",20220428,"P20220010","SI-TT-A5","GTAGCCCTGT","index2_workflow_b(i5)","ATAGATGCTC"
277,"STARR_077_combine_force13098",117,20220722,"L3","STARR_077","STARR","SequencingFiles_4","20220715_Counts",13098,101378,3172,1327847231,12248,40941,501445368,0.189797898148025,2641996423,NA,NA,"/media/jianie/SequencingFiles_4/20220715_Counts/STARR_077_combine_force13098/outs/molecule_info.h5",20220428,"P20220010","SI-TT-A5","GTAGCCCTGT","index2_workflow_b(i5)","ATAGATGCTC"
208,"STARR_077_combine",117,20220722,"L3","STARR_077","STARR","SequencingFiles_4","20220715_Counts",13057,101696,3175,1327847231,12248,40941,501445368,0.189797898148025,2641996423,NA,NA,"/media/jianie/SequencingFiles_4/20220715_Counts/STARR_077_combine/outs/molecule_info.h5",20220428,"P20220010","SI-TT-A5","GTAGCCCTGT","index2_workflow_b(i5)","ATAGATGCTC"
246,"STARR_079_combine_force13464",118,20220722,"L3","STARR_079","STARR","SequencingFiles_4","20220715_Counts",13464,99301,2865,1336986912,13151,50211,660324861,0.249934048074977,2641996423,NA,NA,"/media/jianie/SequencingFiles_4/20220715_Counts/STARR_079_combine_force13464/outs/molecule_info.h5",20220505,"P20220010","SI-TT-A8","CGAAGTATAC","index2_workflow_b(i5)","CTCCAAGTTC"
200,"STARR_079_2nd",118,20220722,"L3","STARR_079","STARR","SequencingFiles_4","20220715_Counts",13513,55351,2550,747961800,13151,50211,660324861,0.249934048074977,2641996423,NA,"Original","/media/jianie/SequencingFiles_4/20220715_Counts/STARR_079_2nd/outs/molecule_info.h5",20220505,"P20220010","SI-TT-A8","CGAAGTATAC","index2_workflow_b(i5)","CTCCAAGTTC"
278,"STARR_079_combine_force13446",118,20220722,"L3","STARR_079","STARR","SequencingFiles_4","20220715_Counts",13446,99434,2869,1336986912,13151,50211,660324861,0.249934048074977,2641996423,"Yes",NA,"/media/jianie/SequencingFiles_4/20220715_Counts/STARR_079_combine_force13446/outs/molecule_info.h5",20220505,"P20220010","SI-TT-A8","CGAAGTATAC","index2_workflow_b(i5)","CTCCAAGTTC"
209,"STARR_079_combine",118,20220722,"L3","STARR_079","STARR","SequencingFiles_4","20220715_Counts",14252,93810,2765,1336986912,13151,50211,660324861,0.249934048074977,2641996423,NA,NA,"/media/jianie/SequencingFiles_4/20220715_Counts/STARR_079_combine/outs/molecule_info.h5",20220505,"P20220010","SI-TT-A8","CGAAGTATAC","index2_workflow_b(i5)","CTCCAAGTTC"
221,"STARR_079_combine_force12000",118,20220722,"L3","STARR_079","STARR","SequencingFiles_4","20220715_Counts",12000,111416,3108,1336986912,13151,50211,660324861,0.249934048074977,2641996423,NA,NA,"/media/jianie/SequencingFiles_4/20220715_Counts/STARR_079_combine_force12000/outs/molecule_info.h5",20220505,"P20220010","SI-TT-A8","CGAAGTATAC","index2_workflow_b(i5)","CTCCAAGTTC"
253,"STARR_071_combine_force11350",119,20220722,"L4","STARR_071","STARR","SequencingFiles_4","20220715_Counts",11350,112433,3590,1276111489,13279,45518,604433522,0.223433630117804,2705203875,NA,NA,"/media/jianie/SequencingFiles_4/20220715_Counts/STARR_071_combine_force11350/outs/molecule_info.h5",20220304,"P20220011","SI-TT-H12","TGATGATTCA","index2_workflow_b(i5)","CGACTCCTAC"
275,"STARR_071_combine_force11261",119,20220722,"L4","STARR_071","STARR","SequencingFiles_4","20220715_Counts",11261,113321,3604,1276111489,13279,45518,604433522,0.223433630117804,2705203875,"Yes",NA,"/media/jianie/SequencingFiles_4/20220715_Counts/STARR_071_combine_force11261/outs/molecule_info.h5",20220304,"P20220011","SI-TT-H12","TGATGATTCA","index2_workflow_b(i5)","CGACTCCTAC"
210,"STARR_071_combine",119,20220722,"L4","STARR_071","STARR","SequencingFiles_4","20220715_Counts",15126,84365,3102,1276111489,13279,45518,604433522,0.223433630117804,2705203875,NA,NA,"/media/jianie/SequencingFiles_4/20220715_Counts/STARR_071_combine/outs/molecule_info.h5",20220304,"P20220011","SI-TT-H12","TGATGATTCA","index2_workflow_b(i5)","CGACTCCTAC"
224,"STARR_071_combine_force12000",119,20220722,"L4","STARR_071","STARR","SequencingFiles_4","20220715_Counts",12000,106343,3495,1276111489,13279,45518,604433522,0.223433630117804,2705203875,NA,NA,"/media/jianie/SequencingFiles_4/20220715_Counts/STARR_071_combine_force12000/outs/molecule_info.h5",20220304,"P20220011","SI-TT-H12","TGATGATTCA","index2_workflow_b(i5)","CGACTCCTAC"
201,"STARR_071_2nd",119,20220722,"L4","STARR_071","STARR","SequencingFiles_4","20220715_Counts",13175,46986,2862,619035620,13279,45518,604433522,0.223433630117804,2705203875,NA,"Original","/media/jianie/SequencingFiles_4/20220715_Counts/STARR_071_2nd/outs/molecule_info.h5",20220304,"P20220011","SI-TT-H12","TGATGATTCA","index2_workflow_b(i5)","CGACTCCTAC"
222,"STARR_073_combine_force15000",120,20220722,"L4","STARR_073","STARR","SequencingFiles_4","20220715_Counts",15000,128271,2889,1924060757,19468,57622,1121785096,0.414676729679015,2705203875,NA,NA,"/media/jianie/SequencingFiles_4/20220715_Counts/STARR_073_combine_force15000/outs/molecule_info.h5",20220318,"P20220011","SI-TT-A2","GTGGATCAAA","index2_workflow_b(i5)","CAGGGTTGGC"
202,"STARR_073_2nd",120,20220722,"L4","STARR_073","STARR","SequencingFiles_4","20220715_Counts",21157,56548,2379,1196378159,19468,57622,1121785096,0.414676729679015,2705203875,NA,"Original","/media/jianie/SequencingFiles_4/20220715_Counts/STARR_073_2nd/outs/molecule_info.h5",20220318,"P20220011","SI-TT-A2","GTGGATCAAA","index2_workflow_b(i5)","CAGGGTTGGC"
211,"STARR_073_combine",120,20220722,"L4","STARR_073","STARR","SequencingFiles_4","20220715_Counts",20461,94036,2660,1924060757,19468,57622,1121785096,0.414676729679015,2705203875,NA,NA,"/media/jianie/SequencingFiles_4/20220715_Counts/STARR_073_combine/outs/molecule_info.h5",20220318,"P20220011","SI-TT-A2","GTGGATCAAA","index2_workflow_b(i5)","CAGGGTTGGC"
227,"STARR_075_combine_force18000",121,20220722,"L4","STARR_075","STARR","SequencingFiles_4","20220715_Counts",18000,105697,2613,1902547600,17131,57147,978985257,0.361889640203181,2705203875,NA,NA,"/media/jianie/SequencingFiles_4/20220715_Counts/STARR_075_combine_force18000/outs/molecule_info.h5",20220407,"P20220011","SI-TT-A4","CTCTAGCGAG","index2_workflow_b(i5)","GATGAAGATA"
276,"STARR_075_combine_force18792",121,20220722,"L4","STARR_075","STARR","SequencingFiles_4","20220715_Counts",18792,101242,2548,1902547600,17131,57147,978985257,0.361889640203181,2705203875,"Yes",NA,"/media/jianie/SequencingFiles_4/20220715_Counts/STARR_075_combine_force18792/outs/molecule_info.h5",20220407,"P20220011","SI-TT-A4","CTCTAGCGAG","index2_workflow_b(i5)","GATGAAGATA"
203,"STARR_075_2nd",121,20220722,"L4","STARR_075","STARR","SequencingFiles_4","20220715_Counts",18813,66661,2379,1254086189,17131,57147,978985257,0.361889640203181,2705203875,NA,"Original","/media/jianie/SequencingFiles_4/20220715_Counts/STARR_075_2nd/outs/molecule_info.h5",20220407,"P20220011","SI-TT-A4","CTCTAGCGAG","index2_workflow_b(i5)","GATGAAGATA"
212,"STARR_075_combine",121,20220722,"L4","STARR_075","STARR","SequencingFiles_4","20220715_Counts",19897,95620,2449,1902547600,17131,57147,978985257,0.361889640203181,2705203875,NA,NA,"/media/jianie/SequencingFiles_4/20220715_Counts/STARR_075_combine/outs/molecule_info.h5",20220407,"P20220011","SI-TT-A4","CTCTAGCGAG","index2_workflow_b(i5)","GATGAAGATA"
255,"STARR_075_combine_force18736",121,20220722,"L4","STARR_075","STARR","SequencingFiles_4","20220715_Counts",18736,101545,2553,1902547600,17131,57147,978985257,0.361889640203181,2705203875,NA,NA,"/media/jianie/SequencingFiles_4/20220715_Counts/STARR_075_combine_force18736/outs/molecule_info.h5",20220407,"P20220011","SI-TT-A4","CTCTAGCGAG","index2_workflow_b(i5)","GATGAAGATA"
237,"76658_V11_3rd",122,20220801,"L1","76658_V11","SGLT2","SequencingFiles_6","20220801_Counts",21405,60517,2286,1295363390,19146,59480,1138804080,0.451,2525739924,NA,"Original","/media/jianie/SequencingFiles_6/20220801_Counts/76658_V11_3rd/outs/molecule_info.h5",20211213,"P20220008","SI-TT-H4","AGTTTCCTGG","index2_workflow_b(i5)","CTGTGTGGCA"
257,"76658_V11_combine",122,20220801,"L1","76658_V11","SGLT2","SequencingFiles_6","20220801_Counts",22829,95364,2501,2177064134,19146,59480,1138804080,0.451,2525739924,NA,NA,"/media/jianie/SequencingFiles_6/20220801_Counts/76658_V11_combine/outs/molecule_info.h5",20211213,"P20220008","SI-TT-H4","AGTTTCCTGG","index2_workflow_b(i5)","CTGTGTGGCA"
258,"76649_V11_combine",123,20220801,"L1","76649_V11","SGLT2","SequencingFiles_6","20220801_Counts",20113,95025,2744,1911247544,16834,53138,894525092,0.354,2525739924,NA,NA,"/media/jianie/SequencingFiles_6/20220801_Counts/76649_V11_combine/outs/molecule_info.h5",20211102,"P20220008","SI-TT-D5","TGGTTCGGGT","index2_workflow_b(i5)","CTCCTGCCAC"
286,"76649_V11_combine_force23260",123,20220801,"L1","76649_V11","SGLT2","SequencingFiles_6","20220801_Counts",23260,82169,2395,1911247544,16834,53138,894525092,0.354,2525739924,NA,NA,"/media/jianie/SequencingFiles_6/20220801_Counts/76649_V11_combine_force23260/outs/molecule_info.h5",20211102,"P20220008","SI-TT-D5","TGGTTCGGGT","index2_workflow_b(i5)","CTCCTGCCAC"
238,"76649_V11_3rd",123,20220801,"L1","76649_V11","SGLT2","SequencingFiles_6","20220801_Counts",18177,57671,2603,1048292829,16834,53138,894525092,0.354,2525739924,NA,"Original","/media/jianie/SequencingFiles_6/20220801_Counts/76649_V11_3rd/outs/molecule_info.h5",20211102,"P20220008","SI-TT-D5","TGGTTCGGGT","index2_workflow_b(i5)","CTCCTGCCAC"
259,"76647_V11_combine",124,20220801,"L1","76647_V11","SGLT2","SequencingFiles_6","20220801_Counts",14374,110099,3032,1582564131,13672,36016,492410752,0.195,2525739924,NA,NA,"/media/jianie/SequencingFiles_6/20220801_Counts/76647_V11_combine/outs/molecule_info.h5",20211111,"P20220008","SI-TT-D6","CCCAGCTTCT","index2_workflow_b(i5)","GTTTGGTGTC"
285,"76647_V11_combine_force14625",124,20220801,"L1","76647_V11","SGLT2","SequencingFiles_6","20220801_Counts",14625,108210,2986,1582564131,13672,36016,492410752,0.195,2525739924,NA,NA,"/media/jianie/SequencingFiles_6/20220801_Counts/76647_V11_combine_force14625/outs/molecule_info.h5",20211111,"P20220008","SI-TT-D6","CCCAGCTTCT","index2_workflow_b(i5)","GTTTGGTGTC"
239,"76647_V11_3rd",124,20220801,"L1","76647_V11","SGLT2","SequencingFiles_6","20220801_Counts",13490,50051,2589,675189586,13672,36016,492410752,0.195,2525739924,NA,"Original","/media/jianie/SequencingFiles_6/20220801_Counts/76647_V11_3rd/outs/molecule_info.h5",20211111,"P20220008","SI-TT-D6","CCCAGCTTCT","index2_workflow_b(i5)","GTTTGGTGTC"
260,"76643_V11_combine",125,20220801,"L2","76643_V11","SGLT2","SequencingFiles_6","20220801_Counts",19807,107014,3206,2119632070,18171,55879,1015377309,0.414,2454088919,NA,NA,"/media/jianie/SequencingFiles_6/20220801_Counts/76643_V11_combine/outs/molecule_info.h5",20211011,"P20220009","SI-TT-B5","TCGGCTCTAC","index2_workflow_b(i5)","AGACCATCGG"
240,"76643_V11_3rd",125,20220801,"L2","76643_V11","SGLT2","SequencingFiles_6","20220801_Counts",19107,63944,2957,1221781079,18171,55879,1015377309,0.414,2454088919,NA,"Original","/media/jianie/SequencingFiles_6/20220801_Counts/76643_V11_3rd/outs/molecule_info.h5",20211011,"P20220009","SI-TT-B5","TCGGCTCTAC","index2_workflow_b(i5)","AGACCATCGG"
261,"76660_V5_combine",126,20220801,"L2","76660_V5","SGLT2","SequencingFiles_6","20220801_Counts",15911,103465,2730,1646232433,14606,38939,568743034,0.232,2454088919,NA,NA,"/media/jianie/SequencingFiles_6/20220801_Counts/76660_V5_combine/outs/molecule_info.h5",20220120,"P20220009","SI-TT-H5","AGCAAGAAGC","index2_workflow_b(i5)","AGAAACACAA"
241,"76660_V5_3rd",126,20220801,"L2","76660_V5","SGLT2","SequencingFiles_6","20220801_Counts",14304,50234,2496,718546548,14606,38939,568743034,0.232,2454088919,NA,"Original","/media/jianie/SequencingFiles_6/20220801_Counts/76660_V5_3rd/outs/molecule_info.h5",20220120,"P20220009","SI-TT-H5","AGCAAGAAGC","index2_workflow_b(i5)","AGAAACACAA"
242,"76661_V5_3rd",127,20220801,"L2","76661_V5","SGLT2","SequencingFiles_6","20220801_Counts",10455,39754,2244,415628392,11091,26561,294588051,0.12,2454088919,NA,"Original","/media/jianie/SequencingFiles_6/20220801_Counts/76661_V5_3rd/outs/molecule_info.h5",20220211,"P20220009","SI-TT-H6","CCTATCCTCG","index2_workflow_b(i5)","GTTAGTATTC"
262,"76661_V5_combine",127,20220801,"L2","76661_V5","SGLT2","SequencingFiles_6","20220801_Counts",11638,106350,2601,1237706224,11091,26561,294588051,0.12,2454088919,NA,NA,"/media/jianie/SequencingFiles_6/20220801_Counts/76661_V5_combine/outs/molecule_info.h5",20220211,"P20220009","SI-TT-H6","CCTATCCTCG","index2_workflow_b(i5)","GTTAGTATTC"
243,"76656_V11_3rd",128,20220801,"L2","76656_V11","SGLT2","SequencingFiles_6","20220801_Counts",13550,49699,2478,673418437,13505,42605,575380525,0.234,2454088919,NA,"Original","/media/jianie/SequencingFiles_6/20220801_Counts/76656_V11_3rd/outs/molecule_info.h5",20211209,"P20220009","SI-TT-H2","TAGCATAGTG","index2_workflow_b(i5)","GACAGAGCCG"
263,"76656_V11_combine",128,20220801,"L2","76656_V11","SGLT2","SequencingFiles_6","20220801_Counts",14299,103744,2818,1483429680,13505,42605,575380525,0.234,2454088919,NA,NA,"/media/jianie/SequencingFiles_6/20220801_Counts/76656_V11_combine/outs/molecule_info.h5",20211209,"P20220009","SI-TT-H2","TAGCATAGTG","index2_workflow_b(i5)","GACAGAGCCG"
