"Sequencing_Date","Lane","Sum.Sequencing","Percent.PerLane","Diff.PerLane","sample_id_ori2","Project","SQ_List","Disk","CountsFolder","Counts_List","sample_id","Estimated Number of Cells","Mean Reads per Cell","Median Genes per Cell","Number of Reads","Valid Barcodes","Sequencing Saturation","Q30 Bases in Barcode","Q30 Bases in RNA Read","Q30 Bases in UMI","Reads Mapped to Genome","Reads Mapped Confidently to Genome","Reads Mapped Confidently to Intergenic Regions","Reads Mapped Confidently to Intronic Regions","Reads Mapped Confidently to Exonic Regions","Reads Mapped Confidently to Transcriptome","Reads Mapped Antisense to Gene","Fraction Reads in Cells","Total Genes Detected","Median UMI Counts per Cell","Q30 Bases in Sample Index","Agg","Status","AnalysisDate","Done","Sequencing_Type","molecule_h5","root","Final_Folder","FileNameAggr","FileNameMetrics","Metrics","Sample_Date","Samples","Chip","Cell Numbers","Library_ID","Reads/Cell","Reads/Sample","Target %","Sum","I7_Index ID","I7_Index_Sequence","I5_Index ID","I5_Index_Sequence","Individual Library Concentration (ng/ul)","Estimated Insert Size (bp)","Pooled Library concentration_nM","Total pool volume","Type of Run (S2/S4; 50PE, 100PE, 150PE)","Type","Location","cbcl_Disk","cbcl_Folder","FastqFolder"
20190717,"All",182882382,17.2,0.5,"HFD_Old","Aging_Mouse",11,"Seagate_SequencingFiles_1","20190717_NextSeq_fastq_Counts",14,"HFD_Old",4007,7849,1071,31454205,97.7,9,93.5,82.9,92.2,86.9,83.7,5.5,20.1,58.1,56.5,0.7,74.7,16834,2523,90.7,NA,"Original",NA,"Sean","NextSeq","/media/jianie/Seagate_SequencingFiles_1/20190717_NextSeq_fastq_Counts/HFD_Old/outs/molecule_info.h5","/media/jianie/","/outs/","molecule_info.h5","metrics_summary.csv","/media/jianie/Seagate_SequencingFiles_1/20190717_NextSeq_fastq_Counts/HFD_Old/outs/metrics_summary.csv",20190329,"HFD_Old","10X306422",10000,"10X3063-5P",3000,3e+07,0.166666666666667,1.8e+08,"SI-GA-C5","CGACTTGA, TACAGACT, ATTGCGTG, GCGTACAC","N/A","N/A",NA,398,"11 nM",25,"NextSeq Mid Output 2x75bp (R1=28, I7=8, R2=100)","NextSeqMid_UTHSCSA","GCCRI","Seagate_SequencingFiles_1","20190717_NextSeq_cbcl","20190717_NextSeq_fastq_Counts"
20191121,"1",2408042526,13.2,-8.2,"HFD_Old","Aging_Mouse",22,"Seagate_SequencingFiles_1","20191121_NovaSeq_Counts",51,"Nova_HFDOld",5998,53067,2216,318300128,97.9,51.5,95.7,89.8,95.5,86.7,84.2,6.4,20.6,57.2,54.4,0.7,77.6,19223,6270,93.9,NA,"Original",NA,"Sean","NovaSeq","/media/jianie/Seagate_SequencingFiles_1/20191121_NovaSeq_Counts/Nova_HFDOld/outs/molecule_info.h5","/media/jianie/","/outs/","molecule_info.h5","metrics_summary.csv","/media/jianie/Seagate_SequencingFiles_1/20191121_NovaSeq_Counts/Nova_HFDOld/outs/metrics_summary.csv",20190329,"HFD_Old","10X306422",10000,"P1111191",50000,5e+08,0.213565692807107,2341200000,"SI-GA-C5","CGACTTGA, TACAGACT, ATTGCGTG, GCGTACAC","N/A","N/A",NA,388,"10",40,"S4 150PE","Novo_NovaSeq S4 lane","Novogene","Seagate_SequencingFiles_1","NA","20191121_NovaSeq_fastq"
20191121,"1",2408042526,NA,NA,"HFD_Old","Aging_Mouse",22,"Seagate_SequencingFiles_1","20191121_NovaSeq_Counts",59,"HFD_Old_combine",6128,57075,2338,349754333,97.9,53.7,95.5,92.1,95.2,92.3,89.2,5.6,21.3,62.3,60.9,0.7,77.6,20953,6884,NA,NA,NA,NA,"Jia","NovaSeq","/media/jianie/Seagate_SequencingFiles_1/20191121_NovaSeq_Counts/HFD_Old_combine/outs/molecule_info.h5","/media/jianie/","/outs/","molecule_info.h5","metrics_summary.csv","/media/jianie/Seagate_SequencingFiles_1/20191121_NovaSeq_Counts/HFD_Old_combine/outs/metrics_summary.csv",20190329,"HFD_Old","10X306422",10000,"P1111191",50000,5e+08,0.213565692807107,2341200000,"SI-GA-C5","CGACTTGA, TACAGACT, ATTGCGTG, GCGTACAC","N/A","N/A",NA,388,"10",40,"S4 150PE","Novo_NovaSeq S4 lane","Novogene","Seagate_SequencingFiles_1","NA","20191121_NovaSeq_fastq"
20190717,"All",182882382,15.9,-0.8,"HFD_Young","Aging_Mouse",10,"Seagate_SequencingFiles_1","20190717_NextSeq_fastq_Counts",13,"HFD_Young",6243,4668,662,29144480,97.6,6.8,93.4,79.7,92,87.5,84.4,5.2,19.2,60,58.3,0.8,76.4,17017,1559,91.9,NA,"Original",NA,"Sean","NextSeq","/media/jianie/Seagate_SequencingFiles_1/20190717_NextSeq_fastq_Counts/HFD_Young/outs/molecule_info.h5","/media/jianie/","/outs/","molecule_info.h5","metrics_summary.csv","/media/jianie/Seagate_SequencingFiles_1/20190717_NextSeq_fastq_Counts/HFD_Young/outs/metrics_summary.csv",20190329,"HFD_Young","10X30641",10000,"10X3063-5P",3000,3e+07,0.166666666666667,1.8e+08,"SI-GA-A5","CTAGGTGA, TCGTTCAG, AGCCAATT, GATACGCC","N/A","N/A",NA,398,"11 nM",25,"NextSeq Mid Output 2x75bp (R1=28, I7=8, R2=100)","NextSeqMid_UTHSCSA","GCCRI","Seagate_SequencingFiles_1","20190717_NextSeq_cbcl","20190717_NextSeq_fastq_Counts"
20191121,"1",2408042526,NA,NA,"HFD_Young","Aging_Mouse",20,"Seagate_SequencingFiles_1","20191121_NovaSeq_Counts",57,"HFD_Young_combine_force",10000,43912,2237,439121015,97.8,53.4,95.5,91.9,95.2,93.2,90.2,5.3,20.5,64.5,62.9,0.9,81.8,21453,7128,NA,NA,NA,NA,"Jia","NovaSeq","/media/jianie/Seagate_SequencingFiles_1/20191121_NovaSeq_Counts/HFD_Young_combine_force/outs/molecule_info.h5","/media/jianie/","/outs/","molecule_info.h5","metrics_summary.csv","/media/jianie/Seagate_SequencingFiles_1/20191121_NovaSeq_Counts/HFD_Young_combine_force/outs/metrics_summary.csv",20190329,"HFD_Young","10X30641",10000,"P1111191",50000,5e+08,0.213565692807107,2341200000,"SI-GA-A5","CTAGGTGA, TCGTTCAG, AGCCAATT, GATACGCC","N/A","N/A",NA,396,"10",40,"S4 150PE","Novo_NovaSeq S4 lane","Novogene","Seagate_SequencingFiles_1","NA","20191121_NovaSeq_fastq"
20191121,"1",2408042526,17,-4.4,"HFD_Young","Aging_Mouse",20,"Seagate_SequencingFiles_1","20191121_NovaSeq_Counts",50,"Nova_HFDYoung",11218,36546,1746,409976535,97.8,51.6,95.6,90,95.5,88.7,86.4,5.9,20,60.5,57.5,0.8,82.5,19815,4898,93.9,NA,"Original",NA,"Sean","NovaSeq","/media/jianie/Seagate_SequencingFiles_1/20191121_NovaSeq_Counts/Nova_HFDYoung/outs/molecule_info.h5","/media/jianie/","/outs/","molecule_info.h5","metrics_summary.csv","/media/jianie/Seagate_SequencingFiles_1/20191121_NovaSeq_Counts/Nova_HFDYoung/outs/metrics_summary.csv",20190329,"HFD_Young","10X30641",10000,"P1111191",50000,5e+08,0.213565692807107,2341200000,"SI-GA-A5","CTAGGTGA, TCGTTCAG, AGCCAATT, GATACGCC","N/A","N/A",NA,396,"10",40,"S4 150PE","Novo_NovaSeq S4 lane","Novogene","Seagate_SequencingFiles_1","NA","20191121_NovaSeq_fastq"
20191121,"1",2408042526,NA,NA,"HFD_Young","Aging_Mouse",20,"Seagate_SequencingFiles_1","20191121_NovaSeq_Counts",58,"HFD_Young_combine",11666,37641,1788,439121015,97.8,53.4,95.5,91.9,95.2,93.2,90.2,5.3,20.5,64.5,62.9,0.9,82.6,21493,5046,NA,NA,NA,NA,"Jia","NovaSeq","/media/jianie/Seagate_SequencingFiles_1/20191121_NovaSeq_Counts/HFD_Young_combine/outs/molecule_info.h5","/media/jianie/","/outs/","molecule_info.h5","metrics_summary.csv","/media/jianie/Seagate_SequencingFiles_1/20191121_NovaSeq_Counts/HFD_Young_combine/outs/metrics_summary.csv",20190329,"HFD_Young","10X30641",10000,"P1111191",50000,5e+08,0.213565692807107,2341200000,"SI-GA-A5","CTAGGTGA, TCGTTCAG, AGCCAATT, GATACGCC","N/A","N/A",NA,396,"10",40,"S4 150PE","Novo_NovaSeq S4 lane","Novogene","Seagate_SequencingFiles_1","NA","20191121_NovaSeq_fastq"
20190613,"All",162552418,22.3,0.1,"KO_HFD","ALCAT_Mouse",4,"Seagate_SequencingFiles_1","20190613_NextSeq_fastq_Counts",4,"KO-HFD",7274,4972,889,36169803,98.1,5.7,95,84.9,93.9,95.2,93.4,2.6,15.5,75.3,73.6,0.7,93.4,17358,2840,93.5,NA,"Original",NA,"Sean","NextSeq","/media/jianie/Seagate_SequencingFiles_1/20190613_NextSeq_fastq_Counts/KO-HFD/outs/molecule_info.h5","/media/jianie/","/outs/","molecule_info.h5","metrics_summary.csv","/media/jianie/Seagate_SequencingFiles_1/20190613_NextSeq_fastq_Counts/KO-HFD/outs/metrics_summary.csv",20190409,"KO-HFD","10X30584",10000,"20190613_JN",4000,4e+07,0.222222222222222,1.8e+08,"SI-GA-A3","CAGTACTG, AGTAGTCT, GCAGTAGA, TTCCCGAC","N/A","N/A",NA,448,"10nM",22.5,"NextSeq Mid Output 2x75bp (R1=28, I7=8, R2=100)","NextSeqMid_UTHSCSA","GCCRI","Seagate_SequencingFiles_1",NA,"20190613_NextSeq_fastq_Counts"
20190816,"1",2809922872,25.2,3,"KO_HFD","ALCAT_Mouse",15,"Seagate_SequencingFiles_1","20190816_NovaSeq_fastq_Counts",18,"NG_KO_HFD",9756,72479,3778,707112448,98,53.8,95.3,92.7,95.1,95.3,93.6,2.9,15.4,75.2,73.2,0.6,95.4,20403,19895,93.4,NA,"Original",NA,"Sean","NovaSeq","/media/jianie/Seagate_SequencingFiles_1/20190816_NovaSeq_fastq_Counts/NG_KO_HFD/outs/molecule_info.h5","/media/jianie/","/outs/","molecule_info.h5","metrics_summary.csv","/media/jianie/Seagate_SequencingFiles_1/20190816_NovaSeq_fastq_Counts/NG_KO_HFD/outs/metrics_summary.csv",20190409,"KO_HFD","10X30584",10000,NA,50000,5e+08,0.222221728396159,2250005000,"SI-GA-A3","CAGTACTG, AGTAGTCT, GCAGTAGA, TTCCCGAC","N/A","N/A",NA,427,NA,45,"S4 150PE","Novo_NovaSeq S4 lane","Novogene","Seagate_SequencingFiles_1","NA","20190816_NovaSeq_fastq_Counts"
20190613,"All",162552418,21.4,-0.8,"KO_ND","ALCAT_Mouse",3,"Seagate_SequencingFiles_1","20190613_NextSeq_fastq_Counts",3,"KO-ND",5337,6521,1091,34802709,98.1,7.5,94.9,84.8,93.9,95.1,93.4,3.1,19.2,71.2,69.5,0.6,92.7,17373,3464,93.2,NA,"Original",NA,"Sean","NextSeq","/media/jianie/Seagate_SequencingFiles_1/20190613_NextSeq_fastq_Counts/KO-ND/outs/molecule_info.h5","/media/jianie/","/outs/","molecule_info.h5","metrics_summary.csv","/media/jianie/Seagate_SequencingFiles_1/20190613_NextSeq_fastq_Counts/KO-ND/outs/metrics_summary.csv",20190409,"KO-ND","10X30583",10000,"20190613_JN",4000,4e+07,0.222222222222222,1.8e+08,"SI-GA-H2","TAATGACC, ATGCCTTA, GCCGAGAT, CGTATCGG","N/A","N/A",NA,448,"10nM",22.5,"NextSeq Mid Output 2x75bp (R1=28, I7=8, R2=100)","NextSeqMid_UTHSCSA","GCCRI","Seagate_SequencingFiles_1",NA,"20190613_NextSeq_fastq_Counts"
20190816,"1",2809922872,19.3,-2.9,"KO_ND","ALCAT_Mouse",14,"Seagate_SequencingFiles_1","20190816_NovaSeq_fastq_Counts",17,"NG_KO_ND",7102,76498,3819,543290237,98,56.9,95.3,92.9,95.1,95.7,94.1,3.3,19.1,71.7,69.7,0.6,94.8,19995,19021,92.1,NA,"Original",NA,"Sean","NovaSeq","/media/jianie/Seagate_SequencingFiles_1/20190816_NovaSeq_fastq_Counts/NG_KO_ND/outs/molecule_info.h5","/media/jianie/","/outs/","molecule_info.h5","metrics_summary.csv","/media/jianie/Seagate_SequencingFiles_1/20190816_NovaSeq_fastq_Counts/NG_KO_ND/outs/metrics_summary.csv",20190409,"KO_ND","10X30583",10000,NA,50000,5e+08,0.222221728396159,2250005000,"SI-GA-H2","TAATGACC, ATGCCTTA, GCCGAGAT, CGTATCGG","N/A","N/A",NA,440,NA,45,"S4 150PE","Novo_NovaSeq S4 lane","Novogene","Seagate_SequencingFiles_1","NA","20190816_NovaSeq_fastq_Counts"
20190717,"All",182882382,18.2,1.5,"ND_Old","Aging_Mouse",9,"Seagate_SequencingFiles_1","20190717_NextSeq_fastq_Counts",12,"ND_Old",5237,6347,830,33242211,97.7,6.3,93.4,82.5,92.1,88.6,86,4.6,22.2,59.2,57.4,0.9,73.8,16755,2029,91.7,NA,"Original",NA,"Sean","NextSeq","/media/jianie/Seagate_SequencingFiles_1/20190717_NextSeq_fastq_Counts/ND_Old/outs/molecule_info.h5","/media/jianie/","/outs/","molecule_info.h5","metrics_summary.csv","/media/jianie/Seagate_SequencingFiles_1/20190717_NextSeq_fastq_Counts/ND_Old/outs/metrics_summary.csv",20190329,"ND_Old","10X30644",10000,"10X3063-5P",3000,3e+07,0.166666666666667,1.8e+08,"SI-GA-B5","AATAATGG, CCAGGGCA, TGCCTCAT, GTGTCATC","N/A","N/A",NA,398,"11 nM",25,"NextSeq Mid Output 2x75bp (R1=28, I7=8, R2=100)","NextSeqMid_UTHSCSA","GCCRI","Seagate_SequencingFiles_1","20190717_NextSeq_cbcl","20190717_NextSeq_fastq_Counts"
20191121,"1",2408042526,NA,NA,"ND_Old","Aging_Mouse",21,"Seagate_SequencingFiles_1","20191121_NovaSeq_Counts",54,"ND_Old_force",10000,75954,1805,759539580,97.9,60.8,95.7,92.9,95.6,93.7,91.3,4.5,23.2,63.6,62,0.9,80.7,21971,5626,NA,NA,NA,NA,"Jia","NovaSeq","/media/jianie/Seagate_SequencingFiles_1/20191121_NovaSeq_Counts/ND_Old_force/outs/molecule_info.h5","/media/jianie/","/outs/","molecule_info.h5","metrics_summary.csv","/media/jianie/Seagate_SequencingFiles_1/20191121_NovaSeq_Counts/ND_Old_force/outs/metrics_summary.csv",20190329,"ND_Old_2nd","10X30644",10000,"P1111191",50000,5e+08,0.213565692807107,2341200000,"SI-GA-B5","AATAATGG, CCAGGGCA, TGCCTCAT, GTGTCATC","N/A","N/A",NA,393,"10",40,"S4 150PE","Novo_NovaSeq S4 lane","Novogene","Seagate_SequencingFiles_1","NA","20191121_NovaSeq_fastq"
20191121,"1",2408042526,NA,NA,"ND_Old","Aging_Mouse",21,"Seagate_SequencingFiles_1","20191121_NovaSeq_Counts",55,"ND_Old_combine_force",10000,79278,1838,792781791,97.9,61.5,95.6,92.4,95.4,93.7,91.2,4.5,23.2,63.5,61.9,0.9,80.7,22037,5758,NA,NA,NA,NA,"Jia","NovaSeq","/media/jianie/Seagate_SequencingFiles_1/20191121_NovaSeq_Counts/ND_Old_combine_force/outs/molecule_info.h5","/media/jianie/","/outs/","molecule_info.h5","metrics_summary.csv","/media/jianie/Seagate_SequencingFiles_1/20191121_NovaSeq_Counts/ND_Old_combine_force/outs/metrics_summary.csv",20190329,"ND_Old_2nd","10X30644",10000,"P1111191",50000,5e+08,0.213565692807107,2341200000,"SI-GA-B5","AATAATGG, CCAGGGCA, TGCCTCAT, GTGTCATC","N/A","N/A",NA,393,"10",40,"S4 150PE","Novo_NovaSeq S4 lane","Novogene","Seagate_SequencingFiles_1","NA","20191121_NovaSeq_fastq"
20191121,"1",2408042526,31.5,10.1,"ND_Old","Aging_Mouse",21,"Seagate_SequencingFiles_1","20191121_NovaSeq_Counts",49,"Nova_NDOld",21254,35736,736,759539580,97.9,60.5,95.7,90.2,95.6,89.5,87.4,5.3,22.7,59.4,56.7,0.8,89,20427,1771,93.7,NA,"Original",NA,"Sean","NovaSeq","/media/jianie/Seagate_SequencingFiles_1/20191121_NovaSeq_Counts/Nova_NDOld/outs/molecule_info.h5","/media/jianie/","/outs/","molecule_info.h5","metrics_summary.csv","/media/jianie/Seagate_SequencingFiles_1/20191121_NovaSeq_Counts/Nova_NDOld/outs/metrics_summary.csv",20190329,"ND_Old_2nd","10X30644",10000,"P1111191",50000,5e+08,0.213565692807107,2341200000,"SI-GA-B5","AATAATGG, CCAGGGCA, TGCCTCAT, GTGTCATC","N/A","N/A",NA,393,"10",40,"S4 150PE","Novo_NovaSeq S4 lane","Novogene","Seagate_SequencingFiles_1","NA","20191121_NovaSeq_fastq"
20191121,"1",2408042526,NA,NA,"ND_Old","Aging_Mouse",21,"Seagate_SequencingFiles_1","20191121_NovaSeq_Counts",56,"ND_Old_2nd",21448,35413,806,759539580,97.9,60.8,95.7,92.9,95.6,93.7,91.3,4.5,23.2,63.6,62,0.9,88.8,22213,1928,NA,NA,NA,NA,"Jia","NovaSeq","/media/jianie/Seagate_SequencingFiles_1/20191121_NovaSeq_Counts/ND_Old_2nd/outs/molecule_info.h5","/media/jianie/","/outs/","molecule_info.h5","metrics_summary.csv","/media/jianie/Seagate_SequencingFiles_1/20191121_NovaSeq_Counts/ND_Old_2nd/outs/metrics_summary.csv",20190329,"ND_Old_2nd","10X30644",10000,"P1111191",50000,5e+08,0.213565692807107,2341200000,"SI-GA-B5","AATAATGG, CCAGGGCA, TGCCTCAT, GTGTCATC","N/A","N/A",NA,393,"10",40,"S4 150PE","Novo_NovaSeq S4 lane","Novogene","Seagate_SequencingFiles_1","NA","20191121_NovaSeq_fastq"
20190717,"All",182882382,16.6,-0.1,"ND_Young","Aging_Mouse",8,"Seagate_SequencingFiles_1","20190717_NextSeq_fastq_Counts",11,"ND_Young",3157,9613,1290,30349134,97.7,7.5,93.2,81.4,91.9,90.5,87.4,3.3,13.3,70.9,69.4,0.6,85.4,16894,4208,92.2,NA,"Original",NA,"Sean","NextSeq","/media/jianie/Seagate_SequencingFiles_1/20190717_NextSeq_fastq_Counts/ND_Young/outs/molecule_info.h5","/media/jianie/","/outs/","molecule_info.h5","metrics_summary.csv","/media/jianie/Seagate_SequencingFiles_1/20190717_NextSeq_fastq_Counts/ND_Young/outs/metrics_summary.csv",20190329,"ND_Young","10X30642",10000,"10X3063-5P",3000,3e+07,0.166666666666667,1.8e+08,"SI-GA-H4","GCCATTCC, CAAGAATT, TTGCCGGA, AGTTGCAG","N/A","N/A",NA,398,"11 nM",25,"NextSeq Mid Output 2x75bp (R1=28, I7=8, R2=100)","NextSeqMid_UTHSCSA","GCCRI","Seagate_SequencingFiles_1","20190717_NextSeq_cbcl","20190717_NextSeq_fastq_Counts"
20191121,"1",2408042526,NA,NA,"ND_Young","Aging_Mouse",23,"Seagate_SequencingFiles_1","20191121_NovaSeq_Counts",53,"ND_Young_combine_force",10000,62770,468,627704619,97.8,63.5,95.5,92.1,95.4,94.8,92,3.2,13.8,75,73.7,0.6,90.4,21382,1526,NA,NA,NA,NA,"Jia","NovaSeq","/media/jianie/Seagate_SequencingFiles_1/20191121_NovaSeq_Counts/ND_Young_combine_force/outs/molecule_info.h5","/media/jianie/","/outs/","molecule_info.h5","metrics_summary.csv","/media/jianie/Seagate_SequencingFiles_1/20191121_NovaSeq_Counts/ND_Young_combine_force/outs/metrics_summary.csv",20190329,"ND_Young","10X30642",10000,"P1111191",50000,5e+08,0.213565692807107,2341200000,"SI-GA-H4","GCCATTCC, CAAGAATT, TTGCCGGA, AGTTGCAG","N/A","N/A",NA,401,"10",40,"S4 150PE","Novo_NovaSeq S4 lane","Novogene","Seagate_SequencingFiles_1","NA","20191121_NovaSeq_fastq"
20191121,"1",2408042526,NA,NA,"ND_Young","Aging_Mouse",23,"Seagate_SequencingFiles_1","20191121_NovaSeq_Counts",52,"ND_Young_combine_force_5000",5000,125541,2107,627704619,97.8,63.5,95.5,92.1,95.4,94.8,92,3.2,13.8,75,73.7,0.6,88.3,21319,9233,NA,NA,NA,NA,"Jia","NovaSeq","/media/jianie/Seagate_SequencingFiles_1/20191121_NovaSeq_Counts/ND_Young_combine_force_5000/outs/molecule_info.h5","/media/jianie/","/outs/","molecule_info.h5","metrics_summary.csv","/media/jianie/Seagate_SequencingFiles_1/20191121_NovaSeq_Counts/ND_Young_combine_force_5000/outs/metrics_summary.csv",20190329,"ND_Young","10X30642",10000,"P1111191",50000,5e+08,0.213565692807107,2341200000,"SI-GA-H4","GCCATTCC, CAAGAATT, TTGCCGGA, AGTTGCAG","N/A","N/A",NA,401,"10",40,"S4 150PE","Novo_NovaSeq S4 lane","Novogene","Seagate_SequencingFiles_1","NA","20191121_NovaSeq_fastq"
20191121,"1",2408042526,24.8,3.4,"ND_Young","Aging_Mouse",23,"Seagate_SequencingFiles_1","20191121_NovaSeq_Counts",48,"Nova_NDYoung",21960,27201,212,597355485,97.8,62.1,95.6,90.3,95.5,90.9,88.6,4.1,14,70.5,67.9,0.5,93.8,19780,664,93.6,NA,"Original",NA,"Sean","NovaSeq","/media/jianie/Seagate_SequencingFiles_1/20191121_NovaSeq_Counts/Nova_NDYoung/outs/molecule_info.h5","/media/jianie/","/outs/","molecule_info.h5","metrics_summary.csv","/media/jianie/Seagate_SequencingFiles_1/20191121_NovaSeq_Counts/Nova_NDYoung/outs/metrics_summary.csv",20190329,"ND_Young","10X30642",10000,"P1111191",50000,5e+08,0.213565692807107,2341200000,"SI-GA-H4","GCCATTCC, CAAGAATT, TTGCCGGA, AGTTGCAG","N/A","N/A",NA,401,"10",40,"S4 150PE","Novo_NovaSeq S4 lane","Novogene","Seagate_SequencingFiles_1","NA","20191121_NovaSeq_fastq"
20190613,"All",162552418,23.3,1.1,"P16_HFD","ALCAT_Mouse",2,"Seagate_SequencingFiles_1","20190613_NextSeq_fastq_Counts",2,"P16-HFD",5622,6728,1114,37827317,98.1,7.8,94.9,84.8,93.8,94.5,92.7,3.4,20.2,69,67.4,0.6,89.6,17446,3339,92.9,NA,"Original",NA,"Sean","NextSeq","/media/jianie/Seagate_SequencingFiles_1/20190613_NextSeq_fastq_Counts/P16-HFD/outs/molecule_info.h5","/media/jianie/","/outs/","molecule_info.h5","metrics_summary.csv","/media/jianie/Seagate_SequencingFiles_1/20190613_NextSeq_fastq_Counts/P16-HFD/outs/metrics_summary.csv",20190409,"P16-HFD","10X30582",10000,"20190613_JN",4000,4e+07,0.222222222222222,1.8e+08,"SI-GA-G2","TGATTCTA, ACTAGGAG, CAGCCACT, GTCGATGC","N/A","N/A",NA,448,"10nM",22.5,"NextSeq Mid Output 2x75bp (R1=28, I7=8, R2=100)","NextSeqMid_UTHSCSA","GCCRI","Seagate_SequencingFiles_1",NA,"20190613_NextSeq_fastq_Counts"
20190816,"1",2809922872,18.7,-3.5,"P16_HFD","ALCAT_Mouse",13,"Seagate_SequencingFiles_1","20190816_NovaSeq_fastq_Counts",16,"NG_P16_HFD",7695,68208,3597,524865392,98.1,55.2,95.3,92.9,95.1,95.4,93.7,3.8,20.3,69.7,67.7,0.5,91.9,19932,16377,89.7,NA,"Original",NA,"Sean","NovaSeq","/media/jianie/Seagate_SequencingFiles_1/20190816_NovaSeq_fastq_Counts/NG_P16_HFD/outs/molecule_info.h5","/media/jianie/","/outs/","molecule_info.h5","metrics_summary.csv","/media/jianie/Seagate_SequencingFiles_1/20190816_NovaSeq_fastq_Counts/NG_P16_HFD/outs/metrics_summary.csv",20190409,"P16_HFD","10X30582",10000,NA,50000,5e+08,0.222221728396159,2250005000,"SI-GA-G2","TGATTCTA, ACTAGGAG, CAGCCACT, GTCGATGC","N/A","N/A",NA,436,NA,45,"S4 150PE","Novo_NovaSeq S4 lane","Novogene","Seagate_SequencingFiles_1","NA","20190816_NovaSeq_fastq_Counts"
20190613,"All",162552418,22.7,0.5,"P16_ND","ALCAT_Mouse",1,"Seagate_SequencingFiles_1","20190613_NextSeq_fastq_Counts",1,"P16-ND",7034,5245,929,36898072,98.2,7.8,95,84.7,93.9,95.4,93.6,2.9,19.2,71.5,69.9,0.6,93.2,17232,2788,93.9,NA,"Original",NA,"Sean","NextSeq","/media/jianie/Seagate_SequencingFiles_1/20190613_NextSeq_fastq_Counts/P16-ND/outs/molecule_info.h5","/media/jianie/","/outs/","molecule_info.h5","metrics_summary.csv","/media/jianie/Seagate_SequencingFiles_1/20190613_NextSeq_fastq_Counts/P16-ND/outs/metrics_summary.csv",20190409,"P16-ND","10X30581",10000,"20190613_JN",4000,4e+07,0.222222222222222,1.8e+08,"SI-GA-F2","TTTACATG, CGCGATAC, ACGCGGGT, GAATTCCA","N/A","N/A",NA,448,"10nM",22.5,"NextSeq Mid Output 2x75bp (R1=28, I7=8, R2=100)","NextSeqMid_UTHSCSA","GCCRI","Seagate_SequencingFiles_1",NA,"20190613_NextSeq_fastq_Counts"
20190816,"1",2809922872,22.1,-0.1,"P16_ND","ALCAT_Mouse",12,"Seagate_SequencingFiles_1","20190816_NovaSeq_fastq_Counts",15,"NG_P16_ND",8843,70358,3434,622182632,98.1,58.4,95.2,92.8,95.1,95.4,93.8,3.2,19,71.6,69.6,0.6,95.3,19797,17385,94.2,NA,"Original",NA,"Sean","NovaSeq","/media/jianie/Seagate_SequencingFiles_1/20190816_NovaSeq_fastq_Counts/NG_P16_ND/outs/molecule_info.h5","/media/jianie/","/outs/","molecule_info.h5","metrics_summary.csv","/media/jianie/Seagate_SequencingFiles_1/20190816_NovaSeq_fastq_Counts/NG_P16_ND/outs/metrics_summary.csv",20190409,"P16_ND","10X30581",10000,NA,50000,5e+08,0.222221728396159,2250005000,"SI-GA-F2","TTTACATG, CGCGATAC, ACGCGGGT, GAATTCCA","N/A","N/A",NA,426,NA,45,"S4 150PE","Novo_NovaSeq S4 lane","Novogene","Seagate_SequencingFiles_1","NA","20190816_NovaSeq_fastq_Counts"
