"Sequencing_Date","Lane","Sum.Sequencing","Percent.PerLane","Diff.PerLane","sample_id_ori2","Library_ID","Project","SQ_List","Disk","CountsFolder","Counts_List","sample_id","Estimated Number of Cells","Mean Reads per Cell","Median Genes per Cell","Number of Reads","Valid Barcodes","Sequencing Saturation","Q30 Bases in Barcode","Q30 Bases in RNA Read","Q30 Bases in Sample Index","Q30 Bases in UMI","Reads Mapped to Genome","Reads Mapped Confidently to Genome","Reads Mapped Confidently to Intergenic Regions","Reads Mapped Confidently to Intronic Regions","Reads Mapped Confidently to Exonic Regions","Reads Mapped Confidently to Transcriptome","Reads Mapped Antisense to Gene","Fraction Reads in Cells","Total Genes Detected","Median UMI Counts per Cell","Agg","Status","AnalysisDate","Done","Sequencing_Type","molecule_h5","root","Final_Folder","FileNameAggr","FileNameMetrics","Metrics","Sample_Date","Samples","Seq.Times","Chip","Cell Numbers","Reads/Cell","Reads/Sample","Target %","Sum","...15","I7_Index ID","I7_Index_Sequence","I5_Index ID","I5_Index_Sequence","Individual Library Concentration (ng/ul)","Estimated Insert Size (bp)","Pooled Library concentration_nM","Total pool volume","Type of Run (S2/S4; 50PE, 100PE, 150PE)","Type","Location","cbcl_Disk","cbcl_Folder","FastqFolder"
20220914,"L2",3016963964,36.7,-1.6,"76638_V11","P20220013","SGLT2",132,"SequencingFiles_6","20220914_Counts",305,"76638_V11_3rd",23595,46981,2325,1108507077,97.6,68.4,96.5,93.5,NA,95.8,95.5,90.7,8,52,30.7,59,22.2,76.4,29924,4514,NA,"Original",20220919,"Jia","NovaSeq","/media/jianie/SequencingFiles_6/20220914_Counts/76638_V11_3rd/outs/molecule_info.h5","/media/jianie/","/outs/","molecule_info.h5","metrics_summary.csv","/media/jianie/SequencingFiles_6/20220914_Counts/76638_V11_3rd/outs/metrics_summary.csv",20211001,"76638_V11_3rd","3rd",NA,18000,51000,9.18e+08,0.383,2397579000,NA,"SI-TT-B4","GTAGACGAAA","index2_workflow_b(i5)","ACCACACTAG",1.13,465,"3.7",100,"S4 150PE","UTA_NovaSeq S4 lane","UTA",NA,NA,"20220914_L13_fastq"
20220914,"L2",3016963964,NA,NA,"76638_V11","P20220013","SGLT2",132,"SequencingFiles_6","20220914_Counts",326,"76638_V11_3_combine",24913,82041,2570,2043883557,97.6,79,96.3,93.8,NA,95.6,95.6,90.8,8,52.1,30.7,59,22.3,76.9,30270,5125,NA,NA,20220919,"Jia","NovaSeq","/media/jianie/SequencingFiles_6/20220914_Counts/76638_V11_3_combine/outs/molecule_info.h5","/media/jianie/","/outs/","molecule_info.h5","metrics_summary.csv","/media/jianie/SequencingFiles_6/20220914_Counts/76638_V11_3_combine/outs/metrics_summary.csv",20211001,"76638_V11_3rd","3rd",NA,18000,51000,9.18e+08,0.383,2397579000,NA,"SI-TT-B4","GTAGACGAAA","index2_workflow_b(i5)","ACCACACTAG",1.13,465,"3.7",100,"S4 150PE","UTA_NovaSeq S4 lane","UTA",NA,NA,"20220914_L13_fastq"
20220914,"L2",3016963964,NA,NA,"76658_V5","P20220013","SGLT2",133,"SequencingFiles_6","20220914_Counts",327,"76658_V5_3_combine",21305,100647,2704,2144274722,97.5,76.7,96.3,93.9,NA,95.6,95.7,90.9,9,52.4,29.4,56.8,23.6,83.9,30287,5818,NA,NA,20220919,"Jia","NovaSeq","/media/jianie/SequencingFiles_6/20220914_Counts/76658_V5_3_combine/outs/molecule_info.h5","/media/jianie/","/outs/","molecule_info.h5","metrics_summary.csv","/media/jianie/SequencingFiles_6/20220914_Counts/76658_V5_3_combine/outs/metrics_summary.csv",20210924,"76658_V5_3rd","3rd",NA,19432,42000,816144000,0.34,2397579000,NA,"SI-TT-B3","CACGGTGAAT","index2_workflow_b(i5)","TGTGACGAAC",1.13,465,"3.7",100,"S4 150PE","UTA_NovaSeq S4 lane","UTA",NA,NA,"20220914_L13_fastq"
20220914,"L2",3016963964,37.4,3.4,"76658_V5","P20220013","SGLT2",133,"SequencingFiles_6","20220914_Counts",306,"76658_V5_3rd",19772,57068,2444,1128346327,97.5,65,96.5,93.6,NA,95.8,95.6,90.8,9,52.3,29.4,56.8,23.6,83.6,29920,5148,NA,"Original",20220919,"Jia","NovaSeq","/media/jianie/SequencingFiles_6/20220914_Counts/76658_V5_3rd/outs/molecule_info.h5","/media/jianie/","/outs/","molecule_info.h5","metrics_summary.csv","/media/jianie/SequencingFiles_6/20220914_Counts/76658_V5_3rd/outs/metrics_summary.csv",20210924,"76658_V5_3rd","3rd",NA,19432,42000,816144000,0.34,2397579000,NA,"SI-TT-B3","CACGGTGAAT","index2_workflow_b(i5)","TGTGACGAAC",1.13,465,"3.7",100,"S4 150PE","UTA_NovaSeq S4 lane","UTA",NA,NA,"20220914_L13_fastq"
20220914,"L4",2998436717,NA,NA,"76660_V11","P20220015","SGLT2",139,"SequencingFiles_6","20220914_Counts",333,"76660_V11_2_combine",14484,87635,2450,1269309566,97.8,80.3,96.2,93.5,NA,95.8,96.1,90.2,8.5,61.6,20.1,58.8,21.3,75.7,29776,4961,NA,NA,20220919,"Jia","NovaSeq","/media/jianie/SequencingFiles_6/20220914_Counts/76660_V11_2_combine/outs/molecule_info.h5","/media/jianie/","/outs/","molecule_info.h5","metrics_summary.csv","/media/jianie/SequencingFiles_6/20220914_Counts/76660_V11_2_combine/outs/metrics_summary.csv",20220503,"76660_V11_2nd","2nd",NA,12905,61000,787205000,0.282,2790013000,NA,"SI-TT-B5","TCGGCTCTAC","index2_workflow_b(i5)","AGACCATCGG",1.14,483,"3.6",150,"S4 150PE","UTA_NovaSeq S4 lane","UTA",NA,NA,"20220914_L15_fastq"
20220914,"L4",2998436717,25.3,-2.9,"76660_V11","P20220015","SGLT2",139,"SequencingFiles_6","20220914_Counts",312,"76660_V11_2nd",13515,56207,2335,759641219,97.8,71.7,96.5,93.6,NA,95.9,96.2,90.3,8.5,61.7,20.1,58.8,21.3,75.3,29472,4656,NA,"Original",20220919,"Jia","NovaSeq","/media/jianie/SequencingFiles_6/20220914_Counts/76660_V11_2nd/outs/molecule_info.h5","/media/jianie/","/outs/","molecule_info.h5","metrics_summary.csv","/media/jianie/SequencingFiles_6/20220914_Counts/76660_V11_2nd/outs/metrics_summary.csv",20220503,"76660_V11_2nd","2nd",NA,12905,61000,787205000,0.282,2790013000,NA,"SI-TT-B5","TCGGCTCTAC","index2_workflow_b(i5)","AGACCATCGG",1.14,483,"3.6",150,"S4 150PE","UTA_NovaSeq S4 lane","UTA",NA,NA,"20220914_L15_fastq"
20220914,"L4",2998436717,62.7,2.2,"76661_V11","P20220015","SGLT2",140,"SequencingFiles_6","20220914_Counts",313,"76661_V11_2nd",22091,85135,2773,1880716200,97.8,73.8,96.3,92.4,NA,95.8,95.2,88.1,7.9,60.3,19.9,62.9,15.5,61,29948,5282,NA,"Original",20220919,"Jia","NovaSeq","/media/jianie/SequencingFiles_6/20220914_Counts/76661_V11_2nd/outs/molecule_info.h5","/media/jianie/","/outs/","molecule_info.h5","metrics_summary.csv","/media/jianie/SequencingFiles_6/20220914_Counts/76661_V11_2nd/outs/metrics_summary.csv",20220517,"76661_V11_2nd","2nd",NA,18148,93000,1687764000,0.605,2790013000,NA,"SI-TT-B9","TATTGAGGCA","index2_workflow_b(i5)","CACTTACCTG",1.14,483,"3.6",150,"S4 150PE","UTA_NovaSeq S4 lane","UTA",NA,NA,"20220914_L15_fastq"
20220914,"L4",2998436717,NA,NA,"76661_V11","P20220015","SGLT2",140,"SequencingFiles_6","20220914_Counts",334,"76661_V11_2_combine",23229,104560,2833,2428824781,97.8,78.2,96.2,92.5,NA,95.7,95.3,88.1,7.9,60.4,19.9,62.9,15.5,61.7,30097,5366,NA,NA,20220919,"Jia","NovaSeq","/media/jianie/SequencingFiles_6/20220914_Counts/76661_V11_2_combine/outs/molecule_info.h5","/media/jianie/","/outs/","molecule_info.h5","metrics_summary.csv","/media/jianie/SequencingFiles_6/20220914_Counts/76661_V11_2_combine/outs/metrics_summary.csv",20220517,"76661_V11_2nd","2nd",NA,18148,93000,1687764000,0.605,2790013000,NA,"SI-TT-B9","TATTGAGGCA","index2_workflow_b(i5)","CACTTACCTG",1.14,483,"3.6",150,"S4 150PE","UTA_NovaSeq S4 lane","UTA",NA,NA,"20220914_L15_fastq"
20220914,"L3",2977313270,24.6,1,"76662_V11","P20220014","SGLT2",135,"SequencingFiles_6","20220914_Counts",308,"76662_V11_2nd",9836,74569,2492,733460905,97.3,66.1,96.3,92.8,NA,95.8,94.8,87,7.9,58.7,20.5,57.4,20.1,62.6,29510,4896,NA,"Original",20220919,"Jia","NovaSeq","/media/jianie/SequencingFiles_6/20220914_Counts/76662_V11_2nd/outs/molecule_info.h5","/media/jianie/","/outs/","molecule_info.h5","metrics_summary.csv","/media/jianie/SequencingFiles_6/20220914_Counts/76662_V11_2nd/outs/metrics_summary.csv",20220607,"76662_V11_2nd","2nd",NA,9565,62000,593030000,0.236,2508142000,NA,"SI-TT-C4","TTCTCGATGA","index2_workflow_b(i5)","GTGCCCGACA",1.23,544,"3.4",100,"S4 150PE","UTA_NovaSeq S4 lane","UTA",NA,NA,"20220914_L14_fastq"
20220914,"L3",2977313270,NA,NA,"76662_V11","P20220014","SGLT2",135,"SequencingFiles_6","20220914_Counts",329,"76662_V11_2_combine",10410,128104,2691,1333565629,97.2,77.7,96.1,92.7,NA,95.7,94.7,86.9,7.9,58.6,20.4,57.3,20.1,62.9,29865,5452,NA,NA,20220919,"Jia","NovaSeq","/media/jianie/SequencingFiles_6/20220914_Counts/76662_V11_2_combine/outs/molecule_info.h5","/media/jianie/","/outs/","molecule_info.h5","metrics_summary.csv","/media/jianie/SequencingFiles_6/20220914_Counts/76662_V11_2_combine/outs/metrics_summary.csv",20220607,"76662_V11_2nd","2nd",NA,9565,62000,593030000,0.236,2508142000,NA,"SI-TT-C4","TTCTCGATGA","index2_workflow_b(i5)","GTGCCCGACA",1.23,544,"3.4",100,"S4 150PE","UTA_NovaSeq S4 lane","UTA",NA,NA,"20220914_L14_fastq"
20220914,"L4",2998436717,NA,NA,"76662_V5","P20220015","SGLT2",138,"SequencingFiles_6","20220914_Counts",332,"76662_V5_2_combine",9542,98414,2577,939067735,97.6,75.3,96.2,94,NA,95.8,96.4,90.9,8.2,57.4,25.3,57.6,23.5,81.6,29592,5514,NA,NA,20220919,"Jia","NovaSeq","/media/jianie/SequencingFiles_6/20220914_Counts/76662_V5_2_combine/outs/molecule_info.h5","/media/jianie/","/outs/","molecule_info.h5","metrics_summary.csv","/media/jianie/SequencingFiles_6/20220914_Counts/76662_V5_2_combine/outs/metrics_summary.csv",20220216,"76662_V5_2nd","2nd",NA,9266,34000,315044000,0.113,2790013000,NA,"SI-TT-H7","ACCTCGAGCT","index2_workflow_b(i5)","ATCGAACACA",1.14,483,"3.6",150,"S4 150PE","UTA_NovaSeq S4 lane","UTA",NA,NA,"20220914_L15_fastq"
20220914,"L4",2998436717,11.9,0.6,"76662_V5","P20220015","SGLT2",138,"SequencingFiles_6","20220914_Counts",311,"76662_V5_2nd",9031,39650,2103,358079298,97.8,56.1,96.7,94.1,NA,96,96.6,91.1,8.2,57.6,25.3,57.7,23.6,81.4,28890,4050,NA,"Original",20220919,"Jia","NovaSeq","/media/jianie/SequencingFiles_6/20220914_Counts/76662_V5_2nd/outs/molecule_info.h5","/media/jianie/","/outs/","molecule_info.h5","metrics_summary.csv","/media/jianie/SequencingFiles_6/20220914_Counts/76662_V5_2nd/outs/metrics_summary.csv",20220216,"76662_V5_2nd","2nd",NA,9266,34000,315044000,0.113,2790013000,NA,"SI-TT-H7","ACCTCGAGCT","index2_workflow_b(i5)","ATCGAACACA",1.14,483,"3.6",150,"S4 150PE","UTA_NovaSeq S4 lane","UTA",NA,NA,"20220914_L15_fastq"
20220914,"L3",2977313270,21.8,1.6,"76664_V5","P20220014","SGLT2",136,"SequencingFiles_6","20220914_Counts",309,"76664_V5_2nd",12186,53218,2969,648519915,98.1,56,96.2,93.7,NA,95.7,96.7,91.2,8,60.1,23.1,63.2,18.3,82.3,29445,7014,NA,"Original",20220919,"Jia","NovaSeq","/media/jianie/SequencingFiles_6/20220914_Counts/76664_V5_2nd/outs/molecule_info.h5","/media/jianie/","/outs/","molecule_info.h5","metrics_summary.csv","/media/jianie/SequencingFiles_6/20220914_Counts/76664_V5_2nd/outs/metrics_summary.csv",20220405,"76664_V5_2nd","2nd",NA,11784,43000,506712000,0.202,2508142000,NA,"SI-TT-B4","GTAGACGAAA","index2_workflow_b(i5)","ACCACACTAG",1.23,544,"3.4",100,"S4 150PE","UTA_NovaSeq S4 lane","UTA",NA,NA,"20220914_L14_fastq"
