"Sequencing_Date","Lane","Sum.Sequencing","Percent.PerLane","Diff.PerLane","sample_id","Project","SQ_List","Disk","CountsFolder","Counts_List","sample_id_ori","Estimated Number of Cells","Mean Reads per Cell","Median Genes per Cell","Number of Reads","Valid Barcodes","Sequencing Saturation","Q30 Bases in Barcode","Q30 Bases in RNA Read","Q30 Bases in Sample Index","Q30 Bases in UMI","Reads Mapped to Genome","Reads Mapped Confidently to Genome","Reads Mapped Confidently to Intergenic Regions","Reads Mapped Confidently to Intronic Regions","Reads Mapped Confidently to Exonic Regions","Reads Mapped Confidently to Transcriptome","Reads Mapped Antisense to Gene","Fraction Reads in Cells","Total Genes Detected","Median UMI Counts per Cell","Agg","Status","AnalysisDate","Done","Sequencing_Type","molecule_h5","root","Final_Folder","FileNameAggr","FileNameMetrics","Metrics","Sample_Date","Samples","Chip","Cell Numbers","Library_ID","Reads/Cell","Reads/Sample","Target %","Sum","I7_Index ID","I7_Index_Sequence","I5_Index ID","I5_Index_Sequence","Individual Library Concentration (ng/ul)","Estimated Insert Size (bp)","Pooled Library concentration_nM","Total pool volume","Type of Run (S2/S4; 50PE, 100PE, 150PE)","Type","Location","cbcl_Disk","cbcl_Folder","FastqFolder"
20190912,"1",3157220343,NA,NA,"STARR_015","STARR",17,"Seagate_SequencingFiles_1","20190912_NovaSeq_fastq_Counts",230,"STARR_015_combine_force12660",12660,102792,1904,1301343516,97.6,79.2,96.6,94.5,NA,96.3,94.5,83.6,8.5,57.4,17.7,68.1,5,74.2,28572,2974,"Yes",NA,20220802,"Jia","NovaSeq","/media/jianie/Seagate_SequencingFiles_1/20190912_NovaSeq_fastq_Counts/STARR_015_combine_force12660/outs/molecule_info.h5","/media/jianie/","/outs/","molecule_info.h5","metrics_summary.csv","/media/jianie/Seagate_SequencingFiles_1/20190912_NovaSeq_fastq_Counts/STARR_015_combine_force12660/outs/metrics_summary.csv",20190603,"STARR_015","10X30631",10000,NA,1e+05,1e+09,0.377358490566038,2.65e+09,"SI-GA-E4","TTCGCCCT, GGATGGGC, AATCAATG, CCGATTAA","N/A","N/A",NA,251,NA,20,"S4 150PE","Novo_NovaSeq S4 lane","Novogene",NA,"NA","20190912_NovaSeq_fastq_Counts"
20190912,"1",3157220343,NA,NA,"STARR_016","STARR",18,"Seagate_SequencingFiles_1","20190912_NovaSeq_fastq_Counts",267,"STARR_016_force7398",7398,79644,2670,589206059,97.5,76.5,96.8,94.7,NA,96.6,96.7,91.4,8.1,62.7,20.6,76.1,4.9,85.7,27161,6703,"Yes",NA,20220818,"Jia","NovaSeq","/media/jianie/Seagate_SequencingFiles_1/20190912_NovaSeq_fastq_Counts/STARR_016_force7398/outs/molecule_info.h5","/media/jianie/","/outs/","molecule_info.h5","metrics_summary.csv","/media/jianie/Seagate_SequencingFiles_1/20190912_NovaSeq_fastq_Counts/STARR_016_force7398/outs/metrics_summary.csv",20190624,"STARR_016","10X30671",10000,NA,50000,5e+08,0.188679245283019,2.65e+09,"SI-GA-G5","GAGCAAGA, TCTGTGAT, CGCAGTTC, ATATCCCG","N/A","N/A",NA,264,NA,45,"S4 150PE","Novo_NovaSeq S4 lane","Novogene",NA,"NA","20190912_NovaSeq_fastq_Counts"
20210716,"L2",2819540250,NA,NA,"STARR_024","STARR",48,"SequencingFiles_3","20210716_L2_counts_single",266,"STARR_024_combine_force9907",9907,105217,2581,1042384328,97.3,80.8,95,93.6,NA,94.6,96.6,88.7,9.8,62.3,16.6,71.7,5.1,69.2,28155,5863,"Yes",NA,20220818,"Jia","NovaSeq","/media/jianie/SequencingFiles_3/20210716_L2_counts_single/STARR_024_combine_force9907/outs/molecule_info.h5","/media/jianie/","/outs/","molecule_info.h5","metrics_summary.csv","/media/jianie/SequencingFiles_3/20210716_L2_counts_single/STARR_024_combine_force9907/outs/metrics_summary.csv",20190829,"STARR024",NA,8714,"P070720211",50000,435700000,0.145613384266268,2992170000,"SI-GA-B7","AAACCTCA, GCCTTGGT, CTGGACTC, TGTAGAAG","N/A","N/A",3,448,"10",50,"S4 150PE","UTA_NovaSeq S4 lane","UTA","SequencingFiles_2","20210716_UTA_NovaSeq_L1_L2_cbcl","20210716_L2_fastq_single_cellranger"
20220616,"L1",2901329438,NA,NA,"STARR_026","STARR",70,"SequencingFiles_3","20220616_L1_Counts",247,"STARR_026_combine_force8966",8966,106342,2002,953461413,97.4,84.2,95.7,93.7,NA,95.3,96.7,90.4,8.5,63.5,18.3,75.4,4.2,64.4,26965,3932,"Yes",NA,20220810,"Jia","NovaSeq","/media/jianie/SequencingFiles_3/20220616_L1_Counts/STARR_026_combine_force8966/outs/molecule_info.h5","/media/jianie/","/outs/","molecule_info.h5","metrics_summary.csv","/media/jianie/SequencingFiles_3/20220616_L1_Counts/STARR_026_combine_force8966/outs/metrics_summary.csv",20190909,"STARR_026",NA,6512,"P20220001",25000,162800000,0.055,2954800000,"SI-GA-F7","CGTGCAGA, AACAAGAT, TCGCTTCG, GTATGCTC","N/A","N/A",NA,NA,"20",20,"S4 150PE","UTA_NovaSeq S4 lane","UTA","SequencingFiles_2","20220616_L1_cbcl","20220616_L1_fastq_single"
20191121,"2",2529556633,22.2,2.2,"STARR_028","STARR",28,"Seagate_SequencingFiles_1","20191121_NovaSeq_Counts",44,"STARR_028",2288,245361,1876,561385615,97.9,94.5,95.6,92.7,NA,95.2,94.7,86.1,9,50.9,26.2,71.4,3.8,73.5,25014,3777,"Yes","Original",NA,"Jia","NovaSeq","/media/jianie/Seagate_SequencingFiles_1/20191121_NovaSeq_Counts/STARR_028/outs/molecule_info.h5","/media/jianie/","/outs/","molecule_info.h5","metrics_summary.csv","/media/jianie/Seagate_SequencingFiles_1/20191121_NovaSeq_Counts/STARR_028/outs/metrics_summary.csv",20190909,"STARR_028",NA,10000,"P1111192",50000,5e+08,0.1999992000032,2500010000,"SI-GA-E7","CACGCCTT, GTATATAG, TCTCGGGC, AGGATACA","N/A","N/A",NA,510,"10",40,"S4 150PE","Novo_NovaSeq S4 lane","Novogene",NA,"NA","20191121_NovaSeq_fastq"
20191121,"2",2529556633,NA,NA,"STARR_031","STARR",27,"Seagate_SequencingFiles_1","20191121_NovaSeq_Counts",267,"STARR_031_force2072",2072,208533,2300,432080145,97.3,77,95.4,92.8,NA,95,94.6,77.4,7.4,50.8,19.3,64.5,3.7,38.1,24817,4672,"Yes",NA,20220818,"Jia","NovaSeq","/media/jianie/Seagate_SequencingFiles_1/20191121_NovaSeq_Counts/STARR_031_force2072/outs/molecule_info.h5","/media/jianie/","/outs/","molecule_info.h5","metrics_summary.csv","/media/jianie/Seagate_SequencingFiles_1/20191121_NovaSeq_Counts/STARR_031_force2072/outs/metrics_summary.csv",20190905,"STARR_031",NA,10000,"P1111192",50000,5e+08,0.1999992000032,2500010000,"SI-GA-C8","GTTGAGAA, AGATCTGG, TCGATACT, CACCGCTC","N/A","N/A",NA,504,"10",40,"S4 150PE","Novo_NovaSeq S4 lane","Novogene",NA,"NA","20191121_NovaSeq_fastq"
20191121,"2",2529556633,NA,NA,"STARR_032","STARR",30,"Seagate_SequencingFiles_1","20191121_NovaSeq_Counts",268,"STARR_032_force3767",3767,117996,1515,444489382,97.9,90.2,95.4,92.9,NA,95,90.8,80.3,7.7,56.2,16.4,67,3.5,64.4,24483,2687,"Yes",NA,20220818,"Jia","NovaSeq","/media/jianie/Seagate_SequencingFiles_1/20191121_NovaSeq_Counts/STARR_032_force3767/outs/molecule_info.h5","/media/jianie/","/outs/","molecule_info.h5","metrics_summary.csv","/media/jianie/Seagate_SequencingFiles_1/20191121_NovaSeq_Counts/STARR_032_force3767/outs/metrics_summary.csv",20191018,"STARR_032",NA,10000,"P1111192",50001,500010000,0.2000031999872,2500010000,"SI-GA-G8","TATGAGCT, CCGATAGC, ATACCCAA, GGCTGTTG","N/A","N/A",NA,406,"10",40,"S4 150PE","Novo_NovaSeq S4 lane","Novogene",NA,"NA","20191121_NovaSeq_fastq"
20210126,"L3",3028254122,NA,NA,"STARR_039","STARR",34,"Seagate_SequencingFiles_1","20210126_UTA_NovaSeq_L3_Counts",92,"STARR_039_force2000",2000,359483,1551,718965036,97.9,93.1,95.6,92.5,NA,94.9,89.3,78.7,7.2,48.9,22.6,64.7,4.8,52.9,24674,2616,"Yes",NA,20211103,"Jia","NovaSeq","/media/jianie/Seagate_SequencingFiles_1/20210126_UTA_NovaSeq_L3_Counts/STARR_039_force2000/outs/molecule_info.h5","/media/jianie/","/outs/","molecule_info.h5","metrics_summary.csv","/media/jianie/Seagate_SequencingFiles_1/20210126_UTA_NovaSeq_L3_Counts/STARR_039_force2000/outs/metrics_summary.csv",20200211,"STARR_039","10X30891",10000,"P0111212",75000,7.5e+08,0.25,3e+09,"SI-GA-H12","GACAGCAT,TTTGTACA,AGGCCGTG,CCATATGC","N/A","N/A",2.03,328,"2.5",50,"S4 150PE","UTA_NovaSeq S4 lane","UTA",NA,NA,"20210126_UTA_NovaSeq_L3_fastq"
20220616,"L1",2901329438,NA,NA,"STARR_041","STARR",71,"SequencingFiles_3","20220616_L1_Counts",156,"STARR_041_combine3",15847,97871,1959,1550968370,98,81.8,95.6,93.9,NA,95.1,94.4,82.2,7.2,53.9,21.1,68.1,4.9,79.2,29138,3038,"Yes",NA,20220624,"Jia","NovaSeq","/media/jianie/SequencingFiles_3/20220616_L1_Counts/STARR_041_combine3/outs/molecule_info.h5","/media/jianie/","/outs/","molecule_info.h5","metrics_summary.csv","/media/jianie/SequencingFiles_3/20220616_L1_Counts/STARR_041_combine3/outs/metrics_summary.csv",20190923,"STARR_041","10X31081",12710,"P20220001",35000,444850000,0.151,2954800000,"SI-GA-C7","GTCTCTCG,AATCTCTC,CGGAGGGA,TCAGAAAT","N/A","N/A",NA,NA,"20",20,"S4 150PE","UTA_NovaSeq S4 lane","UTA","SequencingFiles_2","20220616_L1_cbcl","20220616_L1_fastq_single"
20220616,"L1",2901329438,NA,NA,"STARR_043","STARR",72,"SequencingFiles_3","20220616_L1_Counts",269,"STARR_043_combine_force9146",9146,95965,2390,877693939,97.3,83.3,95.6,93.9,NA,95.1,92.3,80.9,7.9,55.7,17.4,67.4,3.6,79.5,27946,5029,"Yes",NA,20220818,"Jia","NovaSeq","/media/jianie/SequencingFiles_3/20220616_L1_Counts/STARR_043_combine_force9146/outs/molecule_info.h5","/media/jianie/","/outs/","molecule_info.h5","metrics_summary.csv","/media/jianie/SequencingFiles_3/20220616_L1_Counts/STARR_043_combine_force9146/outs/metrics_summary.csv",20201119,"STARR_043","10X31091",9886,"P20220001",25000,247150000,0.084,2954800000,"SI-GA-D7","ATTTGCTA,TAGACACC,CCACAGGG,GGCGTTAT","N/A","N/A",NA,NA,"20",20,"S4 150PE","UTA_NovaSeq S4 lane","UTA","SequencingFiles_2","20220616_L1_cbcl","20220616_L1_fastq_single"
20211105,"L3",2590729371,NA,NA,"STARR_049","STARR",59,"SequencingFiles_3","20211105_L3_L4_Counts",270,"STARR_049_combine_force8498",8300,93136,3683,773029050,97.5,67.7,94.6,93.4,NA,94.1,96.4,89.7,7.9,61.6,20.2,73.2,6.5,79.4,28464,10919,"Yes",NA,20220818,"Jia","NovaSeq","/media/jianie/SequencingFiles_3/20211105_L3_L4_Counts/STARR_049_combine_force8498/outs/molecule_info.h5","/media/jianie/","/outs/","molecule_info.h5","metrics_summary.csv","/media/jianie/SequencingFiles_3/20211105_L3_L4_Counts/STARR_049_combine_force8498/outs/metrics_summary.csv",20210409,"STARR049",NA,8464,"P101521",35280,298609920,0.0971397380115092,3074024350,"SI-GA-F7","CGTGCAGA, AACAAGAT, TCGCTTCG, GTATGCTC","N/A","N/A",3.26,494,"10",25,"S4 150PE","UTA_NovaSeq S4 lane","UTA","SequencingFiles_2","20211105_UTA_L3_L4_cbcl","20211105_L3_fastq_single"
20220616,"L1",2901329438,NA,NA,"STARR_059","STARR",73,"SequencingFiles_3","20220616_L1_Counts",271,"STARR_059_force5793",5793,121886,2572,706088154,97.6,82.4,96,93.1,NA,95.3,92.9,84.7,8.6,49,27.1,57,17.7,73.7,28625,5646,"Yes",NA,20220818,"Jia","NovaSeq","/media/jianie/SequencingFiles_3/20220616_L1_Counts/STARR_059_force5793/outs/molecule_info.h5","/media/jianie/","/outs/","molecule_info.h5","metrics_summary.csv","/media/jianie/SequencingFiles_3/20220616_L1_Counts/STARR_059_force5793/outs/metrics_summary.csv",20211028,"STARR059",NA,10000,"P20220001",70000,7e+08,0.236902666847164,2954800000,"SI-TT-D4","GCAGTATAGG","SI-TT-D4","GTGCACGGAA",5.24,454,"20",20,"S4 150PE","UTA_NovaSeq S4 lane","UTA","SequencingFiles_2","20220616_L1_cbcl","20220616_L1_fastq_dual"
20220722,"L3",3022916505,NA,NA,"STARR_060","STARR",115,"SequencingFiles_4","20220715_Counts",272,"STARR_060_combine_force9464",9464,148705,3131,1407347538,96.1,79.1,96.1,93.3,NA,95.4,95.8,90.3,8.8,57.7,23.8,48.3,31.9,70.9,29575,7757,"Yes",NA,20220818,"Jia","NovaSeq","/media/jianie/SequencingFiles_4/20220715_Counts/STARR_060_combine_force9464/outs/molecule_info.h5","/media/jianie/","/outs/","molecule_info.h5","metrics_summary.csv","/media/jianie/SequencingFiles_4/20220715_Counts/STARR_060_combine_force9464/outs/metrics_summary.csv",20211111,"STARR_060",NA,13939,"P20220010",47723,665210897,0.251783420752951,2641996423,"SI-TT-D7","CCTGTCAGGG","index2_workflow_b(i5)","GTTACGGGCT",3.27,470,"10",30,"S4 150PE","UTA_NovaSeq S4 lane","UTA","SequencingFiles_5","20220722_L3_L4_cbcl","20220722_L10_fastq"
20220722,"L3",3022916505,NA,NA,"STARR_063","STARR",113,"SequencingFiles_4","20220715_Counts",273,"STARR_063_combine_force7508",7508,114259,3071,857858458,98.2,68.3,96,94,NA,95.5,95.8,88.9,9.1,59.1,20.7,63.9,14.1,70.8,28945,7878,"Yes",NA,20220818,"Jia","NovaSeq","/media/jianie/SequencingFiles_4/20220715_Counts/STARR_063_combine_force7508/outs/molecule_info.h5","/media/jianie/","/outs/","molecule_info.h5","metrics_summary.csv","/media/jianie/SequencingFiles_4/20220715_Counts/STARR_063_combine_force7508/outs/metrics_summary.csv",20211210,"STARR_063",NA,9511,"P20220010",39816,378689976,0.14333477998051,2641996423,"SI-TT-H3","CCCGTTCTCG","index2_workflow_b(i5)","CCAATCCGTC",3.27,470,"10",30,"S4 150PE","UTA_NovaSeq S4 lane","UTA","SequencingFiles_5","20220722_L3_L4_cbcl","20220722_L10_fastq"
20220722,"L3",3022916505,NA,NA,"STARR_069","STARR",114,"SequencingFiles_4","20220715_Counts",274,"STARR_069_combine_force8196",8196,97650,2773,800342375,98,78.8,95.8,93.5,NA,95.1,96.5,91,7.8,58.5,24.7,62.7,18.9,84.3,29019,6762,"Yes",NA,20220818,"Jia","NovaSeq","/media/jianie/SequencingFiles_4/20220715_Counts/STARR_069_combine_force8196/outs/molecule_info.h5","/media/jianie/","/outs/","molecule_info.h5","metrics_summary.csv","/media/jianie/SequencingFiles_4/20220715_Counts/STARR_069_combine_force8196/outs/metrics_summary.csv",20220311,"STARR_069",NA,8650,"P20220010",13418,116065700,0.0439310587211949,2641996423,"SI-TT-A1","GTAACATGCG","index2_workflow_b(i5)","AGGTAACACT",3.27,470,"10",30,"S4 150PE","UTA_NovaSeq S4 lane","UTA","SequencingFiles_5","20220722_L3_L4_cbcl","20220722_L10_fastq"
20220722,"L4",3069499968,NA,NA,"STARR_071","STARR",119,"SequencingFiles_4","20220715_Counts",275,"STARR_071_combine_force11261",11261,113321,3604,1276111489,98,72.5,96,94.4,NA,95.4,95.9,89.4,7.8,54.1,27.5,64.3,15.7,70.8,29580,9346,"Yes",NA,20220818,"Jia","NovaSeq","/media/jianie/SequencingFiles_4/20220715_Counts/STARR_071_combine_force11261/outs/molecule_info.h5","/media/jianie/","/outs/","molecule_info.h5","metrics_summary.csv","/media/jianie/SequencingFiles_4/20220715_Counts/STARR_071_combine_force11261/outs/metrics_summary.csv",20220304,"STARR_071",NA,13279,"P20220011",45518,604433522,0.223433630117804,2705203875,"SI-TT-H12","TGATGATTCA","index2_workflow_b(i5)","CGACTCCTAC",3.23,480,"10",30,"S4 150PE","UTA_NovaSeq S4 lane","UTA","SequencingFiles_5","20220722_L3_L4_cbcl","20220722_L11_fastq"
20220722,"L3",3022916505,NA,NA,"STARR_072","STARR",116,"SequencingFiles_4","20220715_Counts",254,"STARR_072_combine_force13147",13147,99921,2630,1313660155,98.1,76.3,96.1,93.8,NA,95.5,96.3,91.1,8.4,60.7,22,64.3,16.6,81.9,29810,5861,"Yes",NA,20220810,"Jia","NovaSeq","/media/jianie/SequencingFiles_4/20220715_Counts/STARR_072_combine_force13147/outs/molecule_info.h5","/media/jianie/","/outs/","molecule_info.h5","metrics_summary.csv","/media/jianie/SequencingFiles_4/20220715_Counts/STARR_072_combine_force13147/outs/metrics_summary.csv",20220325,"STARR_072",NA,12639,"P20220010",25339,320259621,0.121218794322342,2641996423,"SI-TT-A3","CACTACGAAA","index2_workflow_b(i5)","ATCAGTCTAA",3.27,470,"10",30,"S4 150PE","UTA_NovaSeq S4 lane","UTA","SequencingFiles_5","20220722_L3_L4_cbcl","20220722_L10_fastq"
20220722,"L4",3069499968,NA,NA,"STARR_075","STARR",121,"SequencingFiles_4","20220715_Counts",276,"STARR_075_combine_force18792",18792,101242,2548,1902547600,97.9,81.7,96.1,94.2,NA,95.5,96.6,91.2,8.1,54.7,28.5,60.3,21.3,84.4,30002,5372,"Yes",NA,20220818,"Jia","NovaSeq","/media/jianie/SequencingFiles_4/20220715_Counts/STARR_075_combine_force18792/outs/molecule_info.h5","/media/jianie/","/outs/","molecule_info.h5","metrics_summary.csv","/media/jianie/SequencingFiles_4/20220715_Counts/STARR_075_combine_force18792/outs/metrics_summary.csv",20220407,"STARR_075",NA,17131,"P20220011",57147,978985257,0.361889640203181,2705203875,"SI-TT-A4","CTCTAGCGAG","index2_workflow_b(i5)","GATGAAGATA",3.23,480,"10",30,"S4 150PE","UTA_NovaSeq S4 lane","UTA","SequencingFiles_5","20220722_L3_L4_cbcl","20220722_L11_fastq"
20220715,"L4",2686871619,NA,NA,"STARR_080","STARR",99,"SequencingFiles_4","20220715_Counts",279,"STARR_080_force4270",4270,112157,3192,478908775,97.9,75.6,95.9,94.7,NA,95.7,95.5,88.2,8.8,57.3,22.1,63.8,13.9,72.2,28245,8170,"Yes",NA,20220818,"Jia","NovaSeq","/media/jianie/SequencingFiles_4/20220715_Counts/STARR_080_force4270/outs/molecule_info.h5","/media/jianie/","/outs/","molecule_info.h5","metrics_summary.csv","/media/jianie/SequencingFiles_4/20220715_Counts/STARR_080_force4270/outs/metrics_summary.csv",20220517,"STARR_080",NA,10000,"P20220007",60000,6e+08,0.2,3e+09,"SI-TT-B10","GCCCGATGGA","SI-TT-B10","CTAGACGATT",3.02,520,"10",30,"S4 150PE","UTA_NovaSeq S4 lane","UTA","SequencingFiles_5","20220715_L3_L4_cbcl","20220715_L7_fastq"
20220718,"L3",3002834824,NA,NA,"STARR_085","STARR",107,"SequencingFiles_4","20220715_Counts",280,"STARR_085_Bar_force9000",9000,282445,2156,2542002423,95.8,87.9,95.9,93,NA,95.4,95.6,90.2,9.1,61.5,19.6,46.3,33.5,83.2,29948,3886,"Yes",NA,20220818,"Jia","NovaSeq","/media/jianie/SequencingFiles_4/20220715_Counts/STARR_085_Bar_force9000/outs/molecule_info.h5","/media/jianie/","/outs/","molecule_info.h5","metrics_summary.csv","/media/jianie/SequencingFiles_4/20220715_Counts/STARR_085_Bar_force9000/outs/metrics_summary.csv",20220622,"STARR_085_Bar",NA,10000,"P20220008",40000,4e+08,0.1367,2925739924,"SI-TT-A2","GTGGATCAAA","index2_workflow_b(i5)","CAGGGTTGGC",3.2,450,"10",30,"S4 150PE","UTA_NovaSeq S4 lane","UTA","SequencingFiles_5","20220718_L3_L4_cbcl","20220718_L8_fastq"
