"Sequencing_Date","Lane","Sum.Sequencing","Percent.PerLane","Diff.PerLane","sample_id_ori2","Project","SQ_List","Disk","CountsFolder","Counts_List","sample_id","Estimated Number of Cells","Mean Reads per Cell","Median Genes per Cell","Number of Reads","Valid Barcodes","Sequencing Saturation","Q30 Bases in Barcode","Q30 Bases in RNA Read","Q30 Bases in Sample Index","Q30 Bases in UMI","Reads Mapped to Genome","Reads Mapped Confidently to Genome","Reads Mapped Confidently to Intergenic Regions","Reads Mapped Confidently to Intronic Regions","Reads Mapped Confidently to Exonic Regions","Reads Mapped Confidently to Transcriptome","Reads Mapped Antisense to Gene","Fraction Reads in Cells","Total Genes Detected","Median UMI Counts per Cell","Agg","Status","AnalysisDate","Done","Sequencing_Type","molecule_h5","root","Final_Folder","FileNameAggr","FileNameMetrics","Metrics","Sample_Date","Samples","Chip","Cell Numbers","Library_ID","Reads/Cell","Reads/Sample","Target %","Sum","I7_Index ID","I7_Index_Sequence","I5_Index ID","I5_Index_Sequence","Individual Library Concentration (ng/ul)","Estimated Insert Size (bp)","Pooled Library concentration_nM","Total pool volume","Type of Run (S2/S4; 50PE, 100PE, 150PE)","Type","Location","cbcl_Disk","cbcl_Folder","FastqFolder"
20190717,"All",182882382,17,0.3,"STARR_015","STARR",6,"Seagate_SequencingFiles_1","20190717_NextSeq_fastq_Counts",9,"STARR_015_Next",4756,6548,1178,31144490,97.3,7.9,93.1,83.2,NA,91.8,92.3,82,8.5,56.3,17.2,66.6,4.9,65.4,24126,1809,"no","Original",NA,"Jia","NextSeq","/media/jianie/Seagate_SequencingFiles_1/20190717_NextSeq_fastq_Counts/STARR_015_Next/outs/molecule_info.h5","/media/jianie/","/outs/","molecule_info.h5","metrics_summary.csv","/media/jianie/Seagate_SequencingFiles_1/20190717_NextSeq_fastq_Counts/STARR_015_Next/outs/metrics_summary.csv",20190603,"STARR_015","10X30631",10000,"10X3063-5P",3000,3e+07,0.166666666666667,1.8e+08,"SI-GA-E4","TTCGCCCT, GGATGGGC, AATCAATG, CCGATTAA","N/A","N/A",NA,398,"11 nM",25,"NextSeq Mid Output 2x75bp (R1=28, I7=8, R2=100)","NextSeqMid_UTHSCSA","GCCRI","Seagate_SequencingFiles_1","20190717_NextSeq_cbcl","20190717_NextSeq_fastq_Counts"
20190912,"1",3188364833,40.8,3.1,"STARR_015","STARR",17,"Seagate_SequencingFiles_1","20190912_NovaSeq_fastq_Counts",28,"STARR_015_combine_force",10000,130134,2733,1301343516,97.6,79,96.6,94.5,NA,96.3,94.5,83.7,8.5,57.6,17.7,68.2,5,73,28529,5604,NA,"Original",NA,"Jia","NovaSeq","/media/jianie/Seagate_SequencingFiles_1/20190912_NovaSeq_fastq_Counts/STARR_015_combine_force/outs/molecule_info.h5","/media/jianie/","/outs/","molecule_info.h5","metrics_summary.csv","/media/jianie/Seagate_SequencingFiles_1/20190912_NovaSeq_fastq_Counts/STARR_015_combine_force/outs/metrics_summary.csv",20190603,"STARR_015","10X30631",10000,NA,1e+05,1e+09,0.377358490566038,2.65e+09,"SI-GA-E4","TTCGCCCT, GGATGGGC, AATCAATG, CCGATTAA","N/A","N/A",NA,251,NA,20,"S4 150PE","Novo_NovaSeq S4 lane","Novogene","Seagate_SequencingFiles_1","NA","20190912_NovaSeq_fastq_Counts"
20190912,"1",3188364833,NA,NA,"STARR_015","STARR",17,"Seagate_SequencingFiles_1","20190912_NovaSeq_fastq_Counts",29,"STARR_015_Nova",7661,165801,3487,1270199026,97.6,78.7,96.7,94.7,NA,96.4,94.5,83.8,8.5,57.6,17.7,68.3,5,70.4,28437,9080,"no",NA,NA,"Jia","NovaSeq","/media/jianie/Seagate_SequencingFiles_1/20190912_NovaSeq_fastq_Counts/STARR_015_Nova/outs/molecule_info.h5","/media/jianie/","/outs/","molecule_info.h5","metrics_summary.csv","/media/jianie/Seagate_SequencingFiles_1/20190912_NovaSeq_fastq_Counts/STARR_015_Nova/outs/metrics_summary.csv",20190603,"STARR_015","10X30631",10000,NA,1e+05,1e+09,0.377358490566038,2.65e+09,"SI-GA-E4","TTCGCCCT, GGATGGGC, AATCAATG, CCGATTAA","N/A","N/A",NA,251,NA,20,"S4 150PE","Novo_NovaSeq S4 lane","Novogene","Seagate_SequencingFiles_1","NA","20190912_NovaSeq_fastq_Counts"
20190912,"1",3188364833,NA,NA,"STARR_015","STARR",17,"Seagate_SequencingFiles_1","20190912_NovaSeq_fastq_Counts",230,"STARR_015_combine_force12660",12660,102792,1904,1301343516,97.6,79.2,96.6,94.5,NA,96.3,94.5,83.6,8.5,57.4,17.7,68.1,5,74.2,28572,2974,NA,NA,20220802,"Jia","NovaSeq","/media/jianie/Seagate_SequencingFiles_1/20190912_NovaSeq_fastq_Counts/STARR_015_combine_force12660/outs/molecule_info.h5","/media/jianie/","/outs/","molecule_info.h5","metrics_summary.csv","/media/jianie/Seagate_SequencingFiles_1/20190912_NovaSeq_fastq_Counts/STARR_015_combine_force12660/outs/metrics_summary.csv",20190603,"STARR_015","10X30631",10000,NA,1e+05,1e+09,0.377358490566038,2.65e+09,"SI-GA-E4","TTCGCCCT, GGATGGGC, AATCAATG, CCGATTAA","N/A","N/A",NA,251,NA,20,"S4 150PE","Novo_NovaSeq S4 lane","Novogene","Seagate_SequencingFiles_1","NA","20190912_NovaSeq_fastq_Counts"
20190912,"1",3188364833,NA,NA,"STARR_015","STARR",17,"Seagate_SequencingFiles_1","20190912_NovaSeq_fastq_Counts",27,"STARR_015_combine",7795,166946,3452,1301343516,97.6,79,96.6,94.5,NA,96.3,94.5,83.7,8.5,57.6,17.7,68.2,5,70.4,28480,8873,"no",NA,NA,"Jia","NovaSeq","/media/jianie/Seagate_SequencingFiles_1/20190912_NovaSeq_fastq_Counts/STARR_015_combine/outs/molecule_info.h5","/media/jianie/","/outs/","molecule_info.h5","metrics_summary.csv","/media/jianie/Seagate_SequencingFiles_1/20190912_NovaSeq_fastq_Counts/STARR_015_combine/outs/metrics_summary.csv",20190603,"STARR_015","10X30631",10000,NA,1e+05,1e+09,0.377358490566038,2.65e+09,"SI-GA-E4","TTCGCCCT, GGATGGGC, AATCAATG, CCGATTAA","N/A","N/A",NA,251,NA,20,"S4 150PE","Novo_NovaSeq S4 lane","Novogene","Seagate_SequencingFiles_1","NA","20190912_NovaSeq_fastq_Counts"
20190912,"1",3188364833,18.5,-0.4,"STARR_016","STARR",18,"Seagate_SequencingFiles_1","20190912_NovaSeq_fastq_Counts",30,"STARR_016",5678,103770,3560,589206059,97.5,76.2,96.8,94.7,NA,96.6,96.8,91.5,8.1,62.7,20.6,76.2,4.9,84.1,27114,11730,NA,"Original",NA,"Jia","NovaSeq","/media/jianie/Seagate_SequencingFiles_1/20190912_NovaSeq_fastq_Counts/STARR_016/outs/molecule_info.h5","/media/jianie/","/outs/","molecule_info.h5","metrics_summary.csv","/media/jianie/Seagate_SequencingFiles_1/20190912_NovaSeq_fastq_Counts/STARR_016/outs/metrics_summary.csv",20190624,"STARR_016","10X30671",10000,NA,50000,5e+08,0.188679245283019,2.65e+09,"SI-GA-G5","GAGCAAGA, TCTGTGAT, CGCAGTTC, ATATCCCG","N/A","N/A",NA,264,NA,45,"S4 150PE","Novo_NovaSeq S4 lane","Novogene","Seagate_SequencingFiles_1","NA","20190912_NovaSeq_fastq_Counts"
20190912,"1",3188364833,NA,NA,"STARR_016","STARR",18,"Seagate_SequencingFiles_1","20190912_NovaSeq_fastq_Counts",31,"STARR_016_force7000",7000,84172,2904,589206059,97.5,76.2,96.8,94.7,NA,96.6,96.8,91.5,8.1,62.7,20.6,76.2,4.9,85.7,27182,7990,"no",NA,NA,"Jia","NovaSeq","/media/jianie/Seagate_SequencingFiles_1/20190912_NovaSeq_fastq_Counts/STARR_016_force7000/outs/molecule_info.h5","/media/jianie/","/outs/","molecule_info.h5","metrics_summary.csv","/media/jianie/Seagate_SequencingFiles_1/20190912_NovaSeq_fastq_Counts/STARR_016_force7000/outs/metrics_summary.csv",20190624,"STARR_016","10X30671",10000,NA,50000,5e+08,0.188679245283019,2.65e+09,"SI-GA-G5","GAGCAAGA, TCTGTGAT, CGCAGTTC, ATATCCCG","N/A","N/A",NA,264,NA,45,"S4 150PE","Novo_NovaSeq S4 lane","Novogene","Seagate_SequencingFiles_1","NA","20190912_NovaSeq_fastq_Counts"
20190912,"1",3188364833,NA,NA,"STARR_016","STARR",18,"Seagate_SequencingFiles_1","20190912_NovaSeq_fastq_Counts",249,"STARR_016_force7364",7364,80012,2686,589206059,97.5,76.5,96.8,94.7,NA,96.6,96.7,91.4,8.1,62.7,20.6,76.1,4.9,85.7,27161,6774,NA,NA,20220810,"Jia","NovaSeq","/media/jianie/Seagate_SequencingFiles_1/20190912_NovaSeq_fastq_Counts/STARR_016_force7364/outs/molecule_info.h5","/media/jianie/","/outs/","molecule_info.h5","metrics_summary.csv","/media/jianie/Seagate_SequencingFiles_1/20190912_NovaSeq_fastq_Counts/STARR_016_force7364/outs/metrics_summary.csv",20190624,"STARR_016","10X30671",10000,NA,50000,5e+08,0.188679245283019,2.65e+09,"SI-GA-G5","GAGCAAGA, TCTGTGAT, CGCAGTTC, ATATCCCG","N/A","N/A",NA,264,NA,45,"S4 150PE","Novo_NovaSeq S4 lane","Novogene","Seagate_SequencingFiles_1","NA","20190912_NovaSeq_fastq_Counts"
20191121,"2",2529556633,20.6,0.6,"STARR_024","STARR",26,"Seagate_SequencingFiles_1","20191121_NovaSeq_Counts",42,"STARR_024_2nd",8624,60547,2488,522154488,97.3,69.3,95.5,93.3,NA,95.2,96.8,89.1,9.8,62.6,16.7,72,5.1,67.3,27517,5768,"no","Original",NA,"Jia","NovaSeq","/media/jianie/Seagate_SequencingFiles_1/20191121_NovaSeq_Counts/STARR_024_2nd/outs/molecule_info.h5","/media/jianie/","/outs/","molecule_info.h5","metrics_summary.csv","/media/jianie/Seagate_SequencingFiles_1/20191121_NovaSeq_Counts/STARR_024_2nd/outs/metrics_summary.csv",20190829,"STARR_024",NA,10000,"P1111192",50000,5e+08,0.1999992000032,2500010000,"SI-GA-B7","AAACCTCA, GCCTTGGT, CTGGACTC, TGTAGAAG","N/A","N/A",NA,497,"10",40,"S4 150PE","Novo_NovaSeq S4 lane","Novogene","Seagate_SequencingFiles_1","NA","20191121_NovaSeq_fastq"
20210716,"L2",2819540250,18.5,3.9,"STARR_024","STARR",48,"Seagate_SequencingFiles_2","20210716_L2_counts_single",75,"STARR_024",8554,60817,2572,520229840,97.2,67,94.5,93.9,NA,94.1,96.5,88.6,9.8,62.3,16.6,71.5,5.1,67,27732,6115,"no","Original",NA,"Jia","NovaSeq","/media/jianie/Seagate_SequencingFiles_2/20210716_L2_counts_single/STARR_024/outs/molecule_info.h5","/media/jianie/","/outs/","molecule_info.h5","metrics_summary.csv","/media/jianie/Seagate_SequencingFiles_2/20210716_L2_counts_single/STARR_024/outs/metrics_summary.csv",20190829,"STARR024",NA,8714,"P070720211",50000,435700000,0.145613384266268,2992170000,"SI-GA-B7","AAACCTCA, GCCTTGGT, CTGGACTC, TGTAGAAG","N/A","N/A",3,448,"10",50,"S4 150PE","UTA_NovaSeq S4 lane","UTA","Seagate_SequencingFiles_2","20210716_UTA_NovaSeq_L1_L2_cbcl","20210716_L2_fastq_single_cellranger"
20210716,"L2",2819540250,NA,NA,"STARR_024","STARR",48,"Seagate_SequencingFiles_2","20210716_L2_counts_single",76,"STARR_024_combine",8877,117425,2767,1042384328,97.3,80.7,95,93.6,NA,94.6,96.7,88.9,9.8,62.4,16.6,71.8,5.1,67.5,28119,6768,NA,NA,NA,"Jia","NovaSeq","/media/jianie/Seagate_SequencingFiles_2/20210716_L2_counts_single/STARR_024_combine/outs/molecule_info.h5","/media/jianie/","/outs/","molecule_info.h5","metrics_summary.csv","/media/jianie/Seagate_SequencingFiles_2/20210716_L2_counts_single/STARR_024_combine/outs/metrics_summary.csv",20190829,"STARR024",NA,8714,"P070720211",50000,435700000,0.145613384266268,2992170000,"SI-GA-B7","AAACCTCA, GCCTTGGT, CTGGACTC, TGTAGAAG","N/A","N/A",3,448,"10",50,"S4 150PE","UTA_NovaSeq S4 lane","UTA","Seagate_SequencingFiles_2","20210716_UTA_NovaSeq_L1_L2_cbcl","20210716_L2_fastq_single_cellranger"
20210716,"L2",2819540250,NA,NA,"STARR_024","STARR",48,"Seagate_SequencingFiles_2","20210716_L2_counts_single",162,"STARR_024_combine_force8000",8000,130298,2960,1042384328,97.3,80.7,95,93.6,NA,94.6,96.7,88.9,9.8,62.4,16.6,71.8,5.1,67.4,28061,7745,NA,NA,20220630,"Jia","NovaSeq","/media/jianie/Seagate_SequencingFiles_2/20210716_L2_counts_single/STARR_024_combine_force8000/outs/molecule_info.h5","/media/jianie/","/outs/","molecule_info.h5","metrics_summary.csv","/media/jianie/Seagate_SequencingFiles_2/20210716_L2_counts_single/STARR_024_combine_force8000/outs/metrics_summary.csv",20190829,"STARR024",NA,8714,"P070720211",50000,435700000,0.145613384266268,2992170000,"SI-GA-B7","AAACCTCA, GCCTTGGT, CTGGACTC, TGTAGAAG","N/A","N/A",3,448,"10",50,"S4 150PE","UTA_NovaSeq S4 lane","UTA","Seagate_SequencingFiles_2","20210716_UTA_NovaSeq_L1_L2_cbcl","20210716_L2_fastq_single_cellranger"
20210716,"L2",2819540250,NA,NA,"STARR_024","STARR",48,"Seagate_SequencingFiles_2","20210716_L2_counts_single",231,"STARR_024_combine_force9768",9768,106714,2605,1042384328,97.3,80.8,95,93.6,NA,94.6,96.6,88.7,9.8,62.3,16.6,71.7,5.1,69,28151,5967,NA,NA,20220802,"Jia","NovaSeq","/media/jianie/Seagate_SequencingFiles_2/20210716_L2_counts_single/STARR_024_combine_force9768/outs/molecule_info.h5","/media/jianie/","/outs/","molecule_info.h5","metrics_summary.csv","/media/jianie/Seagate_SequencingFiles_2/20210716_L2_counts_single/STARR_024_combine_force9768/outs/metrics_summary.csv",20190829,"STARR024",NA,8714,"P070720211",50000,435700000,0.145613384266268,2992170000,"SI-GA-B7","AAACCTCA, GCCTTGGT, CTGGACTC, TGTAGAAG","N/A","N/A",3,448,"10",50,"S4 150PE","UTA_NovaSeq S4 lane","UTA","Seagate_SequencingFiles_2","20210716_UTA_NovaSeq_L1_L2_cbcl","20210716_L2_fastq_single_cellranger"
20191121,"2",2529556633,22.5,2.5,"STARR_026","STARR",29,"Seagate_SequencingFiles_1","20191121_NovaSeq_Counts",41,"STARR_026",6512,87446,2052,569447003,97.4,83.2,95.5,93,NA,95.2,96.7,90.8,8.5,63.8,18.4,75.7,4.2,66.6,26347,4136,"no","Original",NA,"Jia","NovaSeq","/media/jianie/Seagate_SequencingFiles_1/20191121_NovaSeq_Counts/STARR_026/outs/molecule_info.h5","/media/jianie/","/outs/","molecule_info.h5","metrics_summary.csv","/media/jianie/Seagate_SequencingFiles_1/20191121_NovaSeq_Counts/STARR_026/outs/metrics_summary.csv",20190923,"STARR_026",NA,10000,"P1111192",50000,5e+08,0.1999992000032,2500010000,"SI-GA-F7","CGTGCAGA, AACAAGAT, TCGCTTCG, GTATGCTC","N/A","N/A",NA,479,"10",40,"S4 150PE","Novo_NovaSeq S4 lane","Novogene","Seagate_SequencingFiles_1","NA","20191121_NovaSeq_fastq"
20220616,"L1",2901329438,NA,NA,"STARR_026","STARR",70,"SequencingFiles_3","20220616_L1_Counts",174,"STARR_026_combine_force9000",9000,105940,1998,953461413,97.4,84.2,95.7,93.7,NA,95.3,96.7,90.4,8.5,63.5,18.3,75.4,4.2,64.5,26967,3916,"no",NA,20220624,"Jia","NovaSeq","/media/jianie/SequencingFiles_3/20220616_L1_Counts/STARR_026_combine_force9000/outs/molecule_info.h5","/media/jianie/","/outs/","molecule_info.h5","metrics_summary.csv","/media/jianie/SequencingFiles_3/20220616_L1_Counts/STARR_026_combine_force9000/outs/metrics_summary.csv",20190909,"STARR_026",NA,6512,"P20220001",25000,162800000,0.055,2954800000,"SI-GA-F7","CGTGCAGA, AACAAGAT, TCGCTTCG, GTATGCTC","N/A","N/A",NA,NA,"20",20,"S4 150PE","UTA_NovaSeq S4 lane","UTA","SequencingFiles_3","20220616_L1_cbcl","20220616_L1_fastq_single"
20220616,"L1",2901329438,NA,NA,"STARR_026","STARR",70,"SequencingFiles_3","20220616_L1_Counts",175,"STARR_026_combine_force8000",8000,119183,2167,953461413,97.4,84.2,95.7,93.7,NA,95.3,96.7,90.4,8.5,63.5,18.3,75.4,4.2,63.6,26895,4440,NA,NA,20220715,"Jia","NovaSeq","/media/jianie/SequencingFiles_3/20220616_L1_Counts/STARR_026_combine_force8000/outs/molecule_info.h5","/media/jianie/","/outs/","molecule_info.h5","metrics_summary.csv","/media/jianie/SequencingFiles_3/20220616_L1_Counts/STARR_026_combine_force8000/outs/metrics_summary.csv",20190909,"STARR_026",NA,6512,"P20220001",25000,162800000,0.055,2954800000,"SI-GA-F7","CGTGCAGA, AACAAGAT, TCGCTTCG, GTATGCTC","N/A","N/A",NA,NA,"20",20,"S4 150PE","UTA_NovaSeq S4 lane","UTA","SequencingFiles_3","20220616_L1_cbcl","20220616_L1_fastq_single"
20220616,"L1",2901329438,11.2,5.7,"STARR_026","STARR",70,"SequencingFiles_3","20220616_L1_Counts",130,"STARR_026_2nd",6338,51119,1922,323989883,97.5,74.3,96.1,95,NA,95.5,96.8,90.7,8.5,63.6,18.5,75.7,4.2,66.2,25909,3778,"no","Original",20220624,"Jia","NovaSeq","/media/jianie/SequencingFiles_3/20220616_L1_Counts/STARR_026_2nd/outs/molecule_info.h5","/media/jianie/","/outs/","molecule_info.h5","metrics_summary.csv","/media/jianie/SequencingFiles_3/20220616_L1_Counts/STARR_026_2nd/outs/metrics_summary.csv",20190909,"STARR_026",NA,6512,"P20220001",25000,162800000,0.055,2954800000,"SI-GA-F7","CGTGCAGA, AACAAGAT, TCGCTTCG, GTATGCTC","N/A","N/A",NA,NA,"20",20,"S4 150PE","UTA_NovaSeq S4 lane","UTA","SequencingFiles_3","20220616_L1_cbcl","20220616_L1_fastq_single"
20220616,"L1",2901329438,NA,NA,"STARR_026","STARR",70,"SequencingFiles_3","20220616_L1_Counts",155,"STARR_026_combine",11181,85275,1608,953461413,97.4,84.2,95.7,93.7,NA,95.3,96.7,90.4,8.5,63.5,18.3,75.4,4.2,65.9,27104,2800,"no",NA,20220624,"Jia","NovaSeq","/media/jianie/SequencingFiles_3/20220616_L1_Counts/STARR_026_combine/outs/molecule_info.h5","/media/jianie/","/outs/","molecule_info.h5","metrics_summary.csv","/media/jianie/SequencingFiles_3/20220616_L1_Counts/STARR_026_combine/outs/metrics_summary.csv",20190909,"STARR_026",NA,6512,"P20220001",25000,162800000,0.055,2954800000,"SI-GA-F7","CGTGCAGA, AACAAGAT, TCGCTTCG, GTATGCTC","N/A","N/A",NA,NA,"20",20,"S4 150PE","UTA_NovaSeq S4 lane","UTA","SequencingFiles_3","20220616_L1_cbcl","20220616_L1_fastq_single"
20220616,"L1",2901329438,NA,NA,"STARR_026","STARR",70,"SequencingFiles_3","20220616_L1_Counts",213,"STARR_026_combine_force7500",7500,127128,2265,953461413,97.4,84.2,95.7,93.7,NA,95.3,96.7,90.4,8.5,63.5,18.3,75.4,4.2,63.1,26861,4756,NA,NA,20220624,"Jia","NovaSeq","/media/jianie/SequencingFiles_3/20220616_L1_Counts/STARR_026_combine_force7500/outs/molecule_info.h5","/media/jianie/","/outs/","molecule_info.h5","metrics_summary.csv","/media/jianie/SequencingFiles_3/20220616_L1_Counts/STARR_026_combine_force7500/outs/metrics_summary.csv",20190909,"STARR_026",NA,6512,"P20220001",25000,162800000,0.055,2954800000,"SI-GA-F7","CGTGCAGA, AACAAGAT, TCGCTTCG, GTATGCTC","N/A","N/A",NA,NA,"20",20,"S4 150PE","UTA_NovaSeq S4 lane","UTA","SequencingFiles_3","20220616_L1_cbcl","20220616_L1_fastq_single"
20220616,"L1",2901329438,NA,NA,"STARR_026","STARR",70,"SequencingFiles_3","20220616_L1_Counts",164,"STARR_026_combine_force7000",7000,136209,2352,953461413,97.4,84.2,95.7,93.7,NA,95.3,96.7,90.4,8.5,63.5,18.3,75.4,4.2,62.5,26808,5074,"no",NA,20220624,"Jia","NovaSeq","/media/jianie/SequencingFiles_3/20220616_L1_Counts/STARR_026_combine_force7000/outs/molecule_info.h5","/media/jianie/","/outs/","molecule_info.h5","metrics_summary.csv","/media/jianie/SequencingFiles_3/20220616_L1_Counts/STARR_026_combine_force7000/outs/metrics_summary.csv",20190909,"STARR_026",NA,6512,"P20220001",25000,162800000,0.055,2954800000,"SI-GA-F7","CGTGCAGA, AACAAGAT, TCGCTTCG, GTATGCTC","N/A","N/A",NA,NA,"20",20,"S4 150PE","UTA_NovaSeq S4 lane","UTA","SequencingFiles_3","20220616_L1_cbcl","20220616_L1_fastq_single"
20220616,"L1",2901329438,NA,NA,"STARR_026","STARR",70,"SequencingFiles_3","20220616_L1_Counts",247,"STARR_026_combine_force8966",8966,106342,2002,953461413,97.4,84.2,95.7,93.7,NA,95.3,96.7,90.4,8.5,63.5,18.3,75.4,4.2,64.4,26965,3932,NA,NA,20220810,"Jia","NovaSeq","/media/jianie/SequencingFiles_3/20220616_L1_Counts/STARR_026_combine_force8966/outs/molecule_info.h5","/media/jianie/","/outs/","molecule_info.h5","metrics_summary.csv","/media/jianie/SequencingFiles_3/20220616_L1_Counts/STARR_026_combine_force8966/outs/metrics_summary.csv",20190909,"STARR_026",NA,6512,"P20220001",25000,162800000,0.055,2954800000,"SI-GA-F7","CGTGCAGA, AACAAGAT, TCGCTTCG, GTATGCTC","N/A","N/A",NA,NA,"20",20,"S4 150PE","UTA_NovaSeq S4 lane","UTA","SequencingFiles_3","20220616_L1_cbcl","20220616_L1_fastq_single"
20191121,"2",2529556633,NA,NA,"STARR_028","STARR",28,"Seagate_SequencingFiles_1","20191121_NovaSeq_Counts",250,"STARR_028_force5789",5789,96975,546,561385615,97.9,94.6,95.6,92.7,NA,95.1,94.7,85.9,9,50.8,26.2,71.2,3.8,84.1,25387,820,NA,NA,20220810,"Jia","NovaSeq","/media/jianie/Seagate_SequencingFiles_1/20191121_NovaSeq_Counts/STARR_028_force5789/outs/molecule_info.h5","/media/jianie/","/outs/","molecule_info.h5","metrics_summary.csv","/media/jianie/Seagate_SequencingFiles_1/20191121_NovaSeq_Counts/STARR_028_force5789/outs/metrics_summary.csv",20190909,"STARR_028",NA,10000,"P1111192",50000,5e+08,0.1999992000032,2500010000,"SI-GA-E7","CACGCCTT, GTATATAG, TCTCGGGC, AGGATACA","N/A","N/A",NA,510,"10",40,"S4 150PE","Novo_NovaSeq S4 lane","Novogene","Seagate_SequencingFiles_1","NA","20191121_NovaSeq_fastq"
20191121,"2",2529556633,22.2,2.2,"STARR_028","STARR",28,"Seagate_SequencingFiles_1","20191121_NovaSeq_Counts",89,"STARR_028_force2000",2000,280693,2074,561385615,97.9,94.5,95.6,92.7,NA,95.2,94.7,86.1,9,50.9,26.2,71.4,3.8,72.8,24945,4306,NA,"Original",20211103,"Jia","NovaSeq","/media/jianie/Seagate_SequencingFiles_1/20191121_NovaSeq_Counts/STARR_028_force2000/outs/molecule_info.h5","/media/jianie/","/outs/","molecule_info.h5","metrics_summary.csv","/media/jianie/Seagate_SequencingFiles_1/20191121_NovaSeq_Counts/STARR_028_force2000/outs/metrics_summary.csv",20190909,"STARR_028",NA,10000,"P1111192",50000,5e+08,0.1999992000032,2500010000,"SI-GA-E7","CACGCCTT, GTATATAG, TCTCGGGC, AGGATACA","N/A","N/A",NA,510,"10",40,"S4 150PE","Novo_NovaSeq S4 lane","Novogene","Seagate_SequencingFiles_1","NA","20191121_NovaSeq_fastq"
20191121,"2",2529556633,NA,NA,"STARR_028","STARR",28,"Seagate_SequencingFiles_1","20191121_NovaSeq_Counts",44,"STARR_028",2288,245361,1876,561385615,97.9,94.5,95.6,92.7,NA,95.2,94.7,86.1,9,50.9,26.2,71.4,3.8,73.5,25014,3777,"no",NA,NA,"Jia","NovaSeq","/media/jianie/Seagate_SequencingFiles_1/20191121_NovaSeq_Counts/STARR_028/outs/molecule_info.h5","/media/jianie/","/outs/","molecule_info.h5","metrics_summary.csv","/media/jianie/Seagate_SequencingFiles_1/20191121_NovaSeq_Counts/STARR_028/outs/metrics_summary.csv",20190909,"STARR_028",NA,10000,"P1111192",50000,5e+08,0.1999992000032,2500010000,"SI-GA-E7","CACGCCTT, GTATATAG, TCTCGGGC, AGGATACA","N/A","N/A",NA,510,"10",40,"S4 150PE","Novo_NovaSeq S4 lane","Novogene","Seagate_SequencingFiles_1","NA","20191121_NovaSeq_fastq"
20191121,"2",2529556633,NA,NA,"STARR_031","STARR",27,"Seagate_SequencingFiles_1","20191121_NovaSeq_Counts",98,"STARR_031_force2000",2000,216040,2356,432080145,97.3,76.9,95.4,92.7,NA,95,94.6,77.6,7.4,50.9,19.3,64.6,3.7,38.1,24859,4890,"Yes",NA,20211108,"Jia","NovaSeq","/media/jianie/Seagate_SequencingFiles_1/20191121_NovaSeq_Counts/STARR_031_force2000/outs/molecule_info.h5","/media/jianie/","/outs/","molecule_info.h5","metrics_summary.csv","/media/jianie/Seagate_SequencingFiles_1/20191121_NovaSeq_Counts/STARR_031_force2000/outs/metrics_summary.csv",20190905,"STARR_031",NA,10000,"P1111192",50000,5e+08,0.1999992000032,2500010000,"SI-GA-C8","GTTGAGAA, AGATCTGG, TCGATACT, CACCGCTC","N/A","N/A",NA,504,"10",40,"S4 150PE","Novo_NovaSeq S4 lane","Novogene","Seagate_SequencingFiles_1","NA","20191121_NovaSeq_fastq"
20191121,"2",2529556633,17.1,-2.9,"STARR_031","STARR",27,"Seagate_SequencingFiles_1","20191121_NovaSeq_Counts",43,"STARR_031",4357,99169,1189,432080145,97.3,76.9,95.4,92.7,NA,95,94.6,77.6,7.4,50.9,19.3,64.6,3.7,42.2,25366,1757,"no","Original",NA,"Jia","NovaSeq","/media/jianie/Seagate_SequencingFiles_1/20191121_NovaSeq_Counts/STARR_031/outs/molecule_info.h5","/media/jianie/","/outs/","molecule_info.h5","metrics_summary.csv","/media/jianie/Seagate_SequencingFiles_1/20191121_NovaSeq_Counts/STARR_031/outs/metrics_summary.csv",20190905,"STARR_031",NA,10000,"P1111192",50000,5e+08,0.1999992000032,2500010000,"SI-GA-C8","GTTGAGAA, AGATCTGG, TCGATACT, CACCGCTC","N/A","N/A",NA,504,"10",40,"S4 150PE","Novo_NovaSeq S4 lane","Novogene","Seagate_SequencingFiles_1","NA","20191121_NovaSeq_fastq"
20191121,"2",2529556633,NA,NA,"STARR_031","STARR",27,"Seagate_SequencingFiles_1","20191121_NovaSeq_Counts",96,"STARR_031_force2600",2600,166185,2006,432080145,97.3,76.9,95.4,92.7,NA,95,94.6,77.6,7.4,50.9,19.3,64.6,3.7,40.4,25038,3828,"no",NA,20211103,"Jia","NovaSeq","/media/jianie/Seagate_SequencingFiles_1/20191121_NovaSeq_Counts/STARR_031_force2600/outs/molecule_info.h5","/media/jianie/","/outs/","molecule_info.h5","metrics_summary.csv","/media/jianie/Seagate_SequencingFiles_1/20191121_NovaSeq_Counts/STARR_031_force2600/outs/metrics_summary.csv",20190905,"STARR_031",NA,10000,"P1111192",50000,5e+08,0.1999992000032,2500010000,"SI-GA-C8","GTTGAGAA, AGATCTGG, TCGATACT, CACCGCTC","N/A","N/A",NA,504,"10",40,"S4 150PE","Novo_NovaSeq S4 lane","Novogene","Seagate_SequencingFiles_1","NA","20191121_NovaSeq_fastq"
20191121,"2",2529556633,17.6,-2.4,"STARR_032","STARR",30,"Seagate_SequencingFiles_1","20191121_NovaSeq_Counts",97,"STARR_032_force2000",2000,222245,2010,444489382,97.9,90.2,95.4,92.9,NA,95.1,90.8,80.5,7.7,56.3,16.4,67.1,3.5,51.3,23813,4002,"no","Original",20211108,"Jia","NovaSeq","/media/jianie/Seagate_SequencingFiles_1/20191121_NovaSeq_Counts/STARR_032_force2000/outs/molecule_info.h5","/media/jianie/","/outs/","molecule_info.h5","metrics_summary.csv","/media/jianie/Seagate_SequencingFiles_1/20191121_NovaSeq_Counts/STARR_032_force2000/outs/metrics_summary.csv",20191018,"STARR_032",NA,10000,"P1111192",50001,500010000,0.2000031999872,2500010000,"SI-GA-G8","TATGAGCT, CCGATAGC, ATACCCAA, GGCTGTTG","N/A","N/A",NA,406,"10",40,"S4 150PE","Novo_NovaSeq S4 lane","Novogene","Seagate_SequencingFiles_1","NA","20191121_NovaSeq_fastq"
20191121,"2",2529556633,NA,NA,"STARR_032","STARR",30,"Seagate_SequencingFiles_1","20191121_NovaSeq_Counts",248,"STARR_032_force3797",3797,117063,1509,444489382,97.9,90.2,95.4,92.9,NA,95,90.8,80.3,7.7,56.2,16.4,67,3.5,64.5,24489,2674,NA,NA,20220810,"Jia","NovaSeq","/media/jianie/Seagate_SequencingFiles_1/20191121_NovaSeq_Counts/STARR_032_force3797/outs/molecule_info.h5","/media/jianie/","/outs/","molecule_info.h5","metrics_summary.csv","/media/jianie/Seagate_SequencingFiles_1/20191121_NovaSeq_Counts/STARR_032_force3797/outs/metrics_summary.csv",20191018,"STARR_032",NA,10000,"P1111192",50001,500010000,0.2000031999872,2500010000,"SI-GA-G8","TATGAGCT, CCGATAGC, ATACCCAA, GGCTGTTG","N/A","N/A",NA,406,"10",40,"S4 150PE","Novo_NovaSeq S4 lane","Novogene","Seagate_SequencingFiles_1","NA","20191121_NovaSeq_fastq"
20191121,"2",2529556633,NA,NA,"STARR_032","STARR",30,"Seagate_SequencingFiles_1","20191121_NovaSeq_Counts",45,"STARR_032",4052,109696,1462,444489382,97.9,90.2,95.4,92.9,NA,95.1,90.8,80.5,7.7,56.3,16.4,67.1,3.5,64.8,24569,2560,"no",NA,NA,"Jia","NovaSeq","/media/jianie/Seagate_SequencingFiles_1/20191121_NovaSeq_Counts/STARR_032/outs/molecule_info.h5","/media/jianie/","/outs/","molecule_info.h5","metrics_summary.csv","/media/jianie/Seagate_SequencingFiles_1/20191121_NovaSeq_Counts/STARR_032/outs/metrics_summary.csv",20191018,"STARR_032",NA,10000,"P1111192",50001,500010000,0.2000031999872,2500010000,"SI-GA-G8","TATGAGCT, CCGATAGC, ATACCCAA, GGCTGTTG","N/A","N/A",NA,406,"10",40,"S4 150PE","Novo_NovaSeq S4 lane","Novogene","Seagate_SequencingFiles_1","NA","20191121_NovaSeq_fastq"
20191121,"2",2529556633,NA,NA,"STARR_032","STARR",30,"Seagate_SequencingFiles_1","20191121_NovaSeq_Counts",95,"STARR_032_force2500",2500,177796,1830,444489382,97.9,90.2,95.4,92.9,NA,95.1,90.8,80.5,7.7,56.3,16.4,67.1,3.5,56.1,24041,3509,"no",NA,20211106,"Jia","NovaSeq","/media/jianie/Seagate_SequencingFiles_1/20191121_NovaSeq_Counts/STARR_032_force2500/outs/molecule_info.h5","/media/jianie/","/outs/","molecule_info.h5","metrics_summary.csv","/media/jianie/Seagate_SequencingFiles_1/20191121_NovaSeq_Counts/STARR_032_force2500/outs/metrics_summary.csv",20191018,"STARR_032",NA,10000,"P1111192",50001,500010000,0.2000031999872,2500010000,"SI-GA-G8","TATGAGCT, CCGATAGC, ATACCCAA, GGCTGTTG","N/A","N/A",NA,406,"10",40,"S4 150PE","Novo_NovaSeq S4 lane","Novogene","Seagate_SequencingFiles_1","NA","20191121_NovaSeq_fastq"
20210126,"L3",3028254122,23.7,-1.3,"STARR_039","STARR",34,"Seagate_SequencingFiles_2","20210126_UTA_NovaSeq_L3_Counts",99,"STARR_039_force1500",1500,479310,1818,718965036,97.9,93.1,95.6,92.5,NA,94.9,89.3,78.7,7.2,48.9,22.6,64.7,4.8,49.8,24419,3237,"no","Original",20211103,"Jia","NovaSeq","/media/jianie/Seagate_SequencingFiles_2/20210126_UTA_NovaSeq_L3_Counts/STARR_039_force1500/outs/molecule_info.h5","/media/jianie/","/outs/","molecule_info.h5","metrics_summary.csv","/media/jianie/Seagate_SequencingFiles_2/20210126_UTA_NovaSeq_L3_Counts/STARR_039_force1500/outs/metrics_summary.csv",20200211,"STARR_039","10X30891",10000,"P0111212",75000,7.5e+08,0.25,3e+09,"SI-GA-H12","GACAGCAT,TTTGTACA,AGGCCGTG,CCATATGC","N/A","N/A",2.03,328,"2.5",50,"S4 150PE","UTA_NovaSeq S4 lane","UTA","Seagate_SequencingFiles_2","20210126_UTA_NovaSeq_L3_cbcl","20210126_UTA_NovaSeq_L3_fastq"
20210126,"L3",3028254122,NA,NA,"STARR_039","STARR",34,"Seagate_SequencingFiles_2","20210126_UTA_NovaSeq_L3_Counts",251,"STARR_039_force5023",5023,143135,705,718965036,97.9,93.1,95.6,92.6,NA,95,89.6,78.7,7.3,48.9,22.6,64.7,4.9,58.9,25442,922,NA,NA,20220810,"Jia","NovaSeq","/media/jianie/Seagate_SequencingFiles_2/20210126_UTA_NovaSeq_L3_Counts/STARR_039_force5023/outs/molecule_info.h5","/media/jianie/","/outs/","molecule_info.h5","metrics_summary.csv","/media/jianie/Seagate_SequencingFiles_2/20210126_UTA_NovaSeq_L3_Counts/STARR_039_force5023/outs/metrics_summary.csv",20200211,"STARR_039","10X30891",10000,"P0111212",75000,7.5e+08,0.25,3e+09,"SI-GA-H12","GACAGCAT,TTTGTACA,AGGCCGTG,CCATATGC","N/A","N/A",2.03,328,"2.5",50,"S4 150PE","UTA_NovaSeq S4 lane","UTA","Seagate_SequencingFiles_2","20210126_UTA_NovaSeq_L3_cbcl","20210126_UTA_NovaSeq_L3_fastq"
20210126,"L3",3028254122,NA,NA,"STARR_039","STARR",34,"Seagate_SequencingFiles_2","20210126_UTA_NovaSeq_L3_Counts",64,"STARR_039",2694,266876,1280,718965036,97.9,93.1,95.6,92.5,NA,94.9,89.3,78.7,7.2,48.9,22.6,64.7,4.8,54.8,24939,1996,"Yes",NA,NA,"Jia","NovaSeq","/media/jianie/Seagate_SequencingFiles_2/20210126_UTA_NovaSeq_L3_Counts/STARR_039/outs/molecule_info.h5","/media/jianie/","/outs/","molecule_info.h5","metrics_summary.csv","/media/jianie/Seagate_SequencingFiles_2/20210126_UTA_NovaSeq_L3_Counts/STARR_039/outs/metrics_summary.csv",20200211,"STARR_039","10X30891",10000,"P0111212",75000,7.5e+08,0.25,3e+09,"SI-GA-H12","GACAGCAT,TTTGTACA,AGGCCGTG,CCATATGC","N/A","N/A",2.03,328,"2.5",50,"S4 150PE","UTA_NovaSeq S4 lane","UTA","Seagate_SequencingFiles_2","20210126_UTA_NovaSeq_L3_cbcl","20210126_UTA_NovaSeq_L3_fastq"
20210126,"L3",3028254122,NA,NA,"STARR_039","STARR",34,"Seagate_SequencingFiles_2","20210126_UTA_NovaSeq_L3_Counts",92,"STARR_039_force2000",2000,359483,1551,718965036,97.9,93.1,95.6,92.5,NA,94.9,89.3,78.7,7.2,48.9,22.6,64.7,4.8,52.9,24674,2616,"no",NA,20211103,"Jia","NovaSeq","/media/jianie/Seagate_SequencingFiles_2/20210126_UTA_NovaSeq_L3_Counts/STARR_039_force2000/outs/molecule_info.h5","/media/jianie/","/outs/","molecule_info.h5","metrics_summary.csv","/media/jianie/Seagate_SequencingFiles_2/20210126_UTA_NovaSeq_L3_Counts/STARR_039_force2000/outs/metrics_summary.csv",20200211,"STARR_039","10X30891",10000,"P0111212",75000,7.5e+08,0.25,3e+09,"SI-GA-H12","GACAGCAT,TTTGTACA,AGGCCGTG,CCATATGC","N/A","N/A",2.03,328,"2.5",50,"S4 150PE","UTA_NovaSeq S4 lane","UTA","Seagate_SequencingFiles_2","20210126_UTA_NovaSeq_L3_cbcl","20210126_UTA_NovaSeq_L3_fastq"
20210126,"L3",3028254122,21.1,-3.9,"STARR_041","STARR",36,"Seagate_SequencingFiles_2","20210126_UTA_NovaSeq_L3_Counts",65,"STARR_041",11064,57724,2827,638662180,98,66.4,95.6,93.8,NA,95.1,94.6,82.5,7.3,54.1,21,68.3,4.9,77.1,28553,6356,"no","Original",NA,"Jia","NovaSeq","/media/jianie/Seagate_SequencingFiles_2/20210126_UTA_NovaSeq_L3_Counts/STARR_041/outs/molecule_info.h5","/media/jianie/","/outs/","molecule_info.h5","metrics_summary.csv","/media/jianie/Seagate_SequencingFiles_2/20210126_UTA_NovaSeq_L3_Counts/STARR_041/outs/metrics_summary.csv",20201119,"STARR_041","10X31081",10000,"P0111212",7.5e+07,7.5e+11,0.25,3e+09,"SI-GA-C7","GTCTCTCG,AATCTCTC,CGGAGGGA,TCAGAAAT","N/A","N/A",52,383,"2.5",50,"S4 150PE","UTA_NovaSeq S4 lane","UTA","Seagate_SequencingFiles_2","20210126_UTA_NovaSeq_L3_cbcl","20210126_UTA_NovaSeq_L3_fastq"
20210716,"L2",2819540250,NA,NA,"STARR_041","STARR",47,"Seagate_SequencingFiles_2","20210716_L2_counts_single",79,"STARR_041_combine_force",10000,90792,3224,907920112,98,72.9,95.3,93.6,NA,94.8,94.4,82.3,7.3,54,21,68.1,4.9,77.6,28775,8116,"no",NA,NA,"Jia","NovaSeq","/media/jianie/Seagate_SequencingFiles_2/20210716_L2_counts_single/STARR_041_combine_force/outs/molecule_info.h5","/media/jianie/","/outs/","molecule_info.h5","metrics_summary.csv","/media/jianie/Seagate_SequencingFiles_2/20210716_L2_counts_single/STARR_041_combine_force/outs/metrics_summary.csv",20201119,"STARR_041_2nd","10X31081",8674,"P070720211",30000,260220000,0.0869669838277905,2992170000,"SI-GA-C7","GTCTCTCG,AATCTCTC,CGGAGGGA,TCAGAAAT","N/A","N/A",3,448,"10",50,"S4 150PE","UTA_NovaSeq S4 lane","UTA","Seagate_SequencingFiles_2","20210716_UTA_NovaSeq_L1_L2_cbcl","20210716_L2_fastq_single_cellranger"
20210716,"L2",2819540250,9.5,0.8,"STARR_041","STARR",47,"Seagate_SequencingFiles_2","20210716_L2_counts_single",77,"STARR_041_2nd",8566,31433,2590,269257932,97.8,45.3,94.7,93.1,NA,94.3,93.9,81.8,7.3,53.7,20.8,67.6,4.9,75.4,27799,5840,"no","Original",NA,"Jia","NovaSeq","/media/jianie/Seagate_SequencingFiles_2/20210716_L2_counts_single/STARR_041_2nd/outs/molecule_info.h5","/media/jianie/","/outs/","molecule_info.h5","metrics_summary.csv","/media/jianie/Seagate_SequencingFiles_2/20210716_L2_counts_single/STARR_041_2nd/outs/metrics_summary.csv",20201119,"STARR_041_2nd","10X31081",8674,"P070720211",30000,260220000,0.0869669838277905,2992170000,"SI-GA-C7","GTCTCTCG,AATCTCTC,CGGAGGGA,TCAGAAAT","N/A","N/A",3,448,"10",50,"S4 150PE","UTA_NovaSeq S4 lane","UTA","Seagate_SequencingFiles_2","20210716_UTA_NovaSeq_L1_L2_cbcl","20210716_L2_fastq_single_cellranger"
20210716,"L2",2819540250,NA,NA,"STARR_041","STARR",47,"Seagate_SequencingFiles_2","20210716_L2_counts_single",78,"STARR_041_combine",12710,71434,2701,907920112,98,72.9,95.3,93.6,NA,94.8,94.4,82.3,7.3,54,21,68.1,4.9,77.8,28832,5548,"no",NA,NA,"Jia","NovaSeq","/media/jianie/Seagate_SequencingFiles_2/20210716_L2_counts_single/STARR_041_combine/outs/molecule_info.h5","/media/jianie/","/outs/","molecule_info.h5","metrics_summary.csv","/media/jianie/Seagate_SequencingFiles_2/20210716_L2_counts_single/STARR_041_combine/outs/metrics_summary.csv",20201119,"STARR_041_2nd","10X31081",8674,"P070720211",30000,260220000,0.0869669838277905,2992170000,"SI-GA-C7","GTCTCTCG,AATCTCTC,CGGAGGGA,TCAGAAAT","N/A","N/A",3,448,"10",50,"S4 150PE","UTA_NovaSeq S4 lane","UTA","Seagate_SequencingFiles_2","20210716_UTA_NovaSeq_L1_L2_cbcl","20210716_L2_fastq_single_cellranger"
20220616,"L1",2901329438,22.2,7.1,"STARR_041","STARR",71,"SequencingFiles_3","20220616_L1_Counts",131,"STARR_041_3rd",10131,63473,2953,643048258,98,67.4,96,94.3,NA,95.4,94.4,82.3,7.2,53.8,21.2,68.1,4.9,76.5,28477,6998,"no","Original",20220624,"Jia","NovaSeq","/media/jianie/SequencingFiles_3/20220616_L1_Counts/STARR_041_3rd/outs/molecule_info.h5","/media/jianie/","/outs/","molecule_info.h5","metrics_summary.csv","/media/jianie/SequencingFiles_3/20220616_L1_Counts/STARR_041_3rd/outs/metrics_summary.csv",20190923,"STARR_041","10X31081",12710,"P20220001",35000,444850000,0.151,2954800000,"SI-GA-C7","GTCTCTCG,AATCTCTC,CGGAGGGA,TCAGAAAT","N/A","N/A",NA,NA,"20",20,"S4 150PE","UTA_NovaSeq S4 lane","UTA","SequencingFiles_3","20220616_L1_cbcl","20220616_L1_fastq_single"
20220616,"L1",2901329438,NA,NA,"STARR_041","STARR",71,"SequencingFiles_3","20220616_L1_Counts",156,"STARR_041_combine3",15847,97871,1959,1550968370,98,81.8,95.6,93.9,NA,95.1,94.4,82.2,7.2,53.9,21.1,68.1,4.9,79.2,29138,3038,"Yes",NA,20220624,"Jia","NovaSeq","/media/jianie/SequencingFiles_3/20220616_L1_Counts/STARR_041_combine3/outs/molecule_info.h5","/media/jianie/","/outs/","molecule_info.h5","metrics_summary.csv","/media/jianie/SequencingFiles_3/20220616_L1_Counts/STARR_041_combine3/outs/metrics_summary.csv",20190923,"STARR_041","10X31081",12710,"P20220001",35000,444850000,0.151,2954800000,"SI-GA-C7","GTCTCTCG,AATCTCTC,CGGAGGGA,TCAGAAAT","N/A","N/A",NA,NA,"20",20,"S4 150PE","UTA_NovaSeq S4 lane","UTA","SequencingFiles_3","20220616_L1_cbcl","20220616_L1_fastq_single"
20220616,"L1",2901329438,NA,NA,"STARR_041","STARR",71,"SequencingFiles_3","20220616_L1_Counts",214,"STARR_041_combine3_force13000",13000,119305,2912,1550968370,98,81.8,95.6,93.9,NA,95.1,94.4,82.2,7.2,53.9,21.1,68.1,4.9,79,29105,6020,NA,NA,20220802,"Jia","NovaSeq","/media/jianie/SequencingFiles_3/20220616_L1_Counts/STARR_041_combine3_force13000/outs/molecule_info.h5","/media/jianie/","/outs/","molecule_info.h5","metrics_summary.csv","/media/jianie/SequencingFiles_3/20220616_L1_Counts/STARR_041_combine3_force13000/outs/metrics_summary.csv",20190923,"STARR_041","10X31081",12710,"P20220001",35000,444850000,0.151,2954800000,"SI-GA-C7","GTCTCTCG,AATCTCTC,CGGAGGGA,TCAGAAAT","N/A","N/A",NA,NA,"20",20,"S4 150PE","UTA_NovaSeq S4 lane","UTA","SequencingFiles_3","20220616_L1_cbcl","20220616_L1_fastq_single"
20220616,"L1",2901329438,NA,NA,"STARR_041","STARR",71,"SequencingFiles_3","20220616_L1_Counts",157,"STARR_041_combine3_force12000",12000,129247,3120,1550968370,98,81.8,95.6,93.9,NA,95.1,94.4,82.2,7.2,53.9,21.1,68.1,4.9,78.5,29086,7094,NA,NA,20220624,"Jia","NovaSeq","/media/jianie/SequencingFiles_3/20220616_L1_Counts/STARR_041_combine3_force12000/outs/molecule_info.h5","/media/jianie/","/outs/","molecule_info.h5","metrics_summary.csv","/media/jianie/SequencingFiles_3/20220616_L1_Counts/STARR_041_combine3_force12000/outs/metrics_summary.csv",20190923,"STARR_041","10X31081",12710,"P20220001",35000,444850000,0.151,2954800000,"SI-GA-C7","GTCTCTCG,AATCTCTC,CGGAGGGA,TCAGAAAT","N/A","N/A",NA,NA,"20",20,"S4 150PE","UTA_NovaSeq S4 lane","UTA","SequencingFiles_3","20220616_L1_cbcl","20220616_L1_fastq_single"
20210126,"L3",3028254122,27.5,2.5,"STARR_043","STARR",37,"Seagate_SequencingFiles_2","20210126_UTA_NovaSeq_L3_Counts",66,"STARR_043",9886,84295,2207,833343742,97.3,82.5,95.6,93.8,NA,95,92.3,81,7.9,55.8,17.3,67.5,3.6,79.4,27972,4432,"no","Original",NA,"Jia","NovaSeq","/media/jianie/Seagate_SequencingFiles_2/20210126_UTA_NovaSeq_L3_Counts/STARR_043/outs/molecule_info.h5","/media/jianie/","/outs/","molecule_info.h5","metrics_summary.csv","/media/jianie/Seagate_SequencingFiles_2/20210126_UTA_NovaSeq_L3_Counts/STARR_043/outs/metrics_summary.csv",20201203,"STARR_043","10X31091",10000,"P0111212",7.5e+07,7.5e+11,0.25,3e+09,"SI-GA-D7","ATTTGCTA,TAGACACC,CCACAGGG,GGCGTTAT","N/A","N/A",7.55,317,"2.5",50,"S4 150PE","UTA_NovaSeq S4 lane","UTA","Seagate_SequencingFiles_2","20210126_UTA_NovaSeq_L3_cbcl","20210126_UTA_NovaSeq_L3_fastq"
20210126,"L3",3028254122,NA,NA,"STARR_043","STARR",37,"Seagate_SequencingFiles_2","20210126_UTA_NovaSeq_L3_Counts",129,"STARR_043_force9000",9000,92594,2412,833343742,97.3,82.6,95.6,93.8,NA,95,92.3,80.9,7.9,55.7,17.4,67.4,3.6,79.3,27901,5124,"no",NA,20220414,"Jia","NovaSeq","/media/jianie/Seagate_SequencingFiles_2/20210126_UTA_NovaSeq_L3_Counts/STARR_043_force9000/outs/molecule_info.h5","/media/jianie/","/outs/","molecule_info.h5","metrics_summary.csv","/media/jianie/Seagate_SequencingFiles_2/20210126_UTA_NovaSeq_L3_Counts/STARR_043_force9000/outs/metrics_summary.csv",20201203,"STARR_043","10X31091",10000,"P0111212",7.5e+07,7.5e+11,0.25,3e+09,"SI-GA-D7","ATTTGCTA,TAGACACC,CCACAGGG,GGCGTTAT","N/A","N/A",7.55,317,"2.5",50,"S4 150PE","UTA_NovaSeq S4 lane","UTA","Seagate_SequencingFiles_2","20210126_UTA_NovaSeq_L3_cbcl","20210126_UTA_NovaSeq_L3_fastq"
20220616,"L1",2901329438,1.5,-6.9,"STARR_043","STARR",72,"SequencingFiles_3","20220616_L1_Counts",132,"STARR_043_2nd",6692,6627,1206,44350197,97.4,26.2,96.1,94.8,NA,95.4,92.3,81,7.9,55.7,17.4,67.4,3.7,75.4,24234,1908,"no","Original",20220624,"Jia","NovaSeq","/media/jianie/SequencingFiles_3/20220616_L1_Counts/STARR_043_2nd/outs/molecule_info.h5","/media/jianie/","/outs/","molecule_info.h5","metrics_summary.csv","/media/jianie/SequencingFiles_3/20220616_L1_Counts/STARR_043_2nd/outs/metrics_summary.csv",20201119,"STARR_043","10X31091",9886,"P20220001",25000,247150000,0.084,2954800000,"SI-GA-D7","ATTTGCTA,TAGACACC,CCACAGGG,GGCGTTAT","N/A","N/A",NA,NA,"20",20,"S4 150PE","UTA_NovaSeq S4 lane","UTA","SequencingFiles_3","20220616_L1_cbcl","20220616_L1_fastq_single"
20220616,"L1",2901329438,NA,NA,"STARR_043","STARR",72,"SequencingFiles_3","20220616_L1_Counts",165,"STARR_043_combine_force9000",9000,97522,2426,877693939,97.3,83.3,95.6,93.9,NA,95.1,92.3,80.9,7.9,55.7,17.4,67.4,3.6,79.3,27930,5170,"Yes",NA,20220624,"Jia","NovaSeq","/media/jianie/SequencingFiles_3/20220616_L1_Counts/STARR_043_combine_force9000/outs/molecule_info.h5","/media/jianie/","/outs/","molecule_info.h5","metrics_summary.csv","/media/jianie/SequencingFiles_3/20220616_L1_Counts/STARR_043_combine_force9000/outs/metrics_summary.csv",20201119,"STARR_043","10X31091",9886,"P20220001",25000,247150000,0.084,2954800000,"SI-GA-D7","ATTTGCTA,TAGACACC,CCACAGGG,GGCGTTAT","N/A","N/A",NA,NA,"20",20,"S4 150PE","UTA_NovaSeq S4 lane","UTA","SequencingFiles_3","20220616_L1_cbcl","20220616_L1_fastq_single"
20220616,"L1",2901329438,NA,NA,"STARR_043","STARR",72,"SequencingFiles_3","20220616_L1_Counts",215,"STARR_043_combine_force8000",8000,109712,2729,877693939,97.3,83.3,95.6,93.9,NA,95.1,92.3,80.9,7.9,55.7,17.4,67.4,3.6,78.1,27860,6206,NA,NA,20220802,"Jia","NovaSeq","/media/jianie/SequencingFiles_3/20220616_L1_Counts/STARR_043_combine_force8000/outs/molecule_info.h5","/media/jianie/","/outs/","molecule_info.h5","metrics_summary.csv","/media/jianie/SequencingFiles_3/20220616_L1_Counts/STARR_043_combine_force8000/outs/metrics_summary.csv",20201119,"STARR_043","10X31091",9886,"P20220001",25000,247150000,0.084,2954800000,"SI-GA-D7","ATTTGCTA,TAGACACC,CCACAGGG,GGCGTTAT","N/A","N/A",NA,NA,"20",20,"S4 150PE","UTA_NovaSeq S4 lane","UTA","SequencingFiles_3","20220616_L1_cbcl","20220616_L1_fastq_single"
20220616,"L1",2901329438,NA,NA,"STARR_043","STARR",72,"SequencingFiles_3","20220616_L1_Counts",158,"STARR_043_combine",9924,88442,2206,877693939,97.3,83.3,95.6,93.9,NA,95.1,92.3,80.9,7.9,55.7,17.4,67.4,3.6,79.4,28014,4409,"no",NA,20220624,"Jia","NovaSeq","/media/jianie/SequencingFiles_3/20220616_L1_Counts/STARR_043_combine/outs/molecule_info.h5","/media/jianie/","/outs/","molecule_info.h5","metrics_summary.csv","/media/jianie/SequencingFiles_3/20220616_L1_Counts/STARR_043_combine/outs/metrics_summary.csv",20201119,"STARR_043","10X31091",9886,"P20220001",25000,247150000,0.084,2954800000,"SI-GA-D7","ATTTGCTA,TAGACACC,CCACAGGG,GGCGTTAT","N/A","N/A",NA,NA,"20",20,"S4 150PE","UTA_NovaSeq S4 lane","UTA","SequencingFiles_3","20220616_L1_cbcl","20220616_L1_fastq_single"
20210716,"L2",2819540250,19.4,-4,"STARR_049","STARR",50,"Seagate_SequencingFiles_2","20210716_L2_counts_single",80,"STARR_049",8464,64720,3402,547787375,97.4,59.2,94.7,93.4,NA,94.2,96.3,89.7,7.9,61.6,20.2,73.2,6.5,78.4,28242,9468,"no","Original",NA,"Jia","NovaSeq","/media/jianie/Seagate_SequencingFiles_2/20210716_L2_counts_single/STARR_049/outs/molecule_info.h5","/media/jianie/","/outs/","molecule_info.h5","metrics_summary.csv","/media/jianie/Seagate_SequencingFiles_2/20210716_L2_counts_single/STARR_049/outs/metrics_summary.csv",20210409,"STARR049",NA,10000,"P070720211",70000,7e+08,0.233943926982758,2992170000,"SI-GA-F7","CGTGCAGA, AACAAGAT, TCGCTTCG, GTATGCTC","N/A","N/A",3,448,"10",50,"S4 150PE","UTA_NovaSeq S4 lane","UTA","Seagate_SequencingFiles_2","20210716_UTA_NovaSeq_L1_L2_cbcl","20210716_L2_fastq_single_cellranger"
20211105,"L3",2590729371,NA,NA,"STARR_049","STARR",59,"SequencingFiles_3","20211105_L3_L4_Counts",232,"STARR_049_combine_force8300",8300,93136,3683,773029050,97.5,67.7,94.6,93.4,NA,94.1,96.4,89.7,7.9,61.6,20.2,73.2,6.5,79.4,28464,10919,NA,NA,20220802,"Jia","NovaSeq","/media/jianie/SequencingFiles_3/20211105_L3_L4_Counts/STARR_049_combine_force8300/outs/molecule_info.h5","/media/jianie/","/outs/","molecule_info.h5","metrics_summary.csv","/media/jianie/SequencingFiles_3/20211105_L3_L4_Counts/STARR_049_combine_force8300/outs/metrics_summary.csv",20210409,"STARR049",NA,8464,"P101521",35280,298609920,0.0971397380115092,3074024350,"SI-GA-F7","CGTGCAGA, AACAAGAT, TCGCTTCG, GTATGCTC","N/A","N/A",3.26,494,"10",25,"S4 150PE","UTA_NovaSeq S4 lane","UTA","SequencingFiles_3","20211105_UTA_L3_L4_cbcl","20211105_L3_fastq_single"
20211105,"L3",2590729371,NA,NA,"STARR_049","STARR",59,"SequencingFiles_3","20211105_L3_L4_Counts",163,"STARR_049_combine_force8001",8001,96617,3795,773029050,97.5,67.7,94.6,93.4,NA,94.1,96.4,89.7,7.9,61.6,20.2,73.2,6.5,79.1,28447,11667,"Yes",NA,20220630,"Jia","NovaSeq","/media/jianie/SequencingFiles_3/20211105_L3_L4_Counts/STARR_049_combine_force8001/outs/molecule_info.h5","/media/jianie/","/outs/","molecule_info.h5","metrics_summary.csv","/media/jianie/SequencingFiles_3/20211105_L3_L4_Counts/STARR_049_combine_force8001/outs/metrics_summary.csv",20210409,"STARR049",NA,8464,"P101521",35280,298609920,0.0971397380115092,3074024350,"SI-GA-F7","CGTGCAGA, AACAAGAT, TCGCTTCG, GTATGCTC","N/A","N/A",3.26,494,"10",25,"S4 150PE","UTA_NovaSeq S4 lane","UTA","SequencingFiles_3","20211105_UTA_L3_L4_cbcl","20211105_L3_fastq_single"
20211105,"L3",2590729371,NA,NA,"STARR_049","STARR",59,"SequencingFiles_3","20211105_L3_L4_Counts",113,"STARR_049_combine",8665,89213,3552,773029050,97.5,67.7,94.6,93.4,NA,94.1,96.4,89.7,7.9,61.6,20.2,73.2,6.5,78.4,28473,10150,"no",NA,20211117,"Jia","NovaSeq","/media/jianie/SequencingFiles_3/20211105_L3_L4_Counts/STARR_049_combine/outs/molecule_info.h5","/media/jianie/","/outs/","molecule_info.h5","metrics_summary.csv","/media/jianie/SequencingFiles_3/20211105_L3_L4_Counts/STARR_049_combine/outs/metrics_summary.csv",20210409,"STARR049",NA,8464,"P101521",35280,298609920,0.0971397380115092,3074024350,"SI-GA-F7","CGTGCAGA, AACAAGAT, TCGCTTCG, GTATGCTC","N/A","N/A",3.26,494,"10",25,"S4 150PE","UTA_NovaSeq S4 lane","UTA","SequencingFiles_3","20211105_UTA_L3_L4_cbcl","20211105_L3_fastq_single"
20211105,"L3",2590729371,8.7,-1,"STARR_049","STARR",59,"SequencingFiles_3","20211105_L3_L4_Counts",101,"STARR_049_2nd",8068,27918,2748,225241675,97.5,39.3,94.5,93.3,NA,93.8,96.5,89.7,7.9,61.7,20.2,73.2,6.5,77.7,27314,6466,"no","Original",20211117,"Jia","NovaSeq","/media/jianie/SequencingFiles_3/20211105_L3_L4_Counts/STARR_049_2nd/outs/molecule_info.h5","/media/jianie/","/outs/","molecule_info.h5","metrics_summary.csv","/media/jianie/SequencingFiles_3/20211105_L3_L4_Counts/STARR_049_2nd/outs/metrics_summary.csv",20210409,"STARR049",NA,8464,"P101521",35280,298609920,0.0971397380115092,3074024350,"SI-GA-F7","CGTGCAGA, AACAAGAT, TCGCTTCG, GTATGCTC","N/A","N/A",3.26,494,"10",25,"S4 150PE","UTA_NovaSeq S4 lane","UTA","SequencingFiles_3","20211105_UTA_L3_L4_cbcl","20211105_L3_fastq_single"
20210830,"L3",2672906593,11.9,-2.4,"STARR_051","STARR",54,"Seagate_SequencingFiles_2","20210830_L3_counts_dual",88,"STARR_051",9287,34393,2645,319404242,97.6,40,95.3,93.9,NA,94.3,94.7,88.8,8.1,59.9,20.8,68.9,9.8,65.7,27771,5931,"no","Original",NA,"Jia","NovaSeq","/media/jianie/Seagate_SequencingFiles_2/20210830_L3_counts_dual/STARR_051/outs/molecule_info.h5","/media/jianie/","/outs/","molecule_info.h5","metrics_summary.csv","/media/jianie/Seagate_SequencingFiles_2/20210830_L3_counts_dual/STARR_051/outs/metrics_summary.csv",20210713,"STARR051","10x31182",10000,"P08232021",42800,4.28e+08,0.143,2.996e+09,"SI-TT-C7","CGCGCACTTA","SI-TT-C7","AGAATACAGG",2.84,498,"8.6",50,"S4 150PE","UTA_NovaSeq S4 lane","UTA","Seagate_SequencingFiles_2","20210830_UTA_NovaSeq_L3_cbcl","20210830_L3_fastq_dual"
20211105,"L3",2590729371,NA,NA,"STARR_051","STARR",63,"SequencingFiles_3","20211105_L3_L4_Counts",112,"STARR_051_combine",10180,65165,3150,663376635,97.6,56.9,94.8,93.5,NA,94,94.6,88.6,8.1,59.7,20.7,68.7,9.8,66.6,28487,7778,"no",NA,20211117,"Jia","NovaSeq","/media/jianie/SequencingFiles_3/20211105_L3_L4_Counts/STARR_051_combine/outs/molecule_info.h5","/media/jianie/","/outs/","molecule_info.h5","metrics_summary.csv","/media/jianie/SequencingFiles_3/20211105_L3_L4_Counts/STARR_051_combine/outs/metrics_summary.csv",20210713,"STARR051","10x31182",9287,"P101521",65607,609292209,0.198206695727703,3074024350,"SI-TT-C7","CGCGCACTTA","SI-TT-C7","AGAATACAGG",3.26,494,"10",25,"S4 150PE","UTA_NovaSeq S4 lane","UTA","SequencingFiles_3","20211105_UTA_L3_L4_cbcl","20211105_L3_fastq_dual"
20211105,"L3",2590729371,13.3,-6.5,"STARR_051","STARR",63,"SequencingFiles_3","20211105_L3_L4_Counts",105,"STARR_051_2nd",9335,36848,2688,343972393,97.6,42.3,94.4,93,NA,93.6,94.5,88.4,8.1,59.7,20.6,68.5,9.8,65.3,27862,6055,"no","Original",20211117,"Jia","NovaSeq","/media/jianie/SequencingFiles_3/20211105_L3_L4_Counts/STARR_051_2nd/outs/molecule_info.h5","/media/jianie/","/outs/","molecule_info.h5","metrics_summary.csv","/media/jianie/SequencingFiles_3/20211105_L3_L4_Counts/STARR_051_2nd/outs/metrics_summary.csv",20210713,"STARR051","10x31182",9287,"P101521",65607,609292209,0.198206695727703,3074024350,"SI-TT-C7","CGCGCACTTA","SI-TT-C7","AGAATACAGG",3.26,494,"10",25,"S4 150PE","UTA_NovaSeq S4 lane","UTA","SequencingFiles_3","20211105_UTA_L3_L4_cbcl","20211105_L3_fastq_dual"
20220616,"L1",2901329438,NA,NA,"STARR_059","STARR",73,"SequencingFiles_3","20220616_L1_Counts",233,"STARR_059_force5782",5782,122118,2574,706088154,97.6,82.4,96,93.1,NA,95.3,92.9,84.7,8.6,49,27.1,57,17.7,73.7,28625,5650,NA,NA,20220802,"Jia","NovaSeq","/media/jianie/SequencingFiles_3/20220616_L1_Counts/STARR_059_force5782/outs/molecule_info.h5","/media/jianie/","/outs/","molecule_info.h5","metrics_summary.csv","/media/jianie/SequencingFiles_3/20220616_L1_Counts/STARR_059_force5782/outs/metrics_summary.csv",20211028,"STARR059",NA,10000,"P20220001",70000,7e+08,0.236902666847164,2954800000,"SI-TT-D4","GCAGTATAGG","SI-TT-D4","GTGCACGGAA",5.24,454,"20",20,"S4 150PE","UTA_NovaSeq S4 lane","UTA","SequencingFiles_3","20220616_L1_cbcl","20220616_L1_fastq_dual"
20220616,"L1",2901329438,24.3,0.6,"STARR_059","STARR",73,"SequencingFiles_3","20220616_L1_Counts",133,"STARR_059",5804,121655,2567,706088154,97.6,82.4,96,93.1,NA,95.3,92.9,84.7,8.6,49,27.1,57,17.7,73.6,28628,5640,NA,"Original",20220624,"Jia","NovaSeq","/media/jianie/SequencingFiles_3/20220616_L1_Counts/STARR_059/outs/molecule_info.h5","/media/jianie/","/outs/","molecule_info.h5","metrics_summary.csv","/media/jianie/SequencingFiles_3/20220616_L1_Counts/STARR_059/outs/metrics_summary.csv",20211028,"STARR059",NA,10000,"P20220001",70000,7e+08,0.236902666847164,2954800000,"SI-TT-D4","GCAGTATAGG","SI-TT-D4","GTGCACGGAA",5.24,454,"20",20,"S4 150PE","UTA_NovaSeq S4 lane","UTA","SequencingFiles_3","20220616_L1_cbcl","20220616_L1_fastq_dual"
20220616,"L1",2901329438,22.7,-1,"STARR_060","STARR",74,"SequencingFiles_3","20220616_L1_Counts",134,"STARR_060",13939,47277,2069,658998404,96.1,65.9,96.2,94,NA,95.5,96,90.5,8.8,57.9,23.8,48.5,32,77.7,29285,4076,NA,"Original",20220624,"Jia","NovaSeq","/media/jianie/SequencingFiles_3/20220616_L1_Counts/STARR_060/outs/molecule_info.h5","/media/jianie/","/outs/","molecule_info.h5","metrics_summary.csv","/media/jianie/SequencingFiles_3/20220616_L1_Counts/STARR_060/outs/metrics_summary.csv",20211111,"STARR060",NA,10000,"P20220001",70000,7e+08,0.236902666847164,2954800000,"SI-TT-D7","CCTGTCAGGG","SI-TT-D7","GTTACGGGCT",5.24,454,"20",20,"S4 150PE","UTA_NovaSeq S4 lane","UTA","SequencingFiles_3","20220616_L1_cbcl","20220616_L1_fastq_dual"
20220722,"L3",3022916505,NA,NA,"STARR_060","STARR",115,"SequencingFiles_4","20220715_Counts",245,"STARR_060_combine_force9963",9963,141257,3050,1407347538,96.1,79.1,96.1,93.3,NA,95.4,95.8,90.3,8.8,57.7,23.8,48.3,31.9,72.1,29603,7369,NA,NA,20220810,"Jia","NovaSeq","/media/jianie/SequencingFiles_4/20220715_Counts/STARR_060_combine_force9963/outs/molecule_info.h5","/media/jianie/","/outs/","molecule_info.h5","metrics_summary.csv","/media/jianie/SequencingFiles_4/20220715_Counts/STARR_060_combine_force9963/outs/metrics_summary.csv",20211111,"STARR_060",NA,13939,"P20220010",47723,665210897,0.251783420752951,2641996423,"SI-TT-D7","CCTGTCAGGG","index2_workflow_b(i5)","GTTACGGGCT",3.27,470,"10",30,"S4 150PE","UTA_NovaSeq S4 lane","UTA","SequencingFiles_5","20220722_L3_L4_cbcl","20220722_L10_fastq"
20220722,"L3",3022916505,NA,NA,"STARR_060","STARR",115,"SequencingFiles_4","20220715_Counts",206,"STARR_060_combine",14743,95459,2359,1407347538,96.1,79.1,96.1,93.3,NA,95.4,95.8,90.3,8.8,57.7,23.8,48.3,31.9,78,29770,4895,NA,NA,20220720,"Jia","NovaSeq","/media/jianie/SequencingFiles_4/20220715_Counts/STARR_060_combine/outs/molecule_info.h5","/media/jianie/","/outs/","molecule_info.h5","metrics_summary.csv","/media/jianie/SequencingFiles_4/20220715_Counts/STARR_060_combine/outs/metrics_summary.csv",20211111,"STARR_060",NA,13939,"P20220010",47723,665210897,0.251783420752951,2641996423,"SI-TT-D7","CCTGTCAGGG","index2_workflow_b(i5)","GTTACGGGCT",3.27,470,"10",30,"S4 150PE","UTA_NovaSeq S4 lane","UTA","SequencingFiles_5","20220722_L3_L4_cbcl","20220722_L10_fastq"
20220722,"L3",3022916505,NA,NA,"STARR_060","STARR",115,"SequencingFiles_4","20220715_Counts",216,"STARR_060_combine_force12000",12000,117279,2724,1407347538,96.1,79.1,96.1,93.3,NA,95.4,95.8,90.3,8.8,57.7,23.8,48.3,31.9,75.9,29719,6222,NA,NA,20220820,"Jia","NovaSeq","/media/jianie/SequencingFiles_4/20220715_Counts/STARR_060_combine_force12000/outs/molecule_info.h5","/media/jianie/","/outs/","molecule_info.h5","metrics_summary.csv","/media/jianie/SequencingFiles_4/20220715_Counts/STARR_060_combine_force12000/outs/metrics_summary.csv",20211111,"STARR_060",NA,13939,"P20220010",47723,665210897,0.251783420752951,2641996423,"SI-TT-D7","CCTGTCAGGG","index2_workflow_b(i5)","GTTACGGGCT",3.27,470,"10",30,"S4 150PE","UTA_NovaSeq S4 lane","UTA","SequencingFiles_5","20220722_L3_L4_cbcl","20220722_L10_fastq"
20220722,"L3",3022916505,24.8,-0.4,"STARR_060","STARR",115,"SequencingFiles_4","20220715_Counts",197,"STARR_060_2nd",14085,53131,2139,748349134,96.1,67.8,96,92.6,NA,95.4,95.6,90,8.8,57.5,23.7,48.1,31.8,77.8,29480,4271,NA,"Original",20220720,"Jia","NovaSeq","/media/jianie/SequencingFiles_4/20220715_Counts/STARR_060_2nd/outs/molecule_info.h5","/media/jianie/","/outs/","molecule_info.h5","metrics_summary.csv","/media/jianie/SequencingFiles_4/20220715_Counts/STARR_060_2nd/outs/metrics_summary.csv",20211111,"STARR_060",NA,13939,"P20220010",47723,665210897,0.251783420752951,2641996423,"SI-TT-D7","CCTGTCAGGG","index2_workflow_b(i5)","GTTACGGGCT",3.27,470,"10",30,"S4 150PE","UTA_NovaSeq S4 lane","UTA","SequencingFiles_5","20220722_L3_L4_cbcl","20220722_L10_fastq"
20220616,"L1",2901329438,18.1,-5.6,"STARR_063","STARR",75,"SequencingFiles_3","20220616_L1_Counts",135,"STARR_063",9511,55184,2315,524854542,98.1,59.5,96.1,94.5,NA,95.5,96,89.1,9.1,59.3,20.7,64.1,14.1,72.5,28578,4972,NA,"Original",20220624,"Jia","NovaSeq","/media/jianie/SequencingFiles_3/20220616_L1_Counts/STARR_063/outs/molecule_info.h5","/media/jianie/","/outs/","molecule_info.h5","metrics_summary.csv","/media/jianie/SequencingFiles_3/20220616_L1_Counts/STARR_063/outs/metrics_summary.csv",20211210,"STARR063",NA,10000,"P20220001",70000,7e+08,0.236902666847164,2954800000,"SI-TT-H3","CCCGTTCTCG","SI-TT-H3","CCAATCCGTC",5.24,454,"20",20,"S4 150PE","UTA_NovaSeq S4 lane","UTA","SequencingFiles_3","20220616_L1_cbcl","20220616_L1_fastq_dual"
20220722,"L3",3022916505,NA,NA,"STARR_063","STARR",113,"SequencingFiles_4","20220715_Counts",204,"STARR_063_combine",10375,82685,2530,857858458,98.2,68.3,96,94,NA,95.5,95.8,88.9,9.1,59.1,20.7,63.9,14.1,73,29072,5615,NA,NA,20220720,"Jia","NovaSeq","/media/jianie/SequencingFiles_4/20220715_Counts/STARR_063_combine/outs/molecule_info.h5","/media/jianie/","/outs/","molecule_info.h5","metrics_summary.csv","/media/jianie/SequencingFiles_4/20220715_Counts/STARR_063_combine/outs/metrics_summary.csv",20211210,"STARR_063",NA,9511,"P20220010",39816,378689976,0.14333477998051,2641996423,"SI-TT-H3","CCCGTTCTCG","index2_workflow_b(i5)","CCAATCCGTC",3.27,470,"10",30,"S4 150PE","UTA_NovaSeq S4 lane","UTA","SequencingFiles_5","20220722_L3_L4_cbcl","20220722_L10_fastq"
20220722,"L3",3022916505,11,-3.3,"STARR_063","STARR",113,"SequencingFiles_4","20220715_Counts",195,"STARR_063_2nd",8966,37141,2094,333003916,98.1,49.3,96,93.2,NA,95.4,95.6,88.6,9.1,58.8,20.7,63.7,14,72.2,28296,4232,NA,"Original",20220720,"Jia","NovaSeq","/media/jianie/SequencingFiles_4/20220715_Counts/STARR_063_2nd/outs/molecule_info.h5","/media/jianie/","/outs/","molecule_info.h5","metrics_summary.csv","/media/jianie/SequencingFiles_4/20220715_Counts/STARR_063_2nd/outs/metrics_summary.csv",20211210,"STARR_063",NA,9511,"P20220010",39816,378689976,0.14333477998051,2641996423,"SI-TT-H3","CCCGTTCTCG","index2_workflow_b(i5)","CCAATCCGTC",3.27,470,"10",30,"S4 150PE","UTA_NovaSeq S4 lane","UTA","SequencingFiles_5","20220722_L3_L4_cbcl","20220722_L10_fastq"
20220722,"L3",3022916505,NA,NA,"STARR_063","STARR",113,"SequencingFiles_4","20220715_Counts",226,"STARR_063_combine_force9500",9500,90301,2677,857858458,98.2,68.3,96,94,NA,95.5,95.8,88.9,9.1,59.1,20.7,63.9,14.1,73,29032,6224,NA,NA,20220802,"Jia","NovaSeq","/media/jianie/SequencingFiles_4/20220715_Counts/STARR_063_combine_force9500/outs/molecule_info.h5","/media/jianie/","/outs/","molecule_info.h5","metrics_summary.csv","/media/jianie/SequencingFiles_4/20220715_Counts/STARR_063_combine_force9500/outs/metrics_summary.csv",20211210,"STARR_063",NA,9511,"P20220010",39816,378689976,0.14333477998051,2641996423,"SI-TT-H3","CCCGTTCTCG","index2_workflow_b(i5)","CCAATCCGTC",3.27,470,"10",30,"S4 150PE","UTA_NovaSeq S4 lane","UTA","SequencingFiles_5","20220722_L3_L4_cbcl","20220722_L10_fastq"
20220722,"L3",3022916505,NA,NA,"STARR_063","STARR",113,"SequencingFiles_4","20220715_Counts",256,"STARR_063_combine_force7705",7705,111338,3027,857858458,98.2,68.3,96,94,NA,95.5,95.8,88.9,9.1,59.1,20.7,63.9,14.1,71.1,28971,7715,NA,NA,20220815,"Jia","NovaSeq","/media/jianie/SequencingFiles_4/20220715_Counts/STARR_063_combine_force7705/outs/molecule_info.h5","/media/jianie/","/outs/","molecule_info.h5","metrics_summary.csv","/media/jianie/SequencingFiles_4/20220715_Counts/STARR_063_combine_force7705/outs/metrics_summary.csv",20211210,"STARR_063",NA,9511,"P20220010",39816,378689976,0.14333477998051,2641996423,"SI-TT-H3","CCCGTTCTCG","index2_workflow_b(i5)","CCAATCCGTC",3.27,470,"10",30,"S4 150PE","UTA_NovaSeq S4 lane","UTA","SequencingFiles_5","20220722_L3_L4_cbcl","20220722_L10_fastq"
20220616,"L2",2970891112,23.8,-1.2,"STARR_069","STARR",86,"SequencingFiles_3","20220620_Counts",146,"STARR_069",8650,81582,2669,705685439,98,76.7,95.7,93.7,NA,95.1,96.6,91.1,7.8,58.6,24.8,62.7,18.9,84.5,28935,6350,NA,"Original",20220624,"Jia","NovaSeq","/media/jianie/SequencingFiles_3/20220620_Counts/STARR_069/outs/molecule_info.h5","/media/jianie/","/outs/","molecule_info.h5","metrics_summary.csv","/media/jianie/SequencingFiles_3/20220620_Counts/STARR_069/outs/metrics_summary.csv",20220311,"STARR_069",NA,10000,"P20220004",70000,7e+08,0.25,2.8e+09,"SI-TT-A1","GTAACATGCG","SI-TT-A1","AGGTAACACT",3.06,493,"10",30,"S4 150PE","UTA_NovaSeq S4 lane","UTA","SequencingFiles_3","20220616_L1_cbcl","20220620_20220004_fastq"
20220722,"L3",3022916505,NA,NA,"STARR_069","STARR",114,"SequencingFiles_4","20220715_Counts",252,"STARR_069_combine_force8231",8231,97235,2767,800342375,98,78.8,95.8,93.5,NA,95.1,96.5,91,7.8,58.5,24.7,62.7,18.9,84.3,29019,6741,NA,NA,20220810,"Jia","NovaSeq","/media/jianie/SequencingFiles_4/20220715_Counts/STARR_069_combine_force8231/outs/molecule_info.h5","/media/jianie/","/outs/","molecule_info.h5","metrics_summary.csv","/media/jianie/SequencingFiles_4/20220715_Counts/STARR_069_combine_force8231/outs/metrics_summary.csv",20220311,"STARR_069",NA,8650,"P20220010",13418,116065700,0.0439310587211949,2641996423,"SI-TT-A1","GTAACATGCG","index2_workflow_b(i5)","AGGTAACACT",3.27,470,"10",30,"S4 150PE","UTA_NovaSeq S4 lane","UTA","SequencingFiles_5","20220722_L3_L4_cbcl","20220722_L10_fastq"
20220722,"L3",3022916505,NA,NA,"STARR_069","STARR",114,"SequencingFiles_4","20220715_Counts",205,"STARR_069_combine",8699,92004,2706,800342375,98,78.8,95.8,93.5,NA,95.1,96.5,91,7.8,58.5,24.7,62.7,18.9,84.6,29024,6474,NA,NA,20220720,"Jia","NovaSeq","/media/jianie/SequencingFiles_4/20220715_Counts/STARR_069_combine/outs/molecule_info.h5","/media/jianie/","/outs/","molecule_info.h5","metrics_summary.csv","/media/jianie/SequencingFiles_4/20220715_Counts/STARR_069_combine/outs/metrics_summary.csv",20220311,"STARR_069",NA,8650,"P20220010",13418,116065700,0.0439310587211949,2641996423,"SI-TT-A1","GTAACATGCG","index2_workflow_b(i5)","AGGTAACACT",3.27,470,"10",30,"S4 150PE","UTA_NovaSeq S4 lane","UTA","SequencingFiles_5","20220722_L3_L4_cbcl","20220722_L10_fastq"
20220722,"L3",3022916505,NA,NA,"STARR_069","STARR",114,"SequencingFiles_4","20220715_Counts",225,"STARR_069_combine_force8500",8500,94158,2735,800342375,98,78.8,95.8,93.5,NA,95.1,96.5,91,7.8,58.5,24.7,62.7,18.9,84.5,29022,6601,NA,NA,20220802,"Jia","NovaSeq","/media/jianie/SequencingFiles_4/20220715_Counts/STARR_069_combine_force8500/outs/molecule_info.h5","/media/jianie/","/outs/","molecule_info.h5","metrics_summary.csv","/media/jianie/SequencingFiles_4/20220715_Counts/STARR_069_combine_force8500/outs/metrics_summary.csv",20220311,"STARR_069",NA,8650,"P20220010",13418,116065700,0.0439310587211949,2641996423,"SI-TT-A1","GTAACATGCG","index2_workflow_b(i5)","AGGTAACACT",3.27,470,"10",30,"S4 150PE","UTA_NovaSeq S4 lane","UTA","SequencingFiles_5","20220722_L3_L4_cbcl","20220722_L10_fastq"
20220722,"L3",3022916505,3.1,-1.3,"STARR_069","STARR",114,"SequencingFiles_4","20220715_Counts",196,"STARR_069_2nd",7631,12404,1562,94656936,98.1,31.6,96,92.3,NA,95.5,96.2,90.6,7.8,58.1,24.7,62.3,18.8,83.8,27242,2817,NA,"Original",20220720,"Jia","NovaSeq","/media/jianie/SequencingFiles_4/20220715_Counts/STARR_069_2nd/outs/molecule_info.h5","/media/jianie/","/outs/","molecule_info.h5","metrics_summary.csv","/media/jianie/SequencingFiles_4/20220715_Counts/STARR_069_2nd/outs/metrics_summary.csv",20220311,"STARR_069",NA,8650,"P20220010",13418,116065700,0.0439310587211949,2641996423,"SI-TT-A1","GTAACATGCG","index2_workflow_b(i5)","AGGTAACACT",3.27,470,"10",30,"S4 150PE","UTA_NovaSeq S4 lane","UTA","SequencingFiles_5","20220722_L3_L4_cbcl","20220722_L10_fastq"
20220616,"L2",2970891112,22.1,-2.9,"STARR_071","STARR",85,"SequencingFiles_3","20220620_Counts",145,"STARR_071",13279,49482,2899,657075869,98,58.1,95.8,94.5,NA,95.2,95.9,89.5,7.8,54.2,27.5,64.3,15.7,72,29202,6572,NA,"Original",20220624,"Jia","NovaSeq","/media/jianie/SequencingFiles_3/20220620_Counts/STARR_071/outs/molecule_info.h5","/media/jianie/","/outs/","molecule_info.h5","metrics_summary.csv","/media/jianie/SequencingFiles_3/20220620_Counts/STARR_071/outs/metrics_summary.csv",20220304,"STARR_071",NA,10000,"P20220004",70000,7e+08,0.25,2.8e+09,"SI_TT_H12","TGATGATTCA","SI_TT_H12","CGACTCCTAC",3.06,493,"10",30,"S4 150PE","UTA_NovaSeq S4 lane","UTA","SequencingFiles_3","20220616_L1_cbcl","20220620_20220004_fastq"
20220722,"L4",3069499968,20.2,-2.1,"STARR_071","STARR",119,"SequencingFiles_4","20220715_Counts",201,"STARR_071_2nd",13175,46986,2862,619035620,98,56.7,96.1,94.3,NA,95.6,95.8,89.4,7.8,54,27.6,64.2,15.7,71.9,29212,6435,NA,"Original",20220720,"Jia","NovaSeq","/media/jianie/SequencingFiles_4/20220715_Counts/STARR_071_2nd/outs/molecule_info.h5","/media/jianie/","/outs/","molecule_info.h5","metrics_summary.csv","/media/jianie/SequencingFiles_4/20220715_Counts/STARR_071_2nd/outs/metrics_summary.csv",20220304,"STARR_071",NA,13279,"P20220011",45518,604433522,0.223433630117804,2705203875,"SI-TT-H12","TGATGATTCA","index2_workflow_b(i5)","CGACTCCTAC",3.23,480,"10",30,"S4 150PE","UTA_NovaSeq S4 lane","UTA","SequencingFiles_5","20220722_L3_L4_cbcl","20220722_L11_fastq"
20220722,"L4",3069499968,NA,NA,"STARR_071","STARR",119,"SequencingFiles_4","20220715_Counts",253,"STARR_071_combine_force11350",11350,112433,3590,1276111489,98,72.5,96,94.4,NA,95.4,95.9,89.4,7.8,54.1,27.5,64.3,15.7,70.8,29588,9295,NA,NA,20220810,"Jia","NovaSeq","/media/jianie/SequencingFiles_4/20220715_Counts/STARR_071_combine_force11350/outs/molecule_info.h5","/media/jianie/","/outs/","molecule_info.h5","metrics_summary.csv","/media/jianie/SequencingFiles_4/20220715_Counts/STARR_071_combine_force11350/outs/metrics_summary.csv",20220304,"STARR_071",NA,13279,"P20220011",45518,604433522,0.223433630117804,2705203875,"SI-TT-H12","TGATGATTCA","index2_workflow_b(i5)","CGACTCCTAC",3.23,480,"10",30,"S4 150PE","UTA_NovaSeq S4 lane","UTA","SequencingFiles_5","20220722_L3_L4_cbcl","20220722_L11_fastq"
20220722,"L4",3069499968,NA,NA,"STARR_071","STARR",119,"SequencingFiles_4","20220715_Counts",210,"STARR_071_combine",15126,84365,3102,1276111489,98,72.5,96,94.4,NA,95.4,95.9,89.4,7.8,54.1,27.5,64.3,15.7,72.8,29653,7172,NA,NA,20220720,"Jia","NovaSeq","/media/jianie/SequencingFiles_4/20220715_Counts/STARR_071_combine/outs/molecule_info.h5","/media/jianie/","/outs/","molecule_info.h5","metrics_summary.csv","/media/jianie/SequencingFiles_4/20220715_Counts/STARR_071_combine/outs/metrics_summary.csv",20220304,"STARR_071",NA,13279,"P20220011",45518,604433522,0.223433630117804,2705203875,"SI-TT-H12","TGATGATTCA","index2_workflow_b(i5)","CGACTCCTAC",3.23,480,"10",30,"S4 150PE","UTA_NovaSeq S4 lane","UTA","SequencingFiles_5","20220722_L3_L4_cbcl","20220722_L11_fastq"
20220722,"L4",3069499968,NA,NA,"STARR_071","STARR",119,"SequencingFiles_4","20220715_Counts",224,"STARR_071_combine_force12000",12000,106343,3495,1276111489,98,72.5,96,94.4,NA,95.4,95.9,89.4,7.8,54.1,27.5,64.3,15.7,71.4,29611,8917,NA,NA,20220802,"Jia","NovaSeq","/media/jianie/SequencingFiles_4/20220715_Counts/STARR_071_combine_force12000/outs/molecule_info.h5","/media/jianie/","/outs/","molecule_info.h5","metrics_summary.csv","/media/jianie/SequencingFiles_4/20220715_Counts/STARR_071_combine_force12000/outs/metrics_summary.csv",20220304,"STARR_071",NA,13279,"P20220011",45518,604433522,0.223433630117804,2705203875,"SI-TT-H12","TGATGATTCA","index2_workflow_b(i5)","CGACTCCTAC",3.23,480,"10",30,"S4 150PE","UTA_NovaSeq S4 lane","UTA","SequencingFiles_5","20220722_L3_L4_cbcl","20220722_L11_fastq"
20220616,"L2",2970891112,29.6,4.6,"STARR_072","STARR",88,"SequencingFiles_3","20220620_Counts",148,"STARR_072",12639,69661,2524,880447206,98.1,68.6,96.1,94.2,NA,95.5,96.5,91.3,8.4,60.8,22,64.5,16.6,81.5,29555,5528,NA,"Original",20220624,"Jia","NovaSeq","/media/jianie/SequencingFiles_3/20220620_Counts/STARR_072/outs/molecule_info.h5","/media/jianie/","/outs/","molecule_info.h5","metrics_summary.csv","/media/jianie/SequencingFiles_3/20220620_Counts/STARR_072/outs/metrics_summary.csv",20220325,"STARR_072",NA,10000,"P20220004",70000,7e+08,0.25,2.8e+09,"SI-TT-A3","CACTACGAAA","SI-TT-A3","ATCAGTCTAA",3.06,493,"10",30,"S4 150PE","UTA_NovaSeq S4 lane","UTA","SequencingFiles_3","20220616_L1_cbcl","20220620_20220004_fastq"
20220722,"L3",3022916505,NA,NA,"STARR_072","STARR",116,"SequencingFiles_4","20220715_Counts",254,"STARR_072_combine_force13147",13147,99921,2630,1313660155,98.1,76.3,96.1,93.8,NA,95.5,96.3,91.1,8.4,60.7,22,64.3,16.6,81.9,29810,5861,NA,NA,20220810,"Jia","NovaSeq","/media/jianie/SequencingFiles_4/20220715_Counts/STARR_072_combine_force13147/outs/molecule_info.h5","/media/jianie/","/outs/","molecule_info.h5","metrics_summary.csv","/media/jianie/SequencingFiles_4/20220715_Counts/STARR_072_combine_force13147/outs/metrics_summary.csv",20220325,"STARR_072",NA,12639,"P20220010",25339,320259621,0.121218794322342,2641996423,"SI-TT-A3","CACTACGAAA","index2_workflow_b(i5)","ATCAGTCTAA",3.27,470,"10",30,"S4 150PE","UTA_NovaSeq S4 lane","UTA","SequencingFiles_5","20220722_L3_L4_cbcl","20220722_L10_fastq"
20220722,"L3",3022916505,14.3,2.2,"STARR_072","STARR",116,"SequencingFiles_4","20220715_Counts",198,"STARR_072_2nd",10930,39635,2314,433212949,98.1,52,96.2,92.8,NA,95.6,96,90.7,8.4,60.3,21.9,64,16.5,81.1,29160,4895,NA,"Original",20220720,"Jia","NovaSeq","/media/jianie/SequencingFiles_4/20220715_Counts/STARR_072_2nd/outs/molecule_info.h5","/media/jianie/","/outs/","molecule_info.h5","metrics_summary.csv","/media/jianie/SequencingFiles_4/20220715_Counts/STARR_072_2nd/outs/metrics_summary.csv",20220325,"STARR_072",NA,12639,"P20220010",25339,320259621,0.121218794322342,2641996423,"SI-TT-A3","CACTACGAAA","index2_workflow_b(i5)","ATCAGTCTAA",3.27,470,"10",30,"S4 150PE","UTA_NovaSeq S4 lane","UTA","SequencingFiles_5","20220722_L3_L4_cbcl","20220722_L10_fastq"
20220722,"L3",3022916505,NA,NA,"STARR_072","STARR",116,"SequencingFiles_4","20220715_Counts",207,"STARR_072_combine",14682,89474,2402,1313660155,98.1,76.3,96.1,93.8,NA,95.5,96.3,91.1,8.4,60.7,22,64.3,16.6,81.9,29825,5022,NA,NA,20220720,"Jia","NovaSeq","/media/jianie/SequencingFiles_4/20220715_Counts/STARR_072_combine/outs/molecule_info.h5","/media/jianie/","/outs/","molecule_info.h5","metrics_summary.csv","/media/jianie/SequencingFiles_4/20220715_Counts/STARR_072_combine/outs/metrics_summary.csv",20220325,"STARR_072",NA,12639,"P20220010",25339,320259621,0.121218794322342,2641996423,"SI-TT-A3","CACTACGAAA","index2_workflow_b(i5)","ATCAGTCTAA",3.27,470,"10",30,"S4 150PE","UTA_NovaSeq S4 lane","UTA","SequencingFiles_5","20220722_L3_L4_cbcl","20220722_L10_fastq"
20220722,"L3",3022916505,NA,NA,"STARR_072","STARR",116,"SequencingFiles_4","20220715_Counts",223,"STARR_072_combine_force12000",12000,109472,2790,1313660155,98.1,76.3,96.1,93.8,NA,95.5,96.3,91.1,8.4,60.7,22,64.3,16.6,81.5,29808,6508,NA,NA,20220802,"Jia","NovaSeq","/media/jianie/SequencingFiles_4/20220715_Counts/STARR_072_combine_force12000/outs/molecule_info.h5","/media/jianie/","/outs/","molecule_info.h5","metrics_summary.csv","/media/jianie/SequencingFiles_4/20220715_Counts/STARR_072_combine_force12000/outs/metrics_summary.csv",20220325,"STARR_072",NA,12639,"P20220010",25339,320259621,0.121218794322342,2641996423,"SI-TT-A3","CACTACGAAA","index2_workflow_b(i5)","ATCAGTCTAA",3.27,470,"10",30,"S4 150PE","UTA_NovaSeq S4 lane","UTA","SequencingFiles_5","20220722_L3_L4_cbcl","20220722_L10_fastq"
20220616,"L2",2970891112,24.5,-0.5,"STARR_073","STARR",87,"SequencingFiles_3","20220620_Counts",147,"STARR_073",19468,37378,2119,727682598,97.7,55.7,95.8,93.4,NA,95.2,95.8,87.2,9,55.8,22.3,63.5,12.9,46.2,28567,3744,NA,"Original",20220624,"Jia","NovaSeq","/media/jianie/SequencingFiles_3/20220620_Counts/STARR_073/outs/molecule_info.h5","/media/jianie/","/outs/","molecule_info.h5","metrics_summary.csv","/media/jianie/SequencingFiles_3/20220620_Counts/STARR_073/outs/metrics_summary.csv",20220318,"STARR_073",NA,10000,"P20220004",70000,7e+08,0.25,2.8e+09,"SI-TT-A2","GTGGATCAAA","SI-TT-A2","CAGGGTTGGC",3.06,493,"10",30,"S4 150PE","UTA_NovaSeq S4 lane","UTA","SequencingFiles_3","20220616_L1_cbcl","20220620_20220004_fastq"
20220722,"L4",3069499968,NA,NA,"STARR_073","STARR",120,"SequencingFiles_4","20220715_Counts",222,"STARR_073_combine_force15000",15000,128271,2889,1924060757,97.6,76.1,95.9,93.1,NA,95.4,95.7,87.1,9,55.7,22.3,63.4,12.9,41.4,29057,5870,NA,NA,20220802,"Jia","NovaSeq","/media/jianie/SequencingFiles_4/20220715_Counts/STARR_073_combine_force15000/outs/molecule_info.h5","/media/jianie/","/outs/","molecule_info.h5","metrics_summary.csv","/media/jianie/SequencingFiles_4/20220715_Counts/STARR_073_combine_force15000/outs/metrics_summary.csv",20220318,"STARR_073",NA,19468,"P20220011",57622,1121785096,0.414676729679015,2705203875,"SI-TT-A2","GTGGATCAAA","index2_workflow_b(i5)","CAGGGTTGGC",3.23,480,"10",30,"S4 150PE","UTA_NovaSeq S4 lane","UTA","SequencingFiles_5","20220722_L3_L4_cbcl","20220722_L11_fastq"
20220722,"L4",3069499968,39,-2.5,"STARR_073","STARR",120,"SequencingFiles_4","20220715_Counts",202,"STARR_073_2nd",21157,56548,2379,1196378159,97.5,66.9,96,92.9,NA,95.5,95.7,87,9,55.7,22.3,63.4,12.8,48,29044,4396,NA,"Original",20220720,"Jia","NovaSeq","/media/jianie/SequencingFiles_4/20220715_Counts/STARR_073_2nd/outs/molecule_info.h5","/media/jianie/","/outs/","molecule_info.h5","metrics_summary.csv","/media/jianie/SequencingFiles_4/20220715_Counts/STARR_073_2nd/outs/metrics_summary.csv",20220318,"STARR_073",NA,19468,"P20220011",57622,1121785096,0.414676729679015,2705203875,"SI-TT-A2","GTGGATCAAA","index2_workflow_b(i5)","CAGGGTTGGC",3.23,480,"10",30,"S4 150PE","UTA_NovaSeq S4 lane","UTA","SequencingFiles_5","20220722_L3_L4_cbcl","20220722_L11_fastq"
20220722,"L4",3069499968,NA,NA,"STARR_073","STARR",120,"SequencingFiles_4","20220715_Counts",211,"STARR_073_combine",20461,94036,2660,1924060757,97.6,76.1,95.9,93.1,NA,95.4,95.7,87.1,9,55.7,22.3,63.4,12.9,47.1,29294,5155,NA,NA,20220720,"Jia","NovaSeq","/media/jianie/SequencingFiles_4/20220715_Counts/STARR_073_combine/outs/molecule_info.h5","/media/jianie/","/outs/","molecule_info.h5","metrics_summary.csv","/media/jianie/SequencingFiles_4/20220715_Counts/STARR_073_combine/outs/metrics_summary.csv",20220318,"STARR_073",NA,19468,"P20220011",57622,1121785096,0.414676729679015,2705203875,"SI-TT-A2","GTGGATCAAA","index2_workflow_b(i5)","CAGGGTTGGC",3.23,480,"10",30,"S4 150PE","UTA_NovaSeq S4 lane","UTA","SequencingFiles_5","20220722_L3_L4_cbcl","20220722_L11_fastq"
20220616,"L3",2990655352,21.7,1.7,"STARR_075","STARR",89,"SequencingFiles_3","20220620_Counts",149,"STARR_075",17131,37853,2187,648461411,98,61.2,96,94.5,NA,95.3,96.8,91.4,8.1,54.8,28.5,60.4,21.3,83.6,29422,4399,NA,"Original",20220624,"Jia","NovaSeq","/media/jianie/SequencingFiles_3/20220620_Counts/STARR_075/outs/molecule_info.h5","/media/jianie/","/outs/","molecule_info.h5","metrics_summary.csv","/media/jianie/SequencingFiles_3/20220620_Counts/STARR_075/outs/metrics_summary.csv",20220407,"STARR_075",NA,10000,"P20220005",60000,6e+08,0.2,3e+09,"SI-TT-A4","CTCTAGCGAG","SI-TT-A4","GATGAAGATA",3.21,492,"10",30,"S4 150PE","UTA_NovaSeq S4 lane","UTA","SequencingFiles_3","20220616_L1_cbcl","20220620_20220005_fastq"
20220722,"L4",3069499968,40.9,4.7,"STARR_075","STARR",121,"SequencingFiles_4","20220715_Counts",203,"STARR_075_2nd",18813,66661,2379,1254086189,97.9,75,96.1,94,NA,95.5,96.6,91.2,8.1,54.6,28.5,60.3,21.3,84.1,29829,4885,NA,"Original",20220720,"Jia","NovaSeq","/media/jianie/SequencingFiles_4/20220715_Counts/STARR_075_2nd/outs/molecule_info.h5","/media/jianie/","/outs/","molecule_info.h5","metrics_summary.csv","/media/jianie/SequencingFiles_4/20220715_Counts/STARR_075_2nd/outs/metrics_summary.csv",20220407,"STARR_075",NA,17131,"P20220011",57147,978985257,0.361889640203181,2705203875,"SI-TT-A4","CTCTAGCGAG","index2_workflow_b(i5)","GATGAAGATA",3.23,480,"10",30,"S4 150PE","UTA_NovaSeq S4 lane","UTA","SequencingFiles_5","20220722_L3_L4_cbcl","20220722_L11_fastq"
20220722,"L4",3069499968,NA,NA,"STARR_075","STARR",121,"SequencingFiles_4","20220715_Counts",227,"STARR_075_combine_force18000",18000,105697,2613,1902547600,97.9,81.7,96.1,94.2,NA,95.5,96.6,91.2,8.1,54.7,28.5,60.3,21.3,84.1,29999,5610,NA,NA,20220802,"Jia","NovaSeq","/media/jianie/SequencingFiles_4/20220715_Counts/STARR_075_combine_force18000/outs/molecule_info.h5","/media/jianie/","/outs/","molecule_info.h5","metrics_summary.csv","/media/jianie/SequencingFiles_4/20220715_Counts/STARR_075_combine_force18000/outs/metrics_summary.csv",20220407,"STARR_075",NA,17131,"P20220011",57147,978985257,0.361889640203181,2705203875,"SI-TT-A4","CTCTAGCGAG","index2_workflow_b(i5)","GATGAAGATA",3.23,480,"10",30,"S4 150PE","UTA_NovaSeq S4 lane","UTA","SequencingFiles_5","20220722_L3_L4_cbcl","20220722_L11_fastq"
20220722,"L4",3069499968,NA,NA,"STARR_075","STARR",121,"SequencingFiles_4","20220715_Counts",212,"STARR_075_combine",19897,95620,2449,1902547600,97.9,81.7,96.1,94.2,NA,95.5,96.6,91.2,8.1,54.7,28.5,60.3,21.3,84.3,30007,5038,NA,NA,20220720,"Jia","NovaSeq","/media/jianie/SequencingFiles_4/20220715_Counts/STARR_075_combine/outs/molecule_info.h5","/media/jianie/","/outs/","molecule_info.h5","metrics_summary.csv","/media/jianie/SequencingFiles_4/20220715_Counts/STARR_075_combine/outs/metrics_summary.csv",20220407,"STARR_075",NA,17131,"P20220011",57147,978985257,0.361889640203181,2705203875,"SI-TT-A4","CTCTAGCGAG","index2_workflow_b(i5)","GATGAAGATA",3.23,480,"10",30,"S4 150PE","UTA_NovaSeq S4 lane","UTA","SequencingFiles_5","20220722_L3_L4_cbcl","20220722_L11_fastq"
20220722,"L4",3069499968,NA,NA,"STARR_075","STARR",121,"SequencingFiles_4","20220715_Counts",255,"STARR_075_combine_force18736",18736,101545,2553,1902547600,97.9,81.7,96.1,94.2,NA,95.5,96.6,91.2,8.1,54.7,28.5,60.3,21.3,84.4,30002,5392,NA,NA,20220815,"Jia","NovaSeq","/media/jianie/SequencingFiles_4/20220715_Counts/STARR_075_combine_force18736/outs/molecule_info.h5","/media/jianie/","/outs/","molecule_info.h5","metrics_summary.csv","/media/jianie/SequencingFiles_4/20220715_Counts/STARR_075_combine_force18736/outs/metrics_summary.csv",20220407,"STARR_075",NA,17131,"P20220011",57147,978985257,0.361889640203181,2705203875,"SI-TT-A4","CTCTAGCGAG","index2_workflow_b(i5)","GATGAAGATA",3.23,480,"10",30,"S4 150PE","UTA_NovaSeq S4 lane","UTA","SequencingFiles_5","20220722_L3_L4_cbcl","20220722_L11_fastq"
20220616,"L3",2990655352,22.1,2.1,"STARR_077","STARR",90,"SequencingFiles_3","20220620_Counts",150,"STARR_077",12248,54059,2908,662115461,98,63.8,96.1,94.2,NA,95.5,96.3,90.5,8.7,59.1,22.7,62.4,17.6,81.7,29570,6699,NA,"Original",20220624,"Jia","NovaSeq","/media/jianie/SequencingFiles_3/20220620_Counts/STARR_077/outs/molecule_info.h5","/media/jianie/","/outs/","molecule_info.h5","metrics_summary.csv","/media/jianie/SequencingFiles_3/20220620_Counts/STARR_077/outs/metrics_summary.csv",20220428,"STARR_077",NA,10000,"P20220005",60000,6e+08,0.2,3e+09,"SI-TT-A5","GTAGCCCTGT","SI-TT-A5","ATAGATGCTC",3.21,492,"10",30,"S4 150PE","UTA_NovaSeq S4 lane","UTA","SequencingFiles_3","20220616_L1_cbcl","20220620_20220005_fastq"
20220722,"L3",3022916505,NA,NA,"STARR_077","STARR",117,"SequencingFiles_4","20220715_Counts",208,"STARR_077_combine",13057,101696,3175,1327847231,98,77.2,96.1,93.3,NA,95.5,96,90.1,8.7,58.8,22.6,62.2,17.5,81.9,30013,7714,"Yes",NA,20220720,"Jia","NovaSeq","/media/jianie/SequencingFiles_4/20220715_Counts/STARR_077_combine/outs/molecule_info.h5","/media/jianie/","/outs/","molecule_info.h5","metrics_summary.csv","/media/jianie/SequencingFiles_4/20220715_Counts/STARR_077_combine/outs/metrics_summary.csv",20220428,"STARR_077",NA,12248,"P20220010",40941,501445368,0.189797898148025,2641996423,"SI-TT-A5","GTAGCCCTGT","index2_workflow_b(i5)","ATAGATGCTC",3.27,470,"10",30,"S4 150PE","UTA_NovaSeq S4 lane","UTA","SequencingFiles_5","20220722_L3_L4_cbcl","20220722_L10_fastq"
20220722,"L3",3022916505,22,3,"STARR_077","STARR",117,"SequencingFiles_4","20220715_Counts",199,"STARR_077_2nd",12306,54098,2886,665731770,98,63.8,96.1,92.5,NA,95.5,95.7,89.8,8.7,58.5,22.6,61.9,17.5,81.8,29669,6623,NA,"Original",20220720,"Jia","NovaSeq","/media/jianie/SequencingFiles_4/20220715_Counts/STARR_077_2nd/outs/molecule_info.h5","/media/jianie/","/outs/","molecule_info.h5","metrics_summary.csv","/media/jianie/SequencingFiles_4/20220715_Counts/STARR_077_2nd/outs/metrics_summary.csv",20220428,"STARR_077",NA,12248,"P20220010",40941,501445368,0.189797898148025,2641996423,"SI-TT-A5","GTAGCCCTGT","index2_workflow_b(i5)","ATAGATGCTC",3.27,470,"10",30,"S4 150PE","UTA_NovaSeq S4 lane","UTA","SequencingFiles_5","20220722_L3_L4_cbcl","20220722_L10_fastq"
20220718,"L4",2979725847,NA,NA,"STARR_077_10","STARR",112,"SequencingFiles_4","20220715_Counts",234,"STARR_077_10_force12248",12248,205620,3900,2518432258,95.4,81.2,95.7,93.5,NA,95.3,96,87.1,7.5,52.8,26.7,58.5,19.5,56.1,30224,9454,NA,NA,20220802,"Jia","NovaSeq","/media/jianie/SequencingFiles_4/20220715_Counts/STARR_077_10_force12248/outs/molecule_info.h5","/media/jianie/","/outs/","molecule_info.h5","metrics_summary.csv","/media/jianie/SequencingFiles_4/20220715_Counts/STARR_077_10_force12248/outs/metrics_summary.csv",20220616,"STARR_077_10",NA,10000,"P20220009",50000,5e+08,0.1693,2954088919,"SI-TT-A1","GTAACATGCG","index2_workflow_b(i5)","AGGTAACACT",2.97,450,"10",30,"S4 150PE","UTA_NovaSeq S4 lane","UTA","SequencingFiles_5","20220718_L3_L4_cbcl","20220718_L9_fastq"
20220718,"L4",2979725847,84.5,67.6,"STARR_077_10","STARR",112,"SequencingFiles_4","20220715_Counts",194,"STARR_077_10",15923,158163,3379,2518432258,95.4,81.2,95.7,93.5,NA,95.3,96,87.1,7.5,52.8,26.7,58.5,19.5,59.5,30311,7277,NA,"Original",20220720,"Jia","NovaSeq","/media/jianie/SequencingFiles_4/20220715_Counts/STARR_077_10/outs/molecule_info.h5","/media/jianie/","/outs/","molecule_info.h5","metrics_summary.csv","/media/jianie/SequencingFiles_4/20220715_Counts/STARR_077_10/outs/metrics_summary.csv",20220616,"STARR_077_10",NA,10000,"P20220009",50000,5e+08,0.1693,2954088919,"SI-TT-A1","GTAACATGCG","index2_workflow_b(i5)","AGGTAACACT",2.97,450,"10",30,"S4 150PE","UTA_NovaSeq S4 lane","UTA","SequencingFiles_5","20220718_L3_L4_cbcl","20220718_L9_fastq"
20220616,"L3",2990655352,17,-3,"STARR_077_FZ","STARR",91,"SequencingFiles_3","20220620_Counts",151,"STARR_077_FZ",30618,16613,1993,508658790,97.7,42.7,95.9,93.7,NA,95.3,96.7,90.9,7.3,53.6,30,61.6,20.3,79.4,30125,3403,NA,"Original",20220624,"Jia","NovaSeq","/media/jianie/SequencingFiles_3/20220620_Counts/STARR_077_FZ/outs/molecule_info.h5","/media/jianie/","/outs/","molecule_info.h5","metrics_summary.csv","/media/jianie/SequencingFiles_3/20220620_Counts/STARR_077_FZ/outs/metrics_summary.csv",20220428,"STARR_077_FZ",NA,10000,"P20220005",60000,6e+08,0.2,3e+09,"SI-TT-A6","TAACGCGTGA","SI-TT-A6","GAAGTTAGGG",3.21,492,"10",30,"S4 150PE","UTA_NovaSeq S4 lane","UTA","SequencingFiles_3","20220616_L1_cbcl","20220620_20220005_fastq"
20220616,"L3",2990655352,NA,NA,"STARR_077_FZ","STARR",91,"SequencingFiles_3","20220620_Counts",166,"STARR_077_FZ_force12248",12248,41530,3130,508658790,97.7,42.7,95.9,93.7,NA,95.3,96.7,90.9,7.3,53.6,30,61.6,20.3,56.1,29544,6900,NA,NA,20220624,"Jia","NovaSeq","/media/jianie/SequencingFiles_3/20220620_Counts/STARR_077_FZ_force12248/outs/molecule_info.h5","/media/jianie/","/outs/","molecule_info.h5","metrics_summary.csv","/media/jianie/SequencingFiles_3/20220620_Counts/STARR_077_FZ_force12248/outs/metrics_summary.csv",20220428,"STARR_077_FZ",NA,10000,"P20220005",60000,6e+08,0.2,3e+09,"SI-TT-A6","TAACGCGTGA","SI-TT-A6","GAAGTTAGGG",3.21,492,"10",30,"S4 150PE","UTA_NovaSeq S4 lane","UTA","SequencingFiles_3","20220616_L1_cbcl","20220620_20220005_fastq"
20220616,"L3",2990655352,NA,NA,"STARR_077_FZ","STARR",91,"SequencingFiles_3","20220620_Counts",171,"STARR_077_FZ_force18417",18417,27619,2677,508658790,97.7,42.7,95.9,93.7,NA,95.3,96.7,90.9,7.3,53.6,30,61.6,20.3,68.1,29878,5370,NA,NA,20220624,"Jia","NovaSeq","/media/jianie/SequencingFiles_3/20220620_Counts/STARR_077_FZ_force18417/outs/molecule_info.h5","/media/jianie/","/outs/","molecule_info.h5","metrics_summary.csv","/media/jianie/SequencingFiles_3/20220620_Counts/STARR_077_FZ_force18417/outs/metrics_summary.csv",20220428,"STARR_077_FZ",NA,10000,"P20220005",60000,6e+08,0.2,3e+09,"SI-TT-A6","TAACGCGTGA","SI-TT-A6","GAAGTTAGGG",3.21,492,"10",30,"S4 150PE","UTA_NovaSeq S4 lane","UTA","SequencingFiles_3","20220616_L1_cbcl","20220620_20220005_fastq"
20220616,"L3",2990655352,NA,NA,"STARR_077_LS","STARR",92,"SequencingFiles_3","20220620_Counts",167,"STARR_077_LS_force12248",12248,47550,2805,582394578,97.1,45.7,96.1,94,NA,95.5,96.3,91.2,7.9,58.1,25.3,47.1,35,75.3,30098,5670,NA,NA,20220624,"Jia","NovaSeq","/media/jianie/SequencingFiles_3/20220620_Counts/STARR_077_LS_force12248/outs/molecule_info.h5","/media/jianie/","/outs/","molecule_info.h5","metrics_summary.csv","/media/jianie/SequencingFiles_3/20220620_Counts/STARR_077_LS_force12248/outs/metrics_summary.csv",20220428,"STARR_077_LS",NA,10000,"P20220005",60000,6e+08,0.2,3e+09,"SI-TT-A7","TCCCAAGGGT","SI-TT-A7","AAAGGTAGTA",3.21,492,"10",30,"S4 150PE","UTA_NovaSeq S4 lane","UTA","SequencingFiles_3","20220616_L1_cbcl","20220620_20220005_fastq"
20220616,"L3",2990655352,19.5,-0.5,"STARR_077_LS","STARR",92,"SequencingFiles_3","20220620_Counts",152,"STARR_077_LS",18417,31623,1977,582394578,97.1,45.7,96.1,94,NA,95.5,96.3,91.2,7.9,58.1,25.3,47.1,35,79.7,30201,3348,NA,"Original",20220624,"Jia","NovaSeq","/media/jianie/SequencingFiles_3/20220620_Counts/STARR_077_LS/outs/molecule_info.h5","/media/jianie/","/outs/","molecule_info.h5","metrics_summary.csv","/media/jianie/SequencingFiles_3/20220620_Counts/STARR_077_LS/outs/metrics_summary.csv",20220428,"STARR_077_LS",NA,10000,"P20220005",60000,6e+08,0.2,3e+09,"SI-TT-A7","TCCCAAGGGT","SI-TT-A7","AAAGGTAGTA",3.21,492,"10",30,"S4 150PE","UTA_NovaSeq S4 lane","UTA","SequencingFiles_3","20220616_L1_cbcl","20220620_20220005_fastq"
20220616,"L3",2990655352,19.7,-0.3,"STARR_079","STARR",93,"SequencingFiles_3","20220620_Counts",153,"STARR_079",13151,44789,2460,589025112,97.9,61.3,96,94.4,NA,95.5,96.4,90.2,8.4,60.2,21.6,61.9,18.2,84.2,29102,5474,NA,"Original",20220624,"Jia","NovaSeq","/media/jianie/SequencingFiles_3/20220620_Counts/STARR_079/outs/molecule_info.h5","/media/jianie/","/outs/","molecule_info.h5","metrics_summary.csv","/media/jianie/SequencingFiles_3/20220620_Counts/STARR_079/outs/metrics_summary.csv",20220505,"STARR_079",NA,10000,"P20220005",60000,6e+08,0.2,3e+09,"SI-TT-A8","CGAAGTATAC","SI-TT-A8","CTCCAAGTTC",3.21,492,"10",30,"S4 150PE","UTA_NovaSeq S4 lane","UTA","SequencingFiles_3","20220616_L1_cbcl","20220620_20220005_fastq"
20220722,"L3",3022916505,24.7,-0.3,"STARR_079","STARR",118,"SequencingFiles_4","20220715_Counts",200,"STARR_079_2nd",13513,55351,2550,747961800,97.9,66.2,96,92.6,NA,95.5,95.7,89.5,8.4,59.6,21.5,61.3,18.1,84.4,29418,5768,NA,"Original",20220720,"Jia","NovaSeq","/media/jianie/SequencingFiles_4/20220715_Counts/STARR_079_2nd/outs/molecule_info.h5","/media/jianie/","/outs/","molecule_info.h5","metrics_summary.csv","/media/jianie/SequencingFiles_4/20220715_Counts/STARR_079_2nd/outs/metrics_summary.csv",20220505,"STARR_079",NA,13151,"P20220010",50211,660324861,0.249934048074977,2641996423,"SI-TT-A8","CGAAGTATAC","index2_workflow_b(i5)","CTCCAAGTTC",3.27,470,"10",30,"S4 150PE","UTA_NovaSeq S4 lane","UTA","SequencingFiles_5","20220722_L3_L4_cbcl","20220722_L10_fastq"
20220722,"L3",3022916505,NA,NA,"STARR_079","STARR",118,"SequencingFiles_4","20220715_Counts",221,"STARR_079_combine_force12000",12000,111416,3108,1336986912,97.9,77,96,93.4,NA,95.5,96,89.8,8.4,59.9,21.6,61.6,18.2,83.8,29689,8010,NA,NA,20220802,"Jia","NovaSeq","/media/jianie/SequencingFiles_4/20220715_Counts/STARR_079_combine_force12000/outs/molecule_info.h5","/media/jianie/","/outs/","molecule_info.h5","metrics_summary.csv","/media/jianie/SequencingFiles_4/20220715_Counts/STARR_079_combine_force12000/outs/metrics_summary.csv",20220505,"STARR_079",NA,13151,"P20220010",50211,660324861,0.249934048074977,2641996423,"SI-TT-A8","CGAAGTATAC","index2_workflow_b(i5)","CTCCAAGTTC",3.27,470,"10",30,"S4 150PE","UTA_NovaSeq S4 lane","UTA","SequencingFiles_5","20220722_L3_L4_cbcl","20220722_L10_fastq"
20220722,"L3",3022916505,NA,NA,"STARR_079","STARR",118,"SequencingFiles_4","20220715_Counts",209,"STARR_079_combine",14252,93810,2765,1336986912,97.9,77,96,93.4,NA,95.5,96,89.8,8.4,59.9,21.6,61.6,18.2,84.6,29717,6526,"Yes",NA,20220720,"Jia","NovaSeq","/media/jianie/SequencingFiles_4/20220715_Counts/STARR_079_combine/outs/molecule_info.h5","/media/jianie/","/outs/","molecule_info.h5","metrics_summary.csv","/media/jianie/SequencingFiles_4/20220715_Counts/STARR_079_combine/outs/metrics_summary.csv",20220505,"STARR_079",NA,13151,"P20220010",50211,660324861,0.249934048074977,2641996423,"SI-TT-A8","CGAAGTATAC","index2_workflow_b(i5)","CTCCAAGTTC",3.27,470,"10",30,"S4 150PE","UTA_NovaSeq S4 lane","UTA","SequencingFiles_5","20220722_L3_L4_cbcl","20220722_L10_fastq"
20220722,"L3",3022916505,NA,NA,"STARR_079","STARR",118,"SequencingFiles_4","20220715_Counts",246,"STARR_079_combine_force13464",13464,99301,2865,1336986912,97.9,77,96,93.4,NA,95.5,96,89.8,8.4,59.9,21.6,61.6,18.2,84.5,29708,7014,NA,NA,20220810,"Jia","NovaSeq","/media/jianie/SequencingFiles_4/20220715_Counts/STARR_079_combine_force13464/outs/molecule_info.h5","/media/jianie/","/outs/","molecule_info.h5","metrics_summary.csv","/media/jianie/SequencingFiles_4/20220715_Counts/STARR_079_combine_force13464/outs/metrics_summary.csv",20220505,"STARR_079",NA,13151,"P20220010",50211,660324861,0.249934048074977,2641996423,"SI-TT-A8","CGAAGTATAC","index2_workflow_b(i5)","CTCCAAGTTC",3.27,470,"10",30,"S4 150PE","UTA_NovaSeq S4 lane","UTA","SequencingFiles_5","20220722_L3_L4_cbcl","20220722_L10_fastq"
20220715,"L4",2686871619,17.8,-2.2,"STARR_080","STARR",99,"SequencingFiles_4","20220715_Counts",181,"STARR_080",9025,53065,636,478908775,97.9,75.6,95.9,94.7,NA,95.7,95.5,88.2,8.8,57.3,22.1,63.8,13.9,75.4,28351,787,NA,"Original",20220720,"Jia","NovaSeq","/media/jianie/SequencingFiles_4/20220715_Counts/STARR_080/outs/molecule_info.h5","/media/jianie/","/outs/","molecule_info.h5","metrics_summary.csv","/media/jianie/SequencingFiles_4/20220715_Counts/STARR_080/outs/metrics_summary.csv",20220517,"STARR_080",NA,10000,"P20220007",60000,6e+08,0.2,3e+09,"SI-TT-B10","GCCCGATGGA","SI-TT-B10","CTAGACGATT",3.02,520,"10",30,"S4 150PE","UTA_NovaSeq S4 lane","UTA","SequencingFiles_5","20220715_L3_L4_cbcl","20220715_L7_fastq"
20220715,"L4",2686871619,NA,NA,"STARR_080","STARR",99,"SequencingFiles_4","20220715_Counts",229,"STARR_080_force5000",5000,95782,2823,478908775,97.9,75.6,95.9,94.7,NA,95.7,95.5,88.2,8.8,57.3,22.1,63.8,13.9,73,28275,6461,NA,NA,20220802,"Jia","NovaSeq","/media/jianie/SequencingFiles_4/20220715_Counts/STARR_080_force5000/outs/molecule_info.h5","/media/jianie/","/outs/","molecule_info.h5","metrics_summary.csv","/media/jianie/SequencingFiles_4/20220715_Counts/STARR_080_force5000/outs/metrics_summary.csv",20220517,"STARR_080",NA,10000,"P20220007",60000,6e+08,0.2,3e+09,"SI-TT-B10","GCCCGATGGA","SI-TT-B10","CTAGACGATT",3.02,520,"10",30,"S4 150PE","UTA_NovaSeq S4 lane","UTA","SequencingFiles_5","20220715_L3_L4_cbcl","20220715_L7_fastq"
20220715,"L4",2686871619,NA,NA,"STARR_080","STARR",99,"SequencingFiles_4","20220715_Counts",217,"STARR_080_force8000",8000,59864,741,478908775,97.9,75.6,95.9,94.7,NA,95.7,95.5,88.2,8.8,57.3,22.1,63.8,13.9,76.1,28344,1005,"Yes",NA,20220802,"Jia","NovaSeq","/media/jianie/SequencingFiles_4/20220715_Counts/STARR_080_force8000/outs/molecule_info.h5","/media/jianie/","/outs/","molecule_info.h5","metrics_summary.csv","/media/jianie/SequencingFiles_4/20220715_Counts/STARR_080_force8000/outs/metrics_summary.csv",20220517,"STARR_080",NA,10000,"P20220007",60000,6e+08,0.2,3e+09,"SI-TT-B10","GCCCGATGGA","SI-TT-B10","CTAGACGATT",3.02,520,"10",30,"S4 150PE","UTA_NovaSeq S4 lane","UTA","SequencingFiles_5","20220715_L3_L4_cbcl","20220715_L7_fastq"
20220715,"L4",2686871619,NA,NA,"STARR_080","STARR",99,"SequencingFiles_4","20220715_Counts",244,"STARR_080_force4315",4315,110987,3169,478908775,97.9,75.6,95.9,94.7,NA,95.7,95.5,88.2,8.8,57.3,22.1,63.8,13.9,72.2,28247,8085,NA,NA,20220810,"Jia","NovaSeq","/media/jianie/SequencingFiles_4/20220715_Counts/STARR_080_force4315/outs/molecule_info.h5","/media/jianie/","/outs/","molecule_info.h5","metrics_summary.csv","/media/jianie/SequencingFiles_4/20220715_Counts/STARR_080_force4315/outs/metrics_summary.csv",20220517,"STARR_080",NA,10000,"P20220007",60000,6e+08,0.2,3e+09,"SI-TT-B10","GCCCGATGGA","SI-TT-B10","CTAGACGATT",3.02,520,"10",30,"S4 150PE","UTA_NovaSeq S4 lane","UTA","SequencingFiles_5","20220715_L3_L4_cbcl","20220715_L7_fastq"
20220715,"L4",2686871619,19.3,-0.7,"STARR_081","STARR",100,"SequencingFiles_4","20220715_Counts",182,"STARR_081",10076,51566,2128,519581313,97.1,73,95.8,93.4,NA,95.7,95.3,85.1,7.3,48.8,29,57.1,19.2,75.6,28664,4094,NA,"Original",20220720,"Jia","NovaSeq","/media/jianie/SequencingFiles_4/20220715_Counts/STARR_081/outs/molecule_info.h5","/media/jianie/","/outs/","molecule_info.h5","metrics_summary.csv","/media/jianie/SequencingFiles_4/20220715_Counts/STARR_081/outs/metrics_summary.csv",20220531,"STARR_081",NA,10000,"P20220007",60000,6e+08,0.2,3e+09,"SI-TT-C2","CAATCCCGAC","SI-TT-C2","TACTACTCGG",3.02,520,"10",30,"S4 150PE","UTA_NovaSeq S4 lane","UTA","SequencingFiles_5","20220715_L3_L4_cbcl","20220715_L7_fastq"
20220715,"L4",2686871619,18.4,-1.6,"STARR_082","STARR",101,"SequencingFiles_4","20220715_Counts",183,"STARR_082",14084,35167,1796,495291849,97.9,58.6,95.8,93.2,NA,95.7,95.2,88.6,8.1,63.2,17.3,66.1,12.5,60,28443,2954,NA,"Original",20220720,"Jia","NovaSeq","/media/jianie/SequencingFiles_4/20220715_Counts/STARR_082/outs/molecule_info.h5","/media/jianie/","/outs/","molecule_info.h5","metrics_summary.csv","/media/jianie/SequencingFiles_4/20220715_Counts/STARR_082/outs/metrics_summary.csv",20220607,"STARR_082",NA,10000,"P20220007",60000,6e+08,0.2,3e+09,"SI-TT-C3","ATGGCTTGTG","SI-TT-C3","CACAACATTC",3.02,520,"10",30,"S4 150PE","UTA_NovaSeq S4 lane","UTA","SequencingFiles_5","20220715_L3_L4_cbcl","20220715_L7_fastq"
20220715,"L4",2686871619,NA,NA,"STARR_082","STARR",101,"SequencingFiles_4","20220715_Counts",218,"STARR_082_force10000",10000,49529,2231,495291849,97.9,58.6,95.8,93.2,NA,95.7,95.2,88.6,8.1,63.2,17.3,66.1,12.5,57.1,28302,4266,NA,NA,20220802,"Jia","NovaSeq","/media/jianie/SequencingFiles_4/20220715_Counts/STARR_082_force10000/outs/molecule_info.h5","/media/jianie/","/outs/","molecule_info.h5","metrics_summary.csv","/media/jianie/SequencingFiles_4/20220715_Counts/STARR_082_force10000/outs/metrics_summary.csv",20220607,"STARR_082",NA,10000,"P20220007",60000,6e+08,0.2,3e+09,"SI-TT-C3","ATGGCTTGTG","SI-TT-C3","CACAACATTC",3.02,520,"10",30,"S4 150PE","UTA_NovaSeq S4 lane","UTA","SequencingFiles_5","20220715_L3_L4_cbcl","20220715_L7_fastq"
20220715,"L4",2686871619,24.4,4.4,"STARR_083","STARR",102,"SequencingFiles_4","20220715_Counts",184,"STARR_083",16806,39000,1592,655435984,97.1,64.9,95.8,93.1,NA,95.7,95.6,85,7.5,50.4,27.1,57,19,67,29106,2677,NA,"Original",20220720,"Jia","NovaSeq","/media/jianie/SequencingFiles_4/20220715_Counts/STARR_083/outs/molecule_info.h5","/media/jianie/","/outs/","molecule_info.h5","metrics_summary.csv","/media/jianie/SequencingFiles_4/20220715_Counts/STARR_083/outs/metrics_summary.csv",20220608,"STARR_083",NA,10000,"P20220007",60000,6e+08,0.2,3e+09,"SI-TT-C5","TCCGTTGGAT","SI-TT-C5","GCGAGAACGT",3.02,520,"10",30,"S4 150PE","UTA_NovaSeq S4 lane","UTA","SequencingFiles_5","20220715_L3_L4_cbcl","20220715_L7_fastq"
20220715,"L4",2686871619,NA,NA,"STARR_083","STARR",102,"SequencingFiles_4","20220715_Counts",219,"STARR_083_force10000",10000,65544,2605,655435984,97.1,64.9,95.8,93.1,NA,95.7,95.6,85,7.5,50.4,27.1,57,19,61.2,28845,5593,NA,NA,20220802,"Jia","NovaSeq","/media/jianie/SequencingFiles_4/20220715_Counts/STARR_083_force10000/outs/molecule_info.h5","/media/jianie/","/outs/","molecule_info.h5","metrics_summary.csv","/media/jianie/SequencingFiles_4/20220715_Counts/STARR_083_force10000/outs/metrics_summary.csv",20220608,"STARR_083",NA,10000,"P20220007",60000,6e+08,0.2,3e+09,"SI-TT-C5","TCCGTTGGAT","SI-TT-C5","GCGAGAACGT",3.02,520,"10",30,"S4 150PE","UTA_NovaSeq S4 lane","UTA","SequencingFiles_5","20220715_L3_L4_cbcl","20220715_L7_fastq"
20220715,"L4",2686871619,20,0,"STARR_085","STARR",103,"SequencingFiles_4","20220715_Counts",185,"STARR_085",10198,52721,1835,537653698,97.1,62,96,93.1,NA,95.9,95.5,90.8,9,58,23.8,51,29.5,76,29316,3279,NA,"Original",20220720,"Jia","NovaSeq","/media/jianie/SequencingFiles_4/20220715_Counts/STARR_085/outs/molecule_info.h5","/media/jianie/","/outs/","molecule_info.h5","metrics_summary.csv","/media/jianie/SequencingFiles_4/20220715_Counts/STARR_085/outs/metrics_summary.csv",20220622,"STARR_085",NA,10000,"P20220007",60000,6e+08,0.2,3e+09,"SI-TT-C6","ACGACTACCA","SI-TT-C6","TTAGGGTCGT",3.02,520,"10",30,"S4 150PE","UTA_NovaSeq S4 lane","UTA","SequencingFiles_5","20220715_L3_L4_cbcl","20220715_L7_fastq"
20220718,"L3",3002834824,NA,NA,"STARR_085_Bar","STARR",107,"SequencingFiles_4","20220715_Counts",220,"STARR_085_Bar_force10000",10000,254200,1378,2542002423,95.8,87.9,95.9,93,NA,95.4,95.6,90.2,9.1,61.5,19.6,46.3,33.5,83.8,29957,2014,NA,NA,20220802,"Jia","NovaSeq","/media/jianie/SequencingFiles_4/20220715_Counts/STARR_085_Bar_force10000/outs/molecule_info.h5","/media/jianie/","/outs/","molecule_info.h5","metrics_summary.csv","/media/jianie/SequencingFiles_4/20220715_Counts/STARR_085_Bar_force10000/outs/metrics_summary.csv",20220622,"STARR_085_Bar",NA,10000,"P20220008",40000,4e+08,0.1367,2925739924,"SI-TT-A2","GTGGATCAAA","index2_workflow_b(i5)","CAGGGTTGGC",3.2,450,"10",30,"S4 150PE","UTA_NovaSeq S4 lane","UTA","SequencingFiles_5","20220718_L3_L4_cbcl","20220718_L8_fastq"
20220718,"L3",3002834824,84.7,71,"STARR_085_Bar","STARR",107,"SequencingFiles_4","20220715_Counts",189,"STARR_085_Bar",6094,417132,3163,2542002423,95.8,87.9,95.9,93,NA,95.4,95.6,90.2,9.1,61.5,19.6,46.3,33.5,81.4,29914,7168,NA,"Original",20220720,"Jia","NovaSeq","/media/jianie/SequencingFiles_4/20220715_Counts/STARR_085_Bar/outs/molecule_info.h5","/media/jianie/","/outs/","molecule_info.h5","metrics_summary.csv","/media/jianie/SequencingFiles_4/20220715_Counts/STARR_085_Bar/outs/metrics_summary.csv",20220622,"STARR_085_Bar",NA,10000,"P20220008",40000,4e+08,0.1367,2925739924,"SI-TT-A2","GTGGATCAAA","index2_workflow_b(i5)","CAGGGTTGGC",3.2,450,"10",30,"S4 150PE","UTA_NovaSeq S4 lane","UTA","SequencingFiles_5","20220718_L3_L4_cbcl","20220718_L8_fastq"
20220718,"L3",3002834824,NA,NA,"STARR_085_Bar","STARR",107,"SequencingFiles_4","20220715_Counts",228,"STARR_085_Bar_force8000",8000,317750,2633,2542002423,95.8,87.9,95.9,93,NA,95.4,95.6,90.2,9.1,61.5,19.6,46.3,33.5,82.7,29930,5244,NA,NA,20220802,"Jia","NovaSeq","/media/jianie/SequencingFiles_4/20220715_Counts/STARR_085_Bar_force8000/outs/molecule_info.h5","/media/jianie/","/outs/","molecule_info.h5","metrics_summary.csv","/media/jianie/SequencingFiles_4/20220715_Counts/STARR_085_Bar_force8000/outs/metrics_summary.csv",20220622,"STARR_085_Bar",NA,10000,"P20220008",40000,4e+08,0.1367,2925739924,"SI-TT-A2","GTGGATCAAA","index2_workflow_b(i5)","CAGGGTTGGC",3.2,450,"10",30,"S4 150PE","UTA_NovaSeq S4 lane","UTA","SequencingFiles_5","20220718_L3_L4_cbcl","20220718_L8_fastq"
